Descriptor,Importance,Descriptor Type,Description,Class
PubchemFP461,0.0093179311212038,SMARTS patterns,O-C-C=N,FP
PubchemFP755,0.0062999522454379,SMARTS patterns 2,Cc1c(C)cccc1,FP
maxsBr,0.0048373800852892,ElectrotopologicalStateAtomTypeDescriptor,Maximum atom-type E-State: -Br,2D
nFG12HeteroRing,0.0039275677309804,RingCountDescriptor,"Number of >12-membered fused rings containing heteroatoms (N, O, P, S, or halogens)",2D
nFG12Ring,0.0038609151555618,RingCountDescriptor,Number of >12-membered fused rings,2D
PubchemFP193,0.0038607637859658,Chemical Rings,>= 3 saturated or aromatic carbon-only ring size 6,FP
PubchemFP494,0.0037634768156898,SMARTS patterns,O=C-C:N,FP
JGI7,0.0031616132310907,TopologicalChargeDescriptor,Mean topological charge index of order 7,2D
maxHBint6,0.0029327450465315,ElectrotopologicalStateAtomTypeDescriptor,Maximum E-State descriptors of strength for potential Hydrogen Bonds of path length 6,2D
PubchemFP737,0.002922320532267,SMARTS patterns 2,Cc1cc(N)ccc1,FP
E2m,0.0027310445245917,PaDELWHIMDescriptor,2nd component accessibility directional WHIM index / weighted by relative mass,3D
PubchemFP779,0.0026967888082232,SMARTS patterns 2,CC1CCC(N)CC1,FP
PubchemFP696,0.0026134841599914,SMARTS patterns,C-C-C-C-C-C-C-C,FP
AATSC8i,0.0024590957081735,AutocorrelationDescriptor,Average centered Broto-Moreau autocorrelation - lag 8 / weighted by first ionization potential,2D
nBr,0.002451451641307,AtomCountDescriptor,Number of bromine atoms,2D
PubchemFP759,0.0023031614578849,SMARTS patterns 2,Cc1c(Cl)cccc1,FP
RDF85p,0.0022735128946011,RDFDescriptor,Radial distribution function - 085 / weighted by relative polarizabilities,3D
GATS8i,0.0022541008044447,AutocorrelationDescriptor,Geary autocorrelation - lag 8 / weighted by first ionization potential,2D
ATSC8i,0.0022476301217536,AutocorrelationDescriptor,Centered Broto-Moreau autocorrelation - lag 8 / weighted by first ionization potential,2D
RDF85v,0.0021300361877462,RDFDescriptor,Radial distribution function - 085 / weighted by relative van der Waals volumes,3D
RDF20m,0.0020853508661488,RDFDescriptor,Radial distribution function - 020 / weighted by relative mass,3D
TDB9e,0.0020541329815949,Autocorrelation3DDescriptor,3D topological distance based autocorrelation - lag 9 / weighted by Sanderson electronegativities,3D
PubchemFP750,0.0019284644886481,SMARTS patterns 2,Nc1cc(Cl)ccc1,FP
VE2_Dt,0.0019065073306239,DetourMatrixDescriptor,Average coefficient sum of the last eigenvector from detour matrix,2D
PubchemFP705,0.0018879017413051,SMARTS patterns,O=C-C-C-C-C(O)-C,FP
E2p,0.0018812483119586,PaDELWHIMDescriptor,2nd component accessibility directional WHIM index / weighted by relative polarizabilities,3D
BCUTw-1l,0.0018674103340643,BCUTDescriptor,nhigh lowest atom weighted BCUTS ,2D
ATSC8c,0.0018502087290492,AutocorrelationDescriptor,Centered Broto-Moreau autocorrelation - lag 8 / weighted by charges,2D
RDF95m,0.0017815185460441,RDFDescriptor,Radial distribution function - 095 / weighted by relative mass,3D
maxHdsCH,0.0017530174558467,ElectrotopologicalStateAtomTypeDescriptor,Maximum atom-type H E-State: =CH-,2D
PubchemFP752,0.0017364681719451,SMARTS patterns 2,Clc1cc(Cl)ccc1,FP
SHBint6,0.0017298898689184,ElectrotopologicalStateAtomTypeDescriptor,Sum of E-State descriptors of strength for potential hydrogen bonds of path length 6,2D
Du,0.001664747148321,PaDELWHIMDescriptor,D total accessibility index / unweighted,3D
CIC3,0.0016336219445454,InformationContentDescriptor,Complementary information content index (neighborhood symmetry of 3-order),2D
GGI7,0.0015974168240186,TopologicalChargeDescriptor,Topological charge index of order 7,2D
RDF20i,0.001588593680484,RDFDescriptor,Radial distribution function - 020 / weighted by relative first ionization potential,3D
ALogp2,0.0015795806652436,,,
PubchemFP629,0.0015756748765266,SMARTS patterns,S-C:C:C-N,FP
ATSC2i,0.0015599391140203,AutocorrelationDescriptor,Centered Broto-Moreau autocorrelation - lag 2 / weighted by first ionization potential,2D
GATS6e,0.0015588325561535,AutocorrelationDescriptor,Geary autocorrelation - lag 6 / weighted by Sanderson electronegativities,2D
ATSC6e,0.0015386026220304,AutocorrelationDescriptor,Centered Broto-Moreau autocorrelation - lag 6 / weighted by Sanderson electronegativities,2D
nHBint6,0.0015292308162416,ElectrotopologicalStateAtomTypeDescriptor,Count of E-State descriptors of strength for potential Hydrogen Bonds of path length 6,2D
nHeteroRing,0.0014922169514356,RingCountDescriptor,"Number of rings containing heteroatoms (N, O, P, S, or halogens)",2D
nHBint8,0.0014835693033612,ElectrotopologicalStateAtomTypeDescriptor,Count of E-State descriptors of strength for potential Hydrogen Bonds of path length 8,2D
RDF125m,0.0014712114610692,RDFDescriptor,Radial distribution function - 125 / weighted by relative mass,3D
PubchemFP258,0.001466866899294,Chemical Rings,>= 2 hetero-aromatic rings,FP
nHBAcc,0.0014630611016903,PaDELHBondAcceptorCountDescriptor,Number of hydrogen bond acceptors (using CDK HBondAcceptorCountDescriptor algorithm),2D
maxHBint9,0.0014573805719045,ElectrotopologicalStateAtomTypeDescriptor,Maximum E-State descriptors of strength for potential Hydrogen Bonds of path length 9,2D
PubchemFP656,0.0014573250637802,SMARTS patterns,C-C-N-C-C,FP
GATS2s,0.0014205249508663,AutocorrelationDescriptor,Geary autocorrelation - lag 2 / weighted by I-state,2D
RDF85e,0.0014117940867441,RDFDescriptor,Radial distribution function - 085 / weighted by relative Sanderson electronegativities,3D
RDF15v,0.0013976297152207,RDFDescriptor,Radial distribution function - 015 / weighted by relative van der Waals volumes,3D
minsssCH,0.0013931782759442,ElectrotopologicalStateAtomTypeDescriptor,Minimum atom-type E-State: >CH-,2D
MPC5,0.0013928804547561,PathCountDescriptor,Molecular path count of order 5,2D
minsF,0.0013833575732143,ElectrotopologicalStateAtomTypeDescriptor,Minimum atom-type E-State: -F,2D
PubchemFP797,0.001368946482643,SMARTS patterns 2,CC1CC(C)CCC1,FP
ETA_EtaP_B_RC,0.0013567010303258,ExtendedTopochemicalAtomDescriptor,Branching index EtaB (with ring correction) relative to molecular size,2D
RDF50m,0.0013548187229574,RDFDescriptor,Radial distribution function - 050 / weighted by relative mass,3D
maxdsCH,0.0013445023414819,ElectrotopologicalStateAtomTypeDescriptor,Maximum atom-type E-State: =CH-,2D
SdsCH,0.0013444065170461,ElectrotopologicalStateAtomTypeDescriptor,Sum of atom-type E-State: =CH-,2D
SpMin1_Bhv,0.0013308949580329,BurdenModifiedEigenvaluesDescriptor,Smallest absolute eigenvalue of Burden modified matrix - n 1 / weighted by relative van der Waals volumes,2D
SHBint9,0.0013303468823099,ElectrotopologicalStateAtomTypeDescriptor,Sum of E-State descriptors of strength for potential hydrogen bonds of path length 9,2D
CIC4,0.0013278536925395,InformationContentDescriptor,Complementary information content index (neighborhood symmetry of 4-order),2D
TDB9i,0.0013203647771648,Autocorrelation3DDescriptor,3D topological distance based autocorrelation - lag 9 / weighted by first ionization potential,3D
ATSC2e,0.0013169477255886,AutocorrelationDescriptor,Centered Broto-Moreau autocorrelation - lag 2 / weighted by Sanderson electronegativities,2D
PubchemFP577,0.0013120337472854,SMARTS patterns,C:C-N-C:C,FP
PubchemFP703,0.0013090016659971,SMARTS patterns,O-C-C-C-C-C(N)-C,FP
BIC2,0.0013033126278092,InformationContentDescriptor,Bond information content index (neighborhood symmetry of 2-order),2D
RDF85i,0.0012908511464712,RDFDescriptor,Radial distribution function - 085 / weighted by relative first ionization potential,3D
PubchemFP702,0.0012762276817138,SMARTS patterns,O-C-C-C-C-C-N-C,FP
Dp,0.0012606812565924,PaDELWHIMDescriptor,D total accessibility index / weighted by relative polarizabilities,3D
SpMin8_Bhv,0.001253031915442,BurdenModifiedEigenvaluesDescriptor,Smallest absolute eigenvalue of Burden modified matrix - n 8 / weighted by relative van der Waals volumes,2D
ATSC3v,0.0012480296259561,AutocorrelationDescriptor,Centered Broto-Moreau autocorrelation - lag 3 / weighted by van der Waals volumes,2D
PubchemFP767,0.0012396851969922,SMARTS patterns 2,Sc1c(N)cccc1,FP
PubchemFP287,0.0012319201819469,Atom Pairs,C-F,FP
AATS8m,0.0012243621312448,AutocorrelationDescriptor,Average Broto-Moreau autocorrelation - lag 8 / weighted by mass,2D
RDF35e,0.0012152705752193,RDFDescriptor,Radial distribution function - 035 / weighted by relative Sanderson electronegativities,3D
DPSA-1,0.0012124357315621,CPSADescriptor,Difference of PPSA-1 and PNSA-1,3D
E1v,0.0011941083786809,PaDELWHIMDescriptor,1st component accessibility directional WHIM index / weighted by relative van der Waals volumes,3D
AATS0m,0.0011923939982219,AutocorrelationDescriptor,Average Broto-Moreau autocorrelation - lag 0 / weighted by mass,2D
PubchemFP440,0.0011831005300848,"Atom Neighborhoods (""-"", ""="", and ""#"" matches a single, double, and triple bond order)",C(-C)(-O)(=O),FP
AATSC7i,0.0011792910100394,AutocorrelationDescriptor,Average centered Broto-Moreau autocorrelation - lag 7 / weighted by first ionization potential,2D
minHdsCH,0.0011774265020657,ElectrotopologicalStateAtomTypeDescriptor,Minimum atom-type H E-State: =CH-,2D
SsOm,0.0011627282889846,ElectrotopologicalStateAtomTypeDescriptor,Sum of atom-type E-State: -O-,2D
ALogP,0.0011613672484306,ALOGPDescriptor,Ghose-Crippen LogKow,2D
RDF135p,0.0011524663609319,RDFDescriptor,Radial distribution function - 135 / weighted by relative polarizabilities,3D
BIC3,0.0011466165004874,InformationContentDescriptor,Bond information content index (neighborhood symmetry of 3-order),2D
VE3_Dt,0.0011371194924341,DetourMatrixDescriptor,Logarithmic coefficient sum of the last eigenvector from detour matrix,2D
ATSC2s,0.0011363574886881,AutocorrelationDescriptor,Centered Broto-Moreau autocorrelation - lag 2 / weighted by I-state,2D
maxsF,0.0011347796660303,ElectrotopologicalStateAtomTypeDescriptor,Maximum atom-type E-State: -F,2D
RDF15s,0.0011292876825591,RDFDescriptor,Radial distribution function - 015 / weighted by relative I-state,3D
CIC2,0.0011232335328426,InformationContentDescriptor,Complementary information content index (neighborhood symmetry of 2-order),2D
PubchemFP534,0.0011083625445643,SMARTS patterns,S-C:C-O,FP
RDF85m,0.0011054038507084,RDFDescriptor,Radial distribution function - 085 / weighted by relative mass,3D
PubchemFP404,0.0010933477529956,"Atom Nearest Neighbors (""~"" bond, "":""bond aromaticity)",N(:C)(:C)(:C),FP
SIC4,0.0010932382201885,InformationContentDescriptor,Structural information content index (neighborhood symmetry of 4-order),2D
RDF60e,0.0010818665219048,RDFDescriptor,Radial distribution function - 060 / weighted by relative Sanderson electronegativities,3D
PubchemFP489,0.0010694475348196,SMARTS patterns,N-C-S-C,FP
PubchemFP719,0.0010678668872697,SMARTS patterns 2,Oc1ccc(O)cc1,FP
RDF75s,0.0010661258049555,RDFDescriptor,Radial distribution function - 075 / weighted by relative I-state,3D
TDB8v,0.0010627760955126,Autocorrelation3DDescriptor,3D topological distance based autocorrelation - lag 8 / weighted by van der Waals volumes,3D
RDF70m,0.0010596413045813,RDFDescriptor,Radial distribution function - 070 / weighted by relative mass,3D
E1e,0.0010581064914733,PaDELWHIMDescriptor,1st component accessibility directional WHIM index / weighted by relative Sanderson electronegativities,3D
maxHBint3,0.0010530402528898,ElectrotopologicalStateAtomTypeDescriptor,Maximum E-State descriptors of strength for potential Hydrogen Bonds of path length 3,2D
Ds,0.0010485453278675,PaDELWHIMDescriptor,D total accessibility index / weighted by relative I-state,3D
mindsCH,0.0010485391091562,ElectrotopologicalStateAtomTypeDescriptor,Minimum atom-type E-State: =CH-,2D
ATS0i,0.0010459035551683,AutocorrelationDescriptor,Broto-Moreau autocorrelation - lag 0 / weighted by first ionization potential,2D
SpMin7_Bhs,0.0010429026097035,BurdenModifiedEigenvaluesDescriptor,Smallest absolute eigenvalue of Burden modified matrix - n 7 / weighted by relative I-state,2D
RDF80u,0.0010417954753398,RDFDescriptor,Radial distribution function - 080 / unweighted,3D
ntsC,0.0010363069357617,ElectrotopologicalStateAtomTypeDescriptor,Count of atom-type E-State: #C-,2D
SP-6,0.0010341468544944,PaDELChiPathDescriptor,"Simple path, order 6",2D
CIC1,0.001033668796568,InformationContentDescriptor,Complementary information content index (neighborhood symmetry of 1-order),2D
SHBint8,0.0010312067537458,ElectrotopologicalStateAtomTypeDescriptor,Sum of E-State descriptors of strength for potential hydrogen bonds of path length 8,2D
SHAvin,0.0010300935448748,ElectrotopologicalStateAtomTypeDescriptor,Sum of atom-type H E-State: H on C vinyl bonded to C aromatic,2D
SpMax3_Bhs,0.0010281914311245,BurdenModifiedEigenvaluesDescriptor,Largest absolute eigenvalue of Burden modified matrix - n 3 / weighted by relative I-state,2D
RDF20p,0.0010269115921062,RDFDescriptor,Radial distribution function - 020 / weighted by relative polarizabilities,3D
RDF85s,0.001026893090807,RDFDescriptor,Radial distribution function - 085 / weighted by relative I-state,3D
maxHBint5,0.001026253936303,ElectrotopologicalStateAtomTypeDescriptor,Maximum E-State descriptors of strength for potential Hydrogen Bonds of path length 5,2D
SpMax6_Bhi,0.0010234235664405,BurdenModifiedEigenvaluesDescriptor,Largest absolute eigenvalue of Burden modified matrix - n 6 / weighted by relative first ionization potential,2D
AATSC6e,0.0010196366216075,AutocorrelationDescriptor,Average centered Broto-Moreau autocorrelation - lag 6 / weighted by Sanderson electronegativities,2D
RDF70u,0.0010195923071801,RDFDescriptor,Radial distribution function - 070 / unweighted,3D
SsBr,0.0010092928767937,ElectrotopologicalStateAtomTypeDescriptor,Sum of atom-type E-State: -Br,2D
ATS4i,0.0010078510812277,AutocorrelationDescriptor,Broto-Moreau autocorrelation - lag 4 / weighted by first ionization potential,2D
PubchemFP397,0.0010001342596458,"Atom Nearest Neighbors (""~"" bond, "":""bond aromaticity)",N(~C)(:C)(:C),FP
SpMin6_Bhp,0.0009983201261737,BurdenModifiedEigenvaluesDescriptor,Smallest absolute eigenvalue of Burden modified matrix - n 6 / weighted by relative polarizabilities,2D
RDF35m,0.0009924525904344,RDFDescriptor,Radial distribution function - 035 / weighted by relative mass,3D
FNSA-1,0.000991939355513,CPSADescriptor,PNSA-1 / total molecular surface area,3D
PubchemFP445,0.0009836750708125,"Atom Neighborhoods (""-"", ""="", and ""#"" matches a single, double, and triple bond order)",C(-H)(-N)(=C),FP
TDB9s,0.0009814864500906,Autocorrelation3DDescriptor,3D topological distance based autocorrelation - lag 9 / weighted by I-state,3D
VR2_DzZ,0.0009802841756272,BaryszMatrixDescriptor,Normalized Randic-like eigenvector-based index from Barysz matrix / weighted by atomic number,2D
RDF90v,0.0009802527499619,RDFDescriptor,Radial distribution function - 090 / weighted by relative van der Waals volumes,3D
VPC-4,0.0009801681788168,ChiPathClusterDescriptor,"Valence path cluster, order 4",2D
ATSC6c,0.0009787666862,AutocorrelationDescriptor,Centered Broto-Moreau autocorrelation - lag 6 / weighted by charges,2D
PubchemFP633,0.0009739021658692,SMARTS patterns,N-C-C:C-C,FP
MATS1v,0.0009729585261888,AutocorrelationDescriptor,Moran autocorrelation - lag 1 / weighted by van der Waals volumes,2D
PubchemFP600,0.0009657386880999,SMARTS patterns,N-C:C:C-C,FP
RDF60u,0.0009646562466682,RDFDescriptor,Radial distribution function - 060 / unweighted,3D
RDF20e,0.0009637606679664,RDFDescriptor,Radial distribution function - 020 / weighted by relative Sanderson electronegativities,3D
MPC9,0.0009604565987871,PathCountDescriptor,Molecular path count of order 9,2D
VE1_Dt,0.0009604073125907,DetourMatrixDescriptor,Coefficient sum of the last eigenvector from detour matrix,2D
ATS7e,0.000951680768203,AutocorrelationDescriptor,Broto-Moreau autocorrelation - lag 7 / weighted by Sanderson electronegativities,2D
PubchemFP419,0.0009486884301319,"Atom Neighborhoods (""-"", ""="", and ""#"" matches a single, double, and triple bond order)",C#N,FP
RDF25u,0.0009418434020143,RDFDescriptor,Radial distribution function - 025 / unweighted,3D
AATSC0m,0.0009416193850287,AutocorrelationDescriptor,Average centered Broto-Moreau autocorrelation - lag 0 / weighted by mass,2D
RDF140m,0.0009414849583731,RDFDescriptor,Radial distribution function - 140 / weighted by relative mass,3D
SpDiam_DzZ,0.0009355009702908,BaryszMatrixDescriptor,Spectral diameter from Barysz matrix / weighted by atomic number,2D
L3m,0.0009320633414352,PaDELWHIMDescriptor,3rd component size directional WHIM index / weighted by relative mass,3D
SPC-6,0.0009315550123153,ChiPathClusterDescriptor,"Simple path cluster, order 6",2D
RDF20u,0.0009301614212643,RDFDescriptor,Radial distribution function - 020 / unweighted,3D
AATS3s,0.0009263062400323,AutocorrelationDescriptor,Average Broto-Moreau autocorrelation - lag 3 / weighted by I-state,2D
maxHAvin,0.0009229976756649,ElectrotopologicalStateAtomTypeDescriptor,Maximum atom-type H E-State: H on C vinyl bonded to C aromatic,2D
GATS1p,0.0009193372421062,AutocorrelationDescriptor,Geary autocorrelation - lag 1 / weighted by polarizabilities,2D
RDF90p,0.0009188803379128,RDFDescriptor,Radial distribution function - 090 / weighted by relative polarizabilities,3D
PubchemFP364,0.0009134619592946,"Atom Nearest Neighbors (""~"" bond, "":""bond aromaticity)",C(~F)(:C),FP
E2e,0.0009084583780857,PaDELWHIMDescriptor,2nd component accessibility directional WHIM index / weighted by relative Sanderson electronegativities,3D
E1i,0.0009076649261807,PaDELWHIMDescriptor,1st component accessibility directional WHIM index / weighted by relative first ionization potential,3D
JGI4,0.0009072420586441,TopologicalChargeDescriptor,Mean topological charge index of order 4,2D
PubchemFP618,0.0009049179144992,SMARTS patterns,C:C-C-C:C,FP
SIC3,0.0009046943940165,InformationContentDescriptor,Structural information content index (neighborhood symmetry of 3-order),2D
SpMin5_Bhi,0.0009016599372552,BurdenModifiedEigenvaluesDescriptor,Smallest absolute eigenvalue of Burden modified matrix - n 5 / weighted by relative first ionization potential,2D
PubchemFP734,0.0009008639142998,SMARTS patterns 2,Cc1cc(C)ccc1,FP
SpMax_Dzi,0.0009000479010521,BaryszMatrixDescriptor,Leading eigenvalue from Barysz matrix / weighted by first ionization potential,2D
RDF130u,0.000899297450509,RDFDescriptor,Radial distribution function - 130 / unweighted,3D
TDB10s,0.0008987085707964,Autocorrelation3DDescriptor,3D topological distance based autocorrelation - lag 10 / weighted by I-state,3D
RDF150i,0.0008956202167348,RDFDescriptor,Radial distribution function - 150 / weighted by relative first ionization potential,3D
SpMin1_Bhp,0.0008954764747247,BurdenModifiedEigenvaluesDescriptor,Smallest absolute eigenvalue of Burden modified matrix - n 1 / weighted by relative polarizabilities,2D
GATS7v,0.0008928420664346,AutocorrelationDescriptor,Geary autocorrelation - lag 7 / weighted by van der Waals volumes,2D
PubchemFP473,0.0008895856609654,SMARTS patterns,S-C:N:C,FP
RDF10e,0.0008862351514366,RDFDescriptor,Radial distribution function - 010 / weighted by relative Sanderson electronegativities,3D
PubchemFP34,0.0008858996444387,Element Counts,>= 2 S,FP
AATSC3v,0.0008834509633423,AutocorrelationDescriptor,Average centered Broto-Moreau autocorrelation - lag 3 / weighted by van der Waals volumes,2D
RDF75u,0.0008801981347689,RDFDescriptor,Radial distribution function - 075 / unweighted,3D
RDF75v,0.0008780859049099,RDFDescriptor,Radial distribution function - 075 / weighted by relative van der Waals volumes,3D
P1i,0.0008741504461543,PaDELWHIMDescriptor,1st component shape directional WHIM index / weighted by relative first ionization potential,3D
minHBint9,0.0008720329624795,ElectrotopologicalStateAtomTypeDescriptor,Minimum E-State descriptors of strength for potential Hydrogen Bonds of path length 9,2D
SpMin6_Bhe,0.0008714938865409,BurdenModifiedEigenvaluesDescriptor,Smallest absolute eigenvalue of Burden modified matrix - n 6 / weighted by relative Sanderson electronegativities,2D
RDF140v,0.0008683743268757,RDFDescriptor,Radial distribution function - 140 / weighted by relative van der Waals volumes,3D
ATS0v,0.0008672868721982,AutocorrelationDescriptor,Broto-Moreau autocorrelation - lag 0 / weighted by van der Waals volumes,2D
MATS7i,0.0008649083020423,AutocorrelationDescriptor,Moran autocorrelation - lag 7 / weighted by first ionization potential,2D
RDF105v,0.0008643152836767,RDFDescriptor,Radial distribution function - 105 / weighted by relative van der Waals volumes,3D
IC2,0.0008623782426114,InformationContentDescriptor,Information content index (neighborhood symmetry of 2-order),2D
ATSC8p,0.0008612949125101,AutocorrelationDescriptor,Centered Broto-Moreau autocorrelation - lag 8 / weighted by polarizabilities,2D
MATS3v,0.0008606599277704,AutocorrelationDescriptor,Moran autocorrelation - lag 3 / weighted by van der Waals volumes,2D
RDF115e,0.0008541812389312,RDFDescriptor,Radial distribution function - 115 / weighted by relative Sanderson electronegativities,3D
PubchemFP533,0.0008538101904537,SMARTS patterns,S-C:C-N,FP
AATSC2s,0.0008519175853728,AutocorrelationDescriptor,Average centered Broto-Moreau autocorrelation - lag 2 / weighted by I-state,2D
SpMax7_Bhi,0.0008487157076523,BurdenModifiedEigenvaluesDescriptor,Largest absolute eigenvalue of Burden modified matrix - n 7 / weighted by relative first ionization potential,2D
GRAVH-3,0.0008470084453485,GravitationalIndexDescriptor,Cube root of hydrogen-included gravitational index ,3D
WNSA-1,0.0008460726288678,CPSADescriptor,PNSA-1 * total molecular surface area /1000,3D
MATS6e,0.000844109953868,AutocorrelationDescriptor,Moran autocorrelation - lag 6 / weighted by Sanderson electronegativities,2D
RDF95v,0.0008357067330869,RDFDescriptor,Radial distribution function - 095 / weighted by relative van der Waals volumes,3D
nHBDon,0.0008321484008064,PaDELHBondDonorCountDescriptor,Number of hydrogen bond donors (using CDK HBondDonorCountDescriptor algorithm),2D
GATS3v,0.00082928574898,AutocorrelationDescriptor,Geary autocorrelation - lag 3 / weighted by van der Waals volumes,2D
RDF15m,0.0008271690565107,RDFDescriptor,Radial distribution function - 015 / weighted by relative mass,3D
C2SP1,0.0008265917718671,PaDELCarbonTypesDescriptor,Triply bound carbon bound to two other carbons ,2D
PPSA-1,0.0008260289166184,CPSADescriptor,Partial positive surface area -- sum of surface area on positive parts of molecule,3D
VC-5,0.0008249579010315,ChiClusterDescriptor,"Valence cluster, order 5",2D
RDF125e,0.0008241785058861,RDFDescriptor,Radial distribution function - 125 / weighted by relative Sanderson electronegativities,3D
ETA_EtaP_B,0.000821640162937,ExtendedTopochemicalAtomDescriptor,Branching index EtaB relative to molecular size,2D
maxHBint8,0.0008209679741801,ElectrotopologicalStateAtomTypeDescriptor,Maximum E-State descriptors of strength for potential Hydrogen Bonds of path length 8,2D
RDF60p,0.0008198681260185,RDFDescriptor,Radial distribution function - 060 / weighted by relative polarizabilities,3D
PubchemFP417,0.0008195587516928,"Atom Neighborhoods (""-"", ""="", and ""#"" matches a single, double, and triple bond order)",C#C,FP
PubchemFP386,0.0008157922878182,"Atom Nearest Neighbors (""~"" bond, "":""bond aromaticity)",C(:C)(:C)(:N),FP
RDF125i,0.0008137974217308,RDFDescriptor,Radial distribution function - 125 / weighted by relative first ionization potential,3D
MATS7c,0.0008136411694871,AutocorrelationDescriptor,Moran autocorrelation - lag 7 / weighted by charges,2D
RDF75e,0.0008093567210644,RDFDescriptor,Radial distribution function - 075 / weighted by relative Sanderson electronegativities,3D
GATS2m,0.0008064808360294,AutocorrelationDescriptor,Geary autocorrelation - lag 2 / weighted by mass,2D
RDF150p,0.0008048991511042,RDFDescriptor,Radial distribution function - 150 / weighted by relative polarizabilities,3D
PubchemFP704,0.0008038978965276,SMARTS patterns,O=C-C-C-C-C-C-C,FP
RDF65m,0.0008029600774703,RDFDescriptor,Radial distribution function - 065 / weighted by relative mass,3D
minHBint5,0.0007985550240719,ElectrotopologicalStateAtomTypeDescriptor,Minimum E-State descriptors of strength for potential Hydrogen Bonds of path length 5,2D
Kier1,0.0007985491228816,KappaShapeIndicesDescriptor,First kappa shape index ,2D
RDF75p,0.0007983318833523,RDFDescriptor,Radial distribution function - 075 / weighted by relative polarizabilities,3D
PubchemFP345,0.0007976732405418,"Atom Nearest Neighbors (""~"" bond, "":""bond aromaticity)",C(~C)(~H)(~N),FP
RDF135s,0.0007976703588174,RDFDescriptor,Radial distribution function - 135 / weighted by relative I-state,3D
RDF40v,0.0007925727464874,RDFDescriptor,Radial distribution function - 040 / weighted by relative van der Waals volumes,3D
SpMin6_Bhs,0.0007919188526762,BurdenModifiedEigenvaluesDescriptor,Smallest absolute eigenvalue of Burden modified matrix - n 6 / weighted by relative I-state,2D
AATSC1v,0.0007914709972057,AutocorrelationDescriptor,Average centered Broto-Moreau autocorrelation - lag 1 / weighted by van der Waals volumes,2D
nFRing,0.0007901753048992,RingCountDescriptor,Number of fused rings,2D
VC-6,0.0007874113312872,ChiClusterDescriptor,"Valence cluster, order 6",2D
MATS8e,0.000786850211219,AutocorrelationDescriptor,Moran autocorrelation - lag 8 / weighted by Sanderson electronegativities,2D
RDF35u,0.0007827201568831,RDFDescriptor,Radial distribution function - 035 / unweighted,3D
ATSC7i,0.0007825421928634,AutocorrelationDescriptor,Centered Broto-Moreau autocorrelation - lag 7 / weighted by first ionization potential,2D
minsOH,0.0007820846378719,ElectrotopologicalStateAtomTypeDescriptor,Minimum atom-type E-State: -OH,2D
nN,0.0007812022851629,AtomCountDescriptor,Number of nitrogen atoms,2D
ATSC1m,0.0007808896978405,AutocorrelationDescriptor,Centered Broto-Moreau autocorrelation - lag 1 / weighted by mass,2D
AATSC7s,0.0007805668436364,AutocorrelationDescriptor,Average centered Broto-Moreau autocorrelation - lag 7 / weighted by I-state,2D
SpAbs_Dze,0.0007789201208412,BaryszMatrixDescriptor,Graph energy from Barysz matrix / weighted by Sanderson electronegativities,2D
VR1_Dt,0.0007785145953832,DetourMatrixDescriptor,Randic-like eigenvector-based index from detour matrix,2D
SpMin5_Bhe,0.0007753596395128,BurdenModifiedEigenvaluesDescriptor,Smallest absolute eigenvalue of Burden modified matrix - n 5 / weighted by relative Sanderson electronegativities,2D
E1u,0.0007738020603606,PaDELWHIMDescriptor,1st component accessibility directional WHIM index / unweighted,3D
RDF35s,0.0007669388374014,RDFDescriptor,Radial distribution function - 035 / weighted by relative I-state,3D
RDF20v,0.0007657805551996,RDFDescriptor,Radial distribution function - 020 / weighted by relative van der Waals volumes,3D
SpMax5_Bhi,0.0007655484455794,BurdenModifiedEigenvaluesDescriptor,Largest absolute eigenvalue of Burden modified matrix - n 5 / weighted by relative first ionization potential,2D
nF,0.0007643696493219,AtomCountDescriptor,Number of fluorine atoms,2D
MIC1,0.0007608440563442,InformationContentDescriptor,Modified information content index (neighborhood symmetry of 1-order),2D
MATS7s,0.0007573048763928,AutocorrelationDescriptor,Moran autocorrelation - lag 7 / weighted by I-state,2D
minHBint3,0.0007561572065341,ElectrotopologicalStateAtomTypeDescriptor,Minimum E-State descriptors of strength for potential Hydrogen Bonds of path length 3,2D
RDF15u,0.0007551610792909,RDFDescriptor,Radial distribution function - 015 / unweighted,3D
RDF40e,0.0007551088127204,RDFDescriptor,Radial distribution function - 040 / weighted by relative Sanderson electronegativities,3D
TDB3e,0.0007536214574125,Autocorrelation3DDescriptor,3D topological distance based autocorrelation - lag 3 / weighted by Sanderson electronegativities,3D
SpMin4_Bhi,0.0007533379003492,BurdenModifiedEigenvaluesDescriptor,Smallest absolute eigenvalue of Burden modified matrix - n 4 / weighted by relative first ionization potential,2D
AATSC3e,0.0007525795421568,AutocorrelationDescriptor,Average centered Broto-Moreau autocorrelation - lag 3 / weighted by Sanderson electronegativities,2D
AATSC4s,0.0007478134502114,AutocorrelationDescriptor,Average centered Broto-Moreau autocorrelation - lag 4 / weighted by I-state,2D
PubchemFP726,0.0007475965921218,SMARTS patterns 2,Sc1ccc(Cl)cc1,FP
hmax,0.0007475659185961,ElectrotopologicalStateAtomTypeDescriptor,Maximum H E-State,2D
PubchemFP388,0.000747448903999,"Atom Nearest Neighbors (""~"" bond, "":""bond aromaticity)",C(:C)(:N)(:N),FP
PubchemFP357,0.0007450509872766,"Atom Nearest Neighbors (""~"" bond, "":""bond aromaticity)",C(~C)(:C)(:N),FP
RDF120p,0.0007442197026715,RDFDescriptor,Radial distribution function - 120 / weighted by relative polarizabilities,3D
VPC-6,0.0007396554525249,ChiPathClusterDescriptor,"Valence path cluster, order 6",2D
ZMIC2,0.0007395990236185,InformationContentDescriptor,Z-modified information content index (neighborhood symmetry of 2-order),2D
PubchemFP742,0.0007390898492061,SMARTS patterns 2,Oc1cc(N)ccc1,FP
WTPT-1,0.0007374752671245,PaDELWeightedPathDescriptor,Molecular ID,2D
naaS,0.0007364777848334,ElectrotopologicalStateAtomTypeDescriptor,Count of atom-type E-State: aSa,2D
PubchemFP692,0.000734000817811,SMARTS patterns,O=C-C-C-C-C-C,FP
P1u,0.0007312454576081,PaDELWHIMDescriptor,1st component shape directional WHIM index / unweighted,3D
RDF50v,0.0007301149449228,RDFDescriptor,Radial distribution function - 050 / weighted by relative van der Waals volumes,3D
nHCsatu,0.0007261712262213,ElectrotopologicalStateAtomTypeDescriptor,Count of atom-type H E-State: H on C sp3 bonded to unsaturated C,2D
SpDiam_Dt,0.000726009909276,DetourMatrixDescriptor,Spectral diameter from detour matrix,2D
WPSA-1,0.0007239805533711,CPSADescriptor,PPSA-1 * total molecular surface area / 1000,3D
RDF10u,0.0007230309601601,RDFDescriptor,Radial distribution function - 010 / unweighted,3D
ATS4p,0.0007220602405883,AutocorrelationDescriptor,Broto-Moreau autocorrelation - lag 4 / weighted by polarizabilities,2D
ASP-7,0.000717421287817,PaDELChiPathDescriptor,"Average simple path, order 7",2D
L3v,0.0007123522910323,PaDELWHIMDescriptor,3rd component size directional WHIM index / weighted by relative van der Waals volumes,3D
RDF70v,0.0007100841672562,RDFDescriptor,Radial distribution function - 070 / weighted by relative van der Waals volumes,3D
PubchemFP508,0.0007082643169526,SMARTS patterns,S=C-N-C,FP
AATS2e,0.0007082090141055,AutocorrelationDescriptor,Average Broto-Moreau autocorrelation - lag 2 / weighted by Sanderson electronegativities,2D
ETA_Eta_F_L,0.0007063333957632,ExtendedTopochemicalAtomDescriptor,Local functionality contribution EtaF_local,2D
EE_Dze,0.0007043310212781,BaryszMatrixDescriptor,Estrada-like index from Barysz matrix / weighted by Sanderson electronegativities (ln(1+x)),2D
RDF100v,0.0007011774333585,RDFDescriptor,Radial distribution function - 100 / weighted by relative van der Waals volumes,3D
SpMax4_Bhv,0.0007010688679731,BurdenModifiedEigenvaluesDescriptor,Largest absolute eigenvalue of Burden modified matrix - n 4 / weighted by relative van der Waals volumes,2D
PubchemFP183,0.0007002479119378,Chemical Rings,>= 1 unsaturated non-aromatic nitrogen-containing ring size 6,FP
PubchemFP648,0.0006993852175814,SMARTS patterns,O=N-C:C-N,FP
TDB8m,0.0006967820933556,Autocorrelation3DDescriptor,3D topological distance based autocorrelation - lag 8 / weighted by mass,3D
SpMin8_Bhi,0.0006967477132208,BurdenModifiedEigenvaluesDescriptor,Smallest absolute eigenvalue of Burden modified matrix - n 8 / weighted by relative first ionization potential,2D
bpol,0.0006964975904363,BPolDescriptor,Sum of the absolute value of the difference between atomic polarizabilities of all bonded atoms in the molecule (including implicit hydrogens),2D
E2v,0.0006955188116832,PaDELWHIMDescriptor,2nd component accessibility directional WHIM index / weighted by relative van der Waals volumes,3D
SpMin2_Bhe,0.0006882135989694,BurdenModifiedEigenvaluesDescriptor,Smallest absolute eigenvalue of Burden modified matrix - n 2 / weighted by relative Sanderson electronegativities,2D
RDF140u,0.0006861700242947,RDFDescriptor,Radial distribution function - 140 / unweighted,3D
ATSC3e,0.0006853437246231,AutocorrelationDescriptor,Centered Broto-Moreau autocorrelation - lag 3 / weighted by Sanderson electronegativities,2D
ETA_dBeta,0.0006762520358772,ExtendedTopochemicalAtomDescriptor,A measure of relative unsaturation content,2D
RDF80e,0.0006736470103671,RDFDescriptor,Radial distribution function - 080 / weighted by relative Sanderson electronegativities,3D
MATS1s,0.0006725857317119,AutocorrelationDescriptor,Moran autocorrelation - lag 1 / weighted by I-state,2D
PubchemFP195,0.0006686012494606,Chemical Rings,>= 3 saturated or aromatic heteroatom-containing ring size 6,FP
SpMin3_Bhm,0.0006681262825688,BurdenModifiedEigenvaluesDescriptor,Smallest absolute eigenvalue of Burden modified matrix - n 3 / weighted by relative mass,2D
Ap,0.0006659477425059,PaDELWHIMDescriptor,A total size index / weighted by relative polarizabilities,3D
TPC,0.0006625665880178,PathCountDescriptor,Total path count (up to order 10),2D
RDF45u,0.0006624558323523,RDFDescriptor,Radial distribution function - 045 / unweighted,3D
RDF60v,0.0006606513310187,RDFDescriptor,Radial distribution function - 060 / weighted by relative van der Waals volumes,3D
SpMin5_Bhp,0.0006606312751232,BurdenModifiedEigenvaluesDescriptor,Smallest absolute eigenvalue of Burden modified matrix - n 5 / weighted by relative polarizabilities,2D
SIC2,0.000659514729587,InformationContentDescriptor,Structural information content index (neighborhood symmetry of 2-order),2D
SHdsCH,0.0006590972486816,ElectrotopologicalStateAtomTypeDescriptor,Sum of atom-type H E-State: =CH-,2D
TDB4v,0.000655957973534,Autocorrelation3DDescriptor,3D topological distance based autocorrelation - lag 4 / weighted by van der Waals volumes,3D
SpMax7_Bhe,0.0006536013462563,BurdenModifiedEigenvaluesDescriptor,Largest absolute eigenvalue of Burden modified matrix - n 7 / weighted by relative Sanderson electronegativities,2D
GATS6c,0.0006521270609484,AutocorrelationDescriptor,Geary autocorrelation - lag 6 / weighted by charges,2D
PubchemFP839,0.0006508131146736,SMARTS patterns 2,CC1CC(C)CC1,FP
BIC1,0.000650472445266,InformationContentDescriptor,Bond information content index (neighborhood symmetry of 1-order),2D
PubchemFP23,0.0006497171541804,Element Counts,>= 1 F,FP
ATS6i,0.0006476646666874,AutocorrelationDescriptor,Broto-Moreau autocorrelation - lag 6 / weighted by first ionization potential,2D
AATSC5v,0.0006469352973291,AutocorrelationDescriptor,Average centered Broto-Moreau autocorrelation - lag 5 / weighted by van der Waals volumes,2D
VE2_Dzs,0.0006447767689884,BaryszMatrixDescriptor,Average coefficient sum of the last eigenvector from Barysz matrix / weighted by I-state,2D
RDF125p,0.0006422021847618,RDFDescriptor,Radial distribution function - 125 / weighted by relative polarizabilities,3D
PubchemFP335,0.0006403152417417,"Atom Nearest Neighbors (""~"" bond, "":""bond aromaticity)",C(~C)(~C)(~C)(~H),FP
PubchemFP498,0.0006397211850175,SMARTS patterns,O-C=C-C,FP
TDB7u,0.0006395079249438,Autocorrelation3DDescriptor,3D topological distance based autocorrelation - lag 7 / unweighted,3D
GRAV-5,0.0006377971442014,GravitationalIndexDescriptor,Square root of gravitational index of all pairs of atoms (not just bonded pairs) ,3D
VR2_Dt,0.0006355142683382,DetourMatrixDescriptor,Normalized Randic-like eigenvector-based index from detour matrix,2D
MATS4m,0.000631546101778,AutocorrelationDescriptor,Moran autocorrelation - lag 4 / weighted by mass,2D
E1p,0.0006307996814664,PaDELWHIMDescriptor,1st component accessibility directional WHIM index / weighted by relative polarizabilities,3D
RDF120u,0.0006281758437396,RDFDescriptor,Radial distribution function - 120 / unweighted,3D
VC-3,0.0006279219953558,ChiClusterDescriptor,"Valence cluster, order 3",2D
RDF65u,0.0006266814919826,RDFDescriptor,Radial distribution function - 065 / unweighted,3D
AATSC8c,0.0006265418938223,AutocorrelationDescriptor,Average centered Broto-Moreau autocorrelation - lag 8 / weighted by charges,2D
GATS1m,0.0006244779688322,AutocorrelationDescriptor,Geary autocorrelation - lag 1 / weighted by mass,2D
ATS5s,0.000623338155509,AutocorrelationDescriptor,Broto-Moreau autocorrelation - lag 5 / weighted by I-state,2D
ATSC7c,0.0006233311166464,AutocorrelationDescriptor,Centered Broto-Moreau autocorrelation - lag 7 / weighted by charges,2D
ZMIC4,0.0006233038171241,InformationContentDescriptor,Z-modified information content index (neighborhood symmetry of 4-order),2D
GATS3p,0.0006202439706018,AutocorrelationDescriptor,Geary autocorrelation - lag 3 / weighted by polarizabilities,2D
PubchemFP487,0.0006171577285012,SMARTS patterns,N-C=N-C,FP
VE1_DzZ,0.0006171427745786,BaryszMatrixDescriptor,Coefficient sum of the last eigenvector from Barysz matrix / weighted by atomic number,2D
SpMin1_Bhe,0.0006156234031748,BurdenModifiedEigenvaluesDescriptor,Smallest absolute eigenvalue of Burden modified matrix - n 1 / weighted by relative Sanderson electronegativities,2D
RDF130p,0.0006153806448671,RDFDescriptor,Radial distribution function - 130 / weighted by relative polarizabilities,3D
ATSC7s,0.0006151568801133,AutocorrelationDescriptor,Centered Broto-Moreau autocorrelation - lag 7 / weighted by I-state,2D
FPSA-1,0.0006145156951359,CPSADescriptor,PPSA-1 / total molecular surface area,3D
ATS0e,0.0006101439327946,AutocorrelationDescriptor,Broto-Moreau autocorrelation - lag 0 / weighted by Sanderson electronegativities,2D
MPC7,0.0006068853827334,PathCountDescriptor,Molecular path count of order 7,2D
RDF15i,0.0006054677152014,RDFDescriptor,Radial distribution function - 015 / weighted by relative first ionization potential,3D
AATS3e,0.000602393414363,AutocorrelationDescriptor,Average Broto-Moreau autocorrelation - lag 3 / weighted by Sanderson electronegativities,2D
RNCS,0.0005990743638944,CPSADescriptor,Relative negative charge surface area -- most negative surface area * RNCG,3D
TDB2e,0.0005961254984033,Autocorrelation3DDescriptor,3D topological distance based autocorrelation - lag 2 / weighted by Sanderson electronegativities,3D
ATSC5e,0.0005934722543102,AutocorrelationDescriptor,Centered Broto-Moreau autocorrelation - lag 5 / weighted by Sanderson electronegativities,2D
MATS2s,0.0005929200279527,AutocorrelationDescriptor,Moran autocorrelation - lag 2 / weighted by I-state,2D
ATSC4i,0.0005929028250088,AutocorrelationDescriptor,Centered Broto-Moreau autocorrelation - lag 4 / weighted by first ionization potential,2D
ETA_Eta_B,0.0005922819365656,ExtendedTopochemicalAtomDescriptor,Branching index EtaB,2D
ATS3i,0.0005922612785142,AutocorrelationDescriptor,Broto-Moreau autocorrelation - lag 3 / weighted by first ionization potential,2D
PubchemFP460,0.0005911321632088,SMARTS patterns,C-C-C#C,FP
Ve,0.000589843056442,PaDELWHIMDescriptor,V total size index / weighted by relative Sanderson electronegativities,3D
RDF135e,0.0005895992366909,RDFDescriptor,Radial distribution function - 135 / weighted by relative Sanderson electronegativities,3D
nC,0.0005873751178475,AtomCountDescriptor,Number of carbon atoms,2D
TDB7i,0.000585968887933,Autocorrelation3DDescriptor,3D topological distance based autocorrelation - lag 7 / weighted by first ionization potential,3D
RDF150u,0.0005858570292128,RDFDescriptor,Radial distribution function - 150 / unweighted,3D
MATS8i,0.0005844713174407,AutocorrelationDescriptor,Moran autocorrelation - lag 8 / weighted by first ionization potential,2D
RDF15e,0.0005831351259417,RDFDescriptor,Radial distribution function - 015 / weighted by relative Sanderson electronegativities,3D
SaaCH,0.0005820420713988,ElectrotopologicalStateAtomTypeDescriptor,Sum of atom-type E-State: :CH:,2D
nsOm,0.0005814340391495,ElectrotopologicalStateAtomTypeDescriptor,Count of atom-type E-State: -O-,2D
XLogP,0.0005811399368204,XLogPDescriptor,XLogP,2D
TDB10u,0.0005810767618269,Autocorrelation3DDescriptor,3D topological distance based autocorrelation - lag 10 / unweighted,3D
SpMin5_Bhm,0.0005806089183504,BurdenModifiedEigenvaluesDescriptor,Smallest absolute eigenvalue of Burden modified matrix - n 5 / weighted by relative mass,2D
L1s,0.0005791493883793,PaDELWHIMDescriptor,1st component size directional WHIM index / weighted by relative I-state,3D
RDF50p,0.0005771868027405,RDFDescriptor,Radial distribution function - 050 / weighted by relative polarizabilities,3D
MATS4e,0.0005761780088668,AutocorrelationDescriptor,Moran autocorrelation - lag 4 / weighted by Sanderson electronegativities,2D
PubchemFP535,0.0005758188661366,SMARTS patterns,O=C-C-C,FP
MPC8,0.0005748073654158,PathCountDescriptor,Molecular path count of order 8,2D
ATSC5v,0.0005736955496273,AutocorrelationDescriptor,Centered Broto-Moreau autocorrelation - lag 5 / weighted by van der Waals volumes,2D
RDF135u,0.0005720976507824,RDFDescriptor,Radial distribution function - 135 / unweighted,3D
GATS6m,0.000571852051971,AutocorrelationDescriptor,Geary autocorrelation - lag 6 / weighted by mass,2D
SpMax6_Bhp,0.0005678919510121,BurdenModifiedEigenvaluesDescriptor,Largest absolute eigenvalue of Burden modified matrix - n 6 / weighted by relative polarizabilities,2D
SpMin4_Bhp,0.000567367539759,BurdenModifiedEigenvaluesDescriptor,Smallest absolute eigenvalue of Burden modified matrix - n 4 / weighted by relative polarizabilities,2D
SHBint3,0.0005663093372996,ElectrotopologicalStateAtomTypeDescriptor,Sum of E-State descriptors of strength for potential hydrogen bonds of path length 3,2D
RDF65s,0.0005662864586262,RDFDescriptor,Radial distribution function - 065 / weighted by relative I-state,3D
SpMax7_Bhv,0.0005642078507746,BurdenModifiedEigenvaluesDescriptor,Largest absolute eigenvalue of Burden modified matrix - n 7 / weighted by relative van der Waals volumes,2D
GATS7s,0.00056355431815,AutocorrelationDescriptor,Geary autocorrelation - lag 7 / weighted by I-state,2D
MOMI-XZ,0.0005625014256518,MomentOfInertiaDescriptor,X/Z ,3D
ETA_dEpsilon_B,0.0005623822173621,ExtendedTopochemicalAtomDescriptor,A measure of contribution of unsaturation,2D
ATS2v,0.0005613949425651,AutocorrelationDescriptor,Broto-Moreau autocorrelation - lag 2 / weighted by van der Waals volumes,2D
mintsC,0.0005611195239693,ElectrotopologicalStateAtomTypeDescriptor,Minimum atom-type E-State: #C-,2D
RDF135i,0.000561108830714,RDFDescriptor,Radial distribution function - 135 / weighted by relative first ionization potential,3D
SpAD_Dzv,0.0005594169050351,BaryszMatrixDescriptor,Spectral absolute deviation from Barysz matrix / weighted by van der Waals volumes,2D
nHAvin,0.0005593876997159,ElectrotopologicalStateAtomTypeDescriptor,Count of atom-type H E-State: H on C vinyl bonded to C aromatic,2D
SpMin7_Bhi,0.0005583766022925,BurdenModifiedEigenvaluesDescriptor,Smallest absolute eigenvalue of Burden modified matrix - n 7 / weighted by relative first ionization potential,2D
AATSC5i,0.0005578123985987,AutocorrelationDescriptor,Average centered Broto-Moreau autocorrelation - lag 5 / weighted by first ionization potential,2D
minHBint6,0.0005552040646925,ElectrotopologicalStateAtomTypeDescriptor,Minimum E-State descriptors of strength for potential Hydrogen Bonds of path length 6,2D
StsC,0.0005526982573922,ElectrotopologicalStateAtomTypeDescriptor,Sum of atom-type E-State: #C-,2D
PubchemFP380,0.0005510672806405,"Atom Nearest Neighbors (""~"" bond, "":""bond aromaticity)",C(~O)(~O),FP
nBondsS2,0.0005469172675553,PaDELBondCountDescriptor,"Total number of single bonds (including bonds to hydrogens, excluding aromatic bonds)",2D
PubchemFP637,0.0005435565979467,SMARTS patterns,O-C-C-C-C,FP
minHdNH,0.0005434777771971,ElectrotopologicalStateAtomTypeDescriptor,Minimum atom-type H E-State: =NH,2D
maxHsNH2,0.0005420985757538,ElectrotopologicalStateAtomTypeDescriptor,Maximum atom-type H E-State: -NH2,2D
ATS2e,0.0005418534998205,AutocorrelationDescriptor,Broto-Moreau autocorrelation - lag 2 / weighted by Sanderson electronegativities,2D
nHdsCH,0.0005414274786549,ElectrotopologicalStateAtomTypeDescriptor,Count of atom-type H E-State: =CH-,2D
RDF135v,0.0005406930734207,RDFDescriptor,Radial distribution function - 135 / weighted by relative van der Waals volumes,3D
SpDiam_Dzv,0.0005397829600388,BaryszMatrixDescriptor,Spectral diameter from Barysz matrix / weighted by van der Waals volumes,2D
SpMin8_Bhe,0.0005386449123444,BurdenModifiedEigenvaluesDescriptor,Smallest absolute eigenvalue of Burden modified matrix - n 8 / weighted by relative Sanderson electronegativities,2D
SpMin3_Bhv,0.0005383394532291,BurdenModifiedEigenvaluesDescriptor,Smallest absolute eigenvalue of Burden modified matrix - n 3 / weighted by relative van der Waals volumes,2D
MWC3,0.0005374674272204,WalkCountDescriptor,Molecular walk count of order 3 (ln(1+x),2D
PubchemFP452,0.0005368378814121,"Atom Neighborhoods (""-"", ""="", and ""#"" matches a single, double, and triple bond order)",C(-O)(=O),FP
MOMI-XY,0.0005362063237562,MomentOfInertiaDescriptor,X/Y ,3D
AATS1s,0.0005361567928492,AutocorrelationDescriptor,Average Broto-Moreau autocorrelation - lag 1 / weighted by I-state,2D
ATSC4p,0.0005356512787601,AutocorrelationDescriptor,Centered Broto-Moreau autocorrelation - lag 4 / weighted by polarizabilities,2D
TDB2m,0.0005355907426216,Autocorrelation3DDescriptor,3D topological distance based autocorrelation - lag 2 / weighted by mass,3D
ASP-5,0.0005310459765988,PaDELChiPathDescriptor,"Average simple path, order 5",2D
RDF120e,0.0005306244649284,RDFDescriptor,Radial distribution function - 120 / weighted by relative Sanderson electronegativities,3D
SpMin2_Bhi,0.0005290434699733,BurdenModifiedEigenvaluesDescriptor,Smallest absolute eigenvalue of Burden modified matrix - n 2 / weighted by relative first ionization potential,2D
VE3_DzZ,0.000528374016206,BaryszMatrixDescriptor,Logarithmic coefficient sum of the last eigenvector from Barysz matrix / weighted by atomic number,2D
ATSC7e,0.0005276844159721,AutocorrelationDescriptor,Centered Broto-Moreau autocorrelation - lag 7 / weighted by Sanderson electronegativities,2D
JGI5,0.000526318613469,TopologicalChargeDescriptor,Mean topological charge index of order 5,2D
RDF80i,0.0005259960482766,RDFDescriptor,Radial distribution function - 080 / weighted by relative first ionization potential,3D
RDF105s,0.0005256718656189,RDFDescriptor,Radial distribution function - 105 / weighted by relative I-state,3D
SpAbs_Dzv,0.0005256321545183,BaryszMatrixDescriptor,Graph energy from Barysz matrix / weighted by van der Waals volumes,2D
AATS7m,0.0005249036717388,AutocorrelationDescriptor,Average Broto-Moreau autocorrelation - lag 7 / weighted by mass,2D
hmin,0.0005241967501936,ElectrotopologicalStateAtomTypeDescriptor,Minimum H E-State,2D
RDF115m,0.0005197208627872,RDFDescriptor,Radial distribution function - 115 / weighted by relative mass,3D
MATS3m,0.0005191578711589,AutocorrelationDescriptor,Moran autocorrelation - lag 3 / weighted by mass,2D
Mare,0.0005183612140802,ConstitutionalDescriptor,Mean atomic Allred-Rochow electronegativities (scaled on carbon atom),2D
AATS2s,0.0005167834482788,AutocorrelationDescriptor,Average Broto-Moreau autocorrelation - lag 2 / weighted by I-state,2D
AATS5s,0.0005160368269251,AutocorrelationDescriptor,Average Broto-Moreau autocorrelation - lag 5 / weighted by I-state,2D
TDB1s,0.0005149000111251,Autocorrelation3DDescriptor,3D topological distance based autocorrelation - lag 1 / weighted by I-state,3D
VPC-5,0.0005138520733155,ChiPathClusterDescriptor,"Valence path cluster, order 5",2D
MATS3s,0.0005122002435673,AutocorrelationDescriptor,Moran autocorrelation - lag 3 / weighted by I-state,2D
VR3_DzZ,0.0005104715558519,BaryszMatrixDescriptor,Logarithmic Randic-like eigenvector-based index from Barysz matrix / weighted by atomic number,2D
RDF110p,0.0005094846130106,RDFDescriptor,Radial distribution function - 110 / weighted by relative polarizabilities,3D
Kier2,0.0005086089055846,KappaShapeIndicesDescriptor,Second kappa shape index ,2D
geomRadius,0.0005080987210574,PaDELPetitjeanShapeIndexDescriptor,Geometrical radius (minimum geometric eccentricity),3D
L3p,0.0005074188463769,PaDELWHIMDescriptor,3rd component size directional WHIM index / weighted by relative polarizabilities,3D
RDF115v,0.0005054914384345,RDFDescriptor,Radial distribution function - 115 / weighted by relative van der Waals volumes,3D
AATS3p,0.0005045933480708,AutocorrelationDescriptor,Average Broto-Moreau autocorrelation - lag 3 / weighted by polarizabilities,2D
ETA_Eta_F,0.0005031108598175,ExtendedTopochemicalAtomDescriptor,Functionality index EtaF,2D
SpMin5_Bhv,0.0005026757197436,BurdenModifiedEigenvaluesDescriptor,Smallest absolute eigenvalue of Burden modified matrix - n 5 / weighted by relative van der Waals volumes,2D
ATSC3p,0.000498088743551,AutocorrelationDescriptor,Centered Broto-Moreau autocorrelation - lag 3 / weighted by polarizabilities,2D
RDF150e,0.0004937553843886,RDFDescriptor,Radial distribution function - 150 / weighted by relative Sanderson electronegativities,3D
AATSC0c,0.0004905516456128,AutocorrelationDescriptor,Average centered Broto-Moreau autocorrelation - lag 0 / weighted by charges,2D
VE1_Dzm,0.000487950370539,BaryszMatrixDescriptor,Coefficient sum of the last eigenvector from Barysz matrix / weighted by mass,2D
AATSC6m,0.0004845904499923,AutocorrelationDescriptor,Average centered Broto-Moreau autocorrelation - lag 6 / weighted by mass,2D
SPC-5,0.0004836369852129,ChiPathClusterDescriptor,"Simple path cluster, order 5",2D
VE1_Dzs,0.0004834402898861,BaryszMatrixDescriptor,Coefficient sum of the last eigenvector from Barysz matrix / weighted by I-state,2D
TDB3m,0.0004795337662837,Autocorrelation3DDescriptor,3D topological distance based autocorrelation - lag 3 / weighted by mass,3D
minHBint8,0.0004793475562552,ElectrotopologicalStateAtomTypeDescriptor,Minimum E-State descriptors of strength for potential Hydrogen Bonds of path length 8,2D
ATSC4m,0.0004763856752017,AutocorrelationDescriptor,Centered Broto-Moreau autocorrelation - lag 4 / weighted by mass,2D
ATS1p,0.0004734144614761,AutocorrelationDescriptor,Broto-Moreau autocorrelation - lag 1 / weighted by polarizabilities,2D
ETA_dEpsilon_D,0.0004720777588258,ExtendedTopochemicalAtomDescriptor,A measure of contribution of hydrogen bond donor atoms,2D
ATSC0c,0.0004703545982109,AutocorrelationDescriptor,Centered Broto-Moreau autocorrelation - lag 0 / weighted by charges,2D
VR2_Dzs,0.0004702738973077,BaryszMatrixDescriptor,Normalized Randic-like eigenvector-based index from Barysz matrix / weighted by I-state,2D
SpMin4_Bhs,0.0004691732513857,BurdenModifiedEigenvaluesDescriptor,Smallest absolute eigenvalue of Burden modified matrix - n 4 / weighted by relative I-state,2D
TDB9u,0.0004677365666015,Autocorrelation3DDescriptor,3D topological distance based autocorrelation - lag 9 / unweighted,3D
MLFER_A,0.0004660505678963,MLFERDescriptor,Overall or summation solute hydrogen bond acidity,2D
SpAD_Dzp,0.0004657656635572,BaryszMatrixDescriptor,Spectral absolute deviation from Barysz matrix / weighted by polarizabilities,2D
nAtomP,0.0004648558680829,LargestPiSystemDescriptor,Number of atoms in the largest pi system,2D
MATS4c,0.0004646103490213,AutocorrelationDescriptor,Moran autocorrelation - lag 4 / weighted by charges,2D
JGI2,0.0004635558981354,TopologicalChargeDescriptor,Mean topological charge index of order 2,2D
SRW2,0.0004635367030091,WalkCountDescriptor,Self-returning walk count of order 2 (ln(1+x),2D
AATSC0i,0.00046311217758,AutocorrelationDescriptor,Average centered Broto-Moreau autocorrelation - lag 0 / weighted by first ionization potential,2D
GATS4m,0.000462982668581,AutocorrelationDescriptor,Geary autocorrelation - lag 4 / weighted by mass,2D
nBondsS3,0.0004629778171383,PaDELBondCountDescriptor,Total number of single bonds (excluding bonds to hydrogens and aromatic bonds),2D
minHAvin,0.0004625634846947,ElectrotopologicalStateAtomTypeDescriptor,Minimum atom-type H E-State: H on C vinyl bonded to C aromatic,2D
TDB9m,0.0004607228583371,Autocorrelation3DDescriptor,3D topological distance based autocorrelation - lag 9 / weighted by mass,3D
MATS7e,0.000460684125871,AutocorrelationDescriptor,Moran autocorrelation - lag 7 / weighted by Sanderson electronegativities,2D
EE_Dzs,0.0004584245082995,BaryszMatrixDescriptor,Estrada-like index from Barysz matrix / weighted by I-state (ln(1+x)),2D
ETA_BetaP,0.0004540257158992,ExtendedTopochemicalAtomDescriptor,A measure of electronic features of the molecule relative to molecular size,2D
LOBMAX,0.0004529111019782,LengthOverBreadthDescriptor,The maximum L/B ratio ,3D
PubchemFP699,0.0004527824603115,SMARTS patterns,O-C-C-C-C-C(C)-C,FP
nRotB,0.0004515605692731,PaDELRotatableBondsCountDescriptor,"Number of rotatable bonds, excluding terminal bonds",2D
RDF155s,0.0004493217698188,RDFDescriptor,Radial distribution function - 155 / weighted by relative I-state,3D
RDF100p,0.0004489325434022,RDFDescriptor,Radial distribution function - 100 / weighted by relative polarizabilities,3D
maxaaN,0.0004462306234727,ElectrotopologicalStateAtomTypeDescriptor,Maximum atom-type E-State: :N:,2D
PubchemFP453,0.0004449209728396,"Atom Neighborhoods (""-"", ""="", and ""#"" matches a single, double, and triple bond order)",N(-C)(=C),FP
AATS0i,0.0004438680754322,AutocorrelationDescriptor,Average Broto-Moreau autocorrelation - lag 0 / weighted by first ionization potential,2D
VR2_Dzm,0.0004437712407394,BaryszMatrixDescriptor,Normalized Randic-like eigenvector-based index from Barysz matrix / weighted by mass,2D
VR1_DzZ,0.0004435397543531,BaryszMatrixDescriptor,Randic-like eigenvector-based index from Barysz matrix / weighted by atomic number,2D
Dm,0.000442937357572,PaDELWHIMDescriptor,D total accessibility index / weighted by relative mass,3D
Di,0.000442483004623,PaDELWHIMDescriptor,D total accessibility index / weighted by relative first ionization potential,3D
RDF150v,0.0004412402017594,RDFDescriptor,Radial distribution function - 150 / weighted by relative van der Waals volumes,3D
MATS1m,0.0004395812913102,AutocorrelationDescriptor,Moran autocorrelation - lag 1 / weighted by mass,2D
RDF35v,0.0004383212917057,RDFDescriptor,Radial distribution function - 035 / weighted by relative van der Waals volumes,3D
VP-1,0.0004378127187542,PaDELChiPathDescriptor,"Valence path, order 1",2D
nssS,0.0004344798936127,ElectrotopologicalStateAtomTypeDescriptor,Count of atom-type E-State: -S-,2D
MATS8p,0.000434379325999,AutocorrelationDescriptor,Moran autocorrelation - lag 8 / weighted by polarizabilities,2D
RDF100s,0.0004335766701044,RDFDescriptor,Radial distribution function - 100 / weighted by relative I-state,3D
AATS8s,0.0004328591368987,AutocorrelationDescriptor,Average Broto-Moreau autocorrelation - lag 8 / weighted by I-state,2D
Ae,0.0004314206180452,PaDELWHIMDescriptor,A total size index / weighted by relative Sanderson electronegativities,3D
GRAV-1,0.0004282001515321,GravitationalIndexDescriptor,Gravitational index of heavy atoms ,3D
SpMax2_Bhm,0.0004275992144708,BurdenModifiedEigenvaluesDescriptor,Largest absolute eigenvalue of Burden modified matrix - n 2 / weighted by relative mass,2D
L3i,0.0004274547185006,PaDELWHIMDescriptor,3rd component size directional WHIM index / weighted by relative first ionization potential,3D
Dv,0.0004273867950732,PaDELWHIMDescriptor,D total accessibility index / weighted by relative van der Waals volumes,3D
GATS5i,0.0004272799551889,AutocorrelationDescriptor,Geary autocorrelation - lag 5 / weighted by first ionization potential,2D
FPSA-3,0.0004252365150193,CPSADescriptor,PPSA-3 / total molecular surface area,3D
RDF130s,0.0004245999616449,RDFDescriptor,Radial distribution function - 130 / weighted by relative I-state,3D
ATSC5i,0.0004221957586162,AutocorrelationDescriptor,Centered Broto-Moreau autocorrelation - lag 5 / weighted by first ionization potential,2D
SpMax4_Bhs,0.0004220277616182,BurdenModifiedEigenvaluesDescriptor,Largest absolute eigenvalue of Burden modified matrix - n 4 / weighted by relative I-state,2D
maxsCH3,0.0004196874176754,ElectrotopologicalStateAtomTypeDescriptor,Maximum atom-type E-State: -CH3,2D
MATS6c,0.0004184232267486,AutocorrelationDescriptor,Moran autocorrelation - lag 6 / weighted by charges,2D
AATS1v,0.0004178788420817,AutocorrelationDescriptor,Average Broto-Moreau autocorrelation - lag 1 / weighted by van der Waals volumes,2D
RDF105m,0.0004178100358117,RDFDescriptor,Radial distribution function - 105 / weighted by relative mass,3D
L1v,0.0004170720949728,PaDELWHIMDescriptor,1st component size directional WHIM index / weighted by relative van der Waals volumes,3D
GATS7c,0.0004164633577786,AutocorrelationDescriptor,Geary autocorrelation - lag 7 / weighted by charges,2D
AATSC7c,0.000416102407537,AutocorrelationDescriptor,Average centered Broto-Moreau autocorrelation - lag 7 / weighted by charges,2D
nHdNH,0.0004153512498458,ElectrotopologicalStateAtomTypeDescriptor,Count of atom-type H E-State: =NH,2D
RDF105u,0.0004134661515165,RDFDescriptor,Radial distribution function - 105 / unweighted,3D
SpMax4_Bhe,0.0004122923200722,BurdenModifiedEigenvaluesDescriptor,Largest absolute eigenvalue of Burden modified matrix - n 4 / weighted by relative Sanderson electronegativities,2D
sumI,0.0004112032290659,ElectrotopologicalStateAtomTypeDescriptor,Sum of the intrinsic state values I,2D
JGT,0.0004110326572492,TopologicalChargeDescriptor,Global topological charge index,2D
RPCS,0.000409719119509,CPSADescriptor,Relative positive charge surface area -- most positive surface area * RPCG,3D
PNSA-1,0.0004091806130463,CPSADescriptor,Partial negative surface area -- sum of surface area on negative parts of molecule,3D
AATSC4p,0.0004090132871118,AutocorrelationDescriptor,Average centered Broto-Moreau autocorrelation - lag 4 / weighted by polarizabilities,2D
MPC3,0.0004082127880074,PathCountDescriptor,Molecular path count of order 3,2D
maxHCsatu,0.0004075232608577,ElectrotopologicalStateAtomTypeDescriptor,Maximum atom-type H E-State: H on C sp3 bonded to unsaturated C,2D
TDB8u,0.0004073327686658,Autocorrelation3DDescriptor,3D topological distance based autocorrelation - lag 8 / unweighted,3D
PubchemFP681,0.0004071163233481,SMARTS patterns,O-C-C-C-C-O,FP
SHdNH,0.0004063336352453,ElectrotopologicalStateAtomTypeDescriptor,Sum of atom-type H E-State: =NH,2D
SpMax_Dzm,0.0004044703176325,BaryszMatrixDescriptor,Leading eigenvalue from Barysz matrix / weighted by mass,2D
naaaC,0.0004043508789268,ElectrotopologicalStateAtomTypeDescriptor,Count of atom-type E-State: ::C:,2D
ATS1v,0.0004029081856674,AutocorrelationDescriptor,Broto-Moreau autocorrelation - lag 1 / weighted by van der Waals volumes,2D
ATS6p,0.0004005588831641,AutocorrelationDescriptor,Broto-Moreau autocorrelation - lag 6 / weighted by polarizabilities,2D
MDEC-23,0.000399839692437,MDEDescriptor,Molecular distance edge between all secondary and tertiary carbons,2D
SpMax5_Bhv,0.0003997382230901,BurdenModifiedEigenvaluesDescriptor,Largest absolute eigenvalue of Burden modified matrix - n 5 / weighted by relative van der Waals volumes,2D
PubchemFP513,0.0003987263292505,SMARTS patterns,S:C:C-[#1],FP
ETA_dPsi_A,0.000397859949361,ExtendedTopochemicalAtomDescriptor,A measure of hydrogen bonding propensity of the molecules,2D
ATSC3c,0.000396945062935,AutocorrelationDescriptor,Centered Broto-Moreau autocorrelation - lag 3 / weighted by charges,2D
RDF100e,0.0003966654788322,RDFDescriptor,Radial distribution function - 100 / weighted by relative Sanderson electronegativities,3D
PubchemFP693,0.0003957299596364,SMARTS patterns,O=C-C-C-C-C-O,FP
MWC10,0.0003952785471613,WalkCountDescriptor,Molecular walk count of order 10 (ln(1+x),2D
PubchemFP652,0.0003924116230624,SMARTS patterns,O-C:C:C-N,FP
nBondsS,0.0003918706795776,PaDELBondCountDescriptor,Number of single bonds (including bonds with hydrogen),2D
C1SP1,0.0003911613042741,PaDELCarbonTypesDescriptor,Triply bound carbon bound to one other carbon ,2D
SpMin2_Bhm,0.0003900440182194,BurdenModifiedEigenvaluesDescriptor,Smallest absolute eigenvalue of Burden modified matrix - n 2 / weighted by relative mass,2D
SpMin3_Bhe,0.000388923547102,BurdenModifiedEigenvaluesDescriptor,Smallest absolute eigenvalue of Burden modified matrix - n 3 / weighted by relative Sanderson electronegativities,2D
L2v,0.0003878664198163,PaDELWHIMDescriptor,2nd component size directional WHIM index / weighted by relative van der Waals volumes,3D
AATSC7e,0.0003860736076724,AutocorrelationDescriptor,Average centered Broto-Moreau autocorrelation - lag 7 / weighted by Sanderson electronegativities,2D
AATS3m,0.0003830715185052,AutocorrelationDescriptor,Average Broto-Moreau autocorrelation - lag 3 / weighted by mass,2D
ndO,0.0003830549691173,ElectrotopologicalStateAtomTypeDescriptor,Count of atom-type E-State: =O,2D
TDB8p,0.0003830323371105,Autocorrelation3DDescriptor,3D topological distance based autocorrelation - lag 8 / weighted by polarizabilities,3D
SpMin6_Bhv,0.0003823488559507,BurdenModifiedEigenvaluesDescriptor,Smallest absolute eigenvalue of Burden modified matrix - n 6 / weighted by relative van der Waals volumes,2D
RDF130i,0.0003821823445995,RDFDescriptor,Radial distribution function - 130 / weighted by relative first ionization potential,3D
AATSC6i,0.0003810741828511,AutocorrelationDescriptor,Average centered Broto-Moreau autocorrelation - lag 6 / weighted by first ionization potential,2D
P2u,0.000380250449356,PaDELWHIMDescriptor,2nd component shape directional WHIM index / unweighted,3D
PubchemFP578,0.0003772301812042,SMARTS patterns,C-C:C-C:C,FP
MATS4s,0.0003762175888717,AutocorrelationDescriptor,Moran autocorrelation - lag 4 / weighted by I-state,2D
C2SP2,0.0003758215923917,PaDELCarbonTypesDescriptor,Doubly bound carbon bound to two other carbons ,2D
SpMin1_Bhm,0.0003753526282473,BurdenModifiedEigenvaluesDescriptor,Smallest absolute eigenvalue of Burden modified matrix - n 1 / weighted by relative mass,2D
Sare,0.0003751133167253,ConstitutionalDescriptor,Sum of atomic Allred-Rochow electronegativities (scaled on carbon atom),2D
E1s,0.0003749948120669,PaDELWHIMDescriptor,1st component accessibility directional WHIM index / weighted by relative I-state,3D
SpMin3_Bhi,0.0003749906302694,BurdenModifiedEigenvaluesDescriptor,Smallest absolute eigenvalue of Burden modified matrix - n 3 / weighted by relative first ionization potential,2D
RDF145m,0.0003749246074048,RDFDescriptor,Radial distribution function - 145 / weighted by relative mass,3D
GATS7i,0.0003732219538532,AutocorrelationDescriptor,Geary autocorrelation - lag 7 / weighted by first ionization potential,2D
RDF145u,0.0003710985593405,RDFDescriptor,Radial distribution function - 145 / unweighted,3D
Vm,0.0003705820865742,PaDELWHIMDescriptor,V total size index / weighted by relative mass,3D
SssS,0.00037044269006,ElectrotopologicalStateAtomTypeDescriptor,Sum of atom-type E-State: -S-,2D
RDF95p,0.0003691088586645,RDFDescriptor,Radial distribution function - 095 / weighted by relative polarizabilities,3D
CIC0,0.0003690680130391,InformationContentDescriptor,Complementary information content index (neighborhood symmetry of 0-order),2D
ATS3v,0.0003685262511119,AutocorrelationDescriptor,Broto-Moreau autocorrelation - lag 3 / weighted by van der Waals volumes,2D
Ti,0.0003674895305961,PaDELWHIMDescriptor,T total size index / weighted by relative first ionization potential,3D
VR1_Dzs,0.0003671342677678,BaryszMatrixDescriptor,Randic-like eigenvector-based index from Barysz matrix / weighted by I-state,2D
PubchemFP592,0.0003661005015453,SMARTS patterns,N-C-C-C-C,FP
SdNH,0.0003658389300095,ElectrotopologicalStateAtomTypeDescriptor,Sum of atom-type E-State: =NH,2D
MATS4p,0.0003652530036289,AutocorrelationDescriptor,Moran autocorrelation - lag 4 / weighted by polarizabilities,2D
minHsNH2,0.0003651377252467,ElectrotopologicalStateAtomTypeDescriptor,Minimum atom-type H E-State: -NH2,2D
WTPT-5,0.0003633005181052,PaDELWeightedPathDescriptor,Sum of path lengths starting from nitrogens,2D
MATS2c,0.0003631270616381,AutocorrelationDescriptor,Moran autocorrelation - lag 2 / weighted by charges,2D
ATSC1c,0.0003629987266955,AutocorrelationDescriptor,Centered Broto-Moreau autocorrelation - lag 1 / weighted by charges,2D
PubchemFP358,0.0003625294240248,"Atom Nearest Neighbors (""~"" bond, "":""bond aromaticity)",C(~C)(:N),FP
AATS4p,0.00036209725138,AutocorrelationDescriptor,Average Broto-Moreau autocorrelation - lag 4 / weighted by polarizabilities,2D
PubchemFP504,0.0003616781105988,SMARTS patterns,N:C:N-C,FP
RDF105i,0.0003603692620898,RDFDescriptor,Radial distribution function - 105 / weighted by relative first ionization potential,3D
AVP-7,0.0003601470736864,PaDELChiPathDescriptor,"Average valence path, order 7",2D
nHBint9,0.0003596914754335,ElectrotopologicalStateAtomTypeDescriptor,Count of E-State descriptors of strength for potential Hydrogen Bonds of path length 9,2D
TDB3s,0.000357922503528,Autocorrelation3DDescriptor,3D topological distance based autocorrelation - lag 3 / weighted by I-state,3D
ATSC0m,0.0003574359572748,AutocorrelationDescriptor,Centered Broto-Moreau autocorrelation - lag 0 / weighted by mass,2D
MATS4i,0.0003569789913925,AutocorrelationDescriptor,Moran autocorrelation - lag 4 / weighted by first ionization potential,2D
RDF135m,0.000356486274654,RDFDescriptor,Radial distribution function - 135 / weighted by relative mass,3D
ASP-6,0.0003560695461865,PaDELChiPathDescriptor,"Average simple path, order 6",2D
ETA_Eta_L,0.0003560275740523,ExtendedTopochemicalAtomDescriptor,Local index Eta_local,2D
PubchemFP308,0.0003547619057924,Atom Pairs,O-H,FP
PubchemFP695,0.0003547243892932,SMARTS patterns,O=C-C-C-C-C-N,FP
PubchemFP18,0.0003545660780727,Element Counts,>= 1 O,FP
Ku,0.0003545376113847,PaDELWHIMDescriptor,K global shape index / unweighted,3D
minHBint2,0.0003536558170094,ElectrotopologicalStateAtomTypeDescriptor,Minimum E-State descriptors of strength for potential Hydrogen Bonds of path length 2,2D
PubchemFP352,0.0003535736372929,"Atom Nearest Neighbors (""~"" bond, "":""bond aromaticity)",C(~C)(~O),FP
MDEO-11,0.000353488503383,MDEDescriptor,Molecular distance edge between all primary oxygens ,2D
PubchemFP672,0.0003527307569177,SMARTS patterns,O=C-C=C-[#1],FP
PubchemFP438,0.0003520616753308,"Atom Neighborhoods (""-"", ""="", and ""#"" matches a single, double, and triple bond order)",C(-C)(-N)(=N),FP
nHBDon_Lipinski,0.0003520240557951,PaDELHBondDonorCountDescriptor,Number of hydrogen bond donors (using Lipinski's definition: Any OH or NH. Each available hydrogen atom is counted as one hydrogen bond donor),2D
RDF85u,0.0003506887921183,RDFDescriptor,Radial distribution function - 085 / unweighted,3D
ATSC1e,0.0003505959190043,AutocorrelationDescriptor,Centered Broto-Moreau autocorrelation - lag 1 / weighted by Sanderson electronegativities,2D
PubchemFP689,0.0003491267843591,SMARTS patterns,O-C-C-C-C-C-C,FP
GRAVH-2,0.0003480216292168,GravitationalIndexDescriptor,Square root of hydrogen-included gravitational index ,3D
ATSC4e,0.0003461817597634,AutocorrelationDescriptor,Centered Broto-Moreau autocorrelation - lag 4 / weighted by Sanderson electronegativities,2D
MATS4v,0.0003451637313145,AutocorrelationDescriptor,Moran autocorrelation - lag 4 / weighted by van der Waals volumes,2D
SpMax2_Bhp,0.000344922490036,BurdenModifiedEigenvaluesDescriptor,Largest absolute eigenvalue of Burden modified matrix - n 2 / weighted by relative polarizabilities,2D
RDF40s,0.0003446891778612,RDFDescriptor,Radial distribution function - 040 / weighted by relative I-state,3D
AATSC6c,0.0003442575725907,AutocorrelationDescriptor,Average centered Broto-Moreau autocorrelation - lag 6 / weighted by charges,2D
GATS1e,0.0003441060324031,AutocorrelationDescriptor,Geary autocorrelation - lag 1 / weighted by Sanderson electronegativities,2D
RDF20s,0.0003428771427608,RDFDescriptor,Radial distribution function - 020 / weighted by relative I-state,3D
SpMax5_Bhm,0.0003424624294787,BurdenModifiedEigenvaluesDescriptor,Largest absolute eigenvalue of Burden modified matrix - n 5 / weighted by relative mass,2D
ATS7i,0.0003423014836567,AutocorrelationDescriptor,Broto-Moreau autocorrelation - lag 7 / weighted by first ionization potential,2D
MATS5i,0.0003401175928741,AutocorrelationDescriptor,Moran autocorrelation - lag 5 / weighted by first ionization potential,2D
RDF145p,0.0003387155129792,RDFDescriptor,Radial distribution function - 145 / weighted by relative polarizabilities,3D
RDF120v,0.0003380666514007,RDFDescriptor,Radial distribution function - 120 / weighted by relative van der Waals volumes,3D
LipoaffinityIndex,0.0003353644518142,ElectrotopologicalStateAtomTypeDescriptor,Lipoaffinity index,2D
maxsssCH,0.0003344880131103,ElectrotopologicalStateAtomTypeDescriptor,Maximum atom-type E-State: >CH-,2D
AATS0p,0.0003343046010254,AutocorrelationDescriptor,Average Broto-Moreau autocorrelation - lag 0 / weighted by polarizabilities,2D
GATS5m,0.0003336445196388,AutocorrelationDescriptor,Geary autocorrelation - lag 5 / weighted by mass,2D
PubchemFP729,0.0003327030613088,SMARTS patterns 2,Nc1ccc(Cl)cc1,FP
TIC5,0.0003325923607642,InformationContentDescriptor,Total information content index (neighborhood symmetry of 5-order),2D
SpMax5_Bhe,0.0003323105527377,BurdenModifiedEigenvaluesDescriptor,Largest absolute eigenvalue of Burden modified matrix - n 5 / weighted by relative Sanderson electronegativities,2D
AATS6p,0.000331493142525,AutocorrelationDescriptor,Average Broto-Moreau autocorrelation - lag 6 / weighted by polarizabilities,2D
MATS1e,0.0003302793784183,AutocorrelationDescriptor,Moran autocorrelation - lag 1 / weighted by Sanderson electronegativities,2D
PubchemFP431,0.0003298244301441,"Atom Neighborhoods (""-"", ""="", and ""#"" matches a single, double, and triple bond order)",C(-C)(-C)(=N),FP
ATSC5p,0.0003279903462344,AutocorrelationDescriptor,Centered Broto-Moreau autocorrelation - lag 5 / weighted by polarizabilities,2D
VP-5,0.0003266717712907,PaDELChiPathDescriptor,"Valence path, order 5",2D
ETA_Eta,0.0003261206093118,ExtendedTopochemicalAtomDescriptor,Composite index Eta,2D
ATS5m,0.0003245624371073,AutocorrelationDescriptor,Broto-Moreau autocorrelation - lag 5 / weighted by mass,2D
BCUTp-1l,0.0003242636051078,BCUTDescriptor,nhigh lowest polarizability weighted BCUTS ,2D
RDF110i,0.0003240071476733,RDFDescriptor,Radial distribution function - 110 / weighted by relative first ionization potential,3D
RotBFrac,0.000323586038761,PaDELRotatableBondsCountDescriptor,"Fraction of rotatable bonds, excluding terminal bonds",2D
BIC4,0.0003222754263865,InformationContentDescriptor,Bond information content index (neighborhood symmetry of 4-order),2D
GATS6v,0.0003222089044312,AutocorrelationDescriptor,Geary autocorrelation - lag 6 / weighted by van der Waals volumes,2D
SpMax5_Bhs,0.0003220880544096,BurdenModifiedEigenvaluesDescriptor,Largest absolute eigenvalue of Burden modified matrix - n 5 / weighted by relative I-state,2D
ETA_EtaP,0.0003197188565041,ExtendedTopochemicalAtomDescriptor,Composite index Eta relative to molecular size,2D
P1e,0.0003195893585662,PaDELWHIMDescriptor,1st component shape directional WHIM index / weighted by relative Sanderson electronegativities,3D
minssO,0.000319103875193,ElectrotopologicalStateAtomTypeDescriptor,Minimum atom-type E-State: -O-,2D
piPC9,0.0003191002138254,PathCountDescriptor,Conventional bond order ID number of order 9 (ln(1+x),2D
SpMax_Dzv,0.0003189840945248,BaryszMatrixDescriptor,Leading eigenvalue from Barysz matrix / weighted by van der Waals volumes,2D
ATS6e,0.0003187269098692,AutocorrelationDescriptor,Broto-Moreau autocorrelation - lag 6 / weighted by Sanderson electronegativities,2D
PNSA-2,0.0003178472533296,CPSADescriptor,Partial negative surface area * total negative charge on the molecule,3D
ATSC4s,0.0003177165705007,AutocorrelationDescriptor,Centered Broto-Moreau autocorrelation - lag 4 / weighted by I-state,2D
MATS1c,0.0003173252158601,AutocorrelationDescriptor,Moran autocorrelation - lag 1 / weighted by charges,2D
RDF10p,0.0003166233493061,RDFDescriptor,Radial distribution function - 010 / weighted by relative polarizabilities,3D
AATS2m,0.0003156435512357,AutocorrelationDescriptor,Average Broto-Moreau autocorrelation - lag 2 / weighted by mass,2D
PubchemFP2,0.000315055539218,Element Counts,>= 16 H,FP
E2u,0.0003124493681225,PaDELWHIMDescriptor,2nd component accessibility directional WHIM index / unweighted,3D
AATS2v,0.000311920046098,AutocorrelationDescriptor,Average Broto-Moreau autocorrelation - lag 2 / weighted by van der Waals volumes,2D
MATS8v,0.0003098235451112,AutocorrelationDescriptor,Moran autocorrelation - lag 8 / weighted by van der Waals volumes,2D
McGowan_Volume,0.0003092244969289,McGowanVolumeDescriptor,McGowan characteristic volume,2D
RDF155u,0.0003088275948182,RDFDescriptor,Radial distribution function - 155 / unweighted,3D
PubchemFP646,0.0003086912698393,SMARTS patterns,O=C-N-C-[#1],FP
maxtsC,0.0003084124900313,ElectrotopologicalStateAtomTypeDescriptor,Maximum atom-type E-State: #C-,2D
nHsNH2,0.0003077114444775,ElectrotopologicalStateAtomTypeDescriptor,Count of atom-type H E-State: -NH2,2D
AATSC1e,0.0003070576714949,AutocorrelationDescriptor,Average centered Broto-Moreau autocorrelation - lag 1 / weighted by Sanderson electronegativities,2D
nBondsD,0.0003062703090907,PaDELBondCountDescriptor,Number of double bonds,2D
SpAD_D,0.0003061962703508,TopologicalDistanceMatrixDescriptor,Spectral absolute deviation from topological distance matrix,2D
TDB6s,0.0003051911215346,Autocorrelation3DDescriptor,3D topological distance based autocorrelation - lag 6 / weighted by I-state,3D
GRAV-4,0.0003051419618918,GravitationalIndexDescriptor,Gravitational index of all pairs of atoms (not just bonded pairs) ,3D
WTPT-4,0.0003048238763699,PaDELWeightedPathDescriptor,Sum of path lengths starting from oxygens,2D
AATS6i,0.0003037836346091,AutocorrelationDescriptor,Average Broto-Moreau autocorrelation - lag 6 / weighted by first ionization potential,2D
TDB10i,0.0003030326564436,Autocorrelation3DDescriptor,3D topological distance based autocorrelation - lag 10 / weighted by first ionization potential,3D
MATS6m,0.0003016565599091,AutocorrelationDescriptor,Moran autocorrelation - lag 6 / weighted by mass,2D
PubchemFP770,0.000300531808222,SMARTS patterns 2,Nc1c(N)cccc1,FP
PubchemFP609,0.000299738885136,SMARTS patterns,Cl-C-C-N-C,FP
ASP-4,0.000299609301788,PaDELChiPathDescriptor,"Average simple path, order 4",2D
AVP-1,0.0002992951818326,PaDELChiPathDescriptor,"Average valence path, order 1",2D
RDF145v,0.0002989042248777,RDFDescriptor,Radial distribution function - 145 / weighted by relative van der Waals volumes,3D
nBonds2,0.0002969251110245,PaDELBondCountDescriptor,Total number of bonds (including bonds to hydrogens),2D
TDB8e,0.0002968494881835,Autocorrelation3DDescriptor,3D topological distance based autocorrelation - lag 8 / weighted by Sanderson electronegativities,3D
RDF50i,0.0002967048580231,RDFDescriptor,Radial distribution function - 050 / weighted by relative first ionization potential,3D
TDB9r,0.0002942456834447,Autocorrelation3DDescriptor,3D topological distance based autocorrelation - lag 9 / weighted by covalent radius,3D
PubchemFP667,0.000294140773812,SMARTS patterns,C=C-C-O-[#1],FP
GATS1c,0.0002932718201941,AutocorrelationDescriptor,Geary autocorrelation - lag 1 / weighted by charges,2D
GGI10,0.0002928289099391,TopologicalChargeDescriptor,Topological charge index of order 10,2D
SpMax3_Bhi,0.0002925523545732,BurdenModifiedEigenvaluesDescriptor,Largest absolute eigenvalue of Burden modified matrix - n 3 / weighted by relative first ionization potential,2D
AATSC3p,0.0002919698652391,AutocorrelationDescriptor,Average centered Broto-Moreau autocorrelation - lag 3 / weighted by polarizabilities,2D
SpMin3_Bhp,0.0002907212995496,BurdenModifiedEigenvaluesDescriptor,Smallest absolute eigenvalue of Burden modified matrix - n 3 / weighted by relative polarizabilities,2D
GATS8c,0.0002901036757937,AutocorrelationDescriptor,Geary autocorrelation - lag 8 / weighted by charges,2D
nBondsM,0.0002900896579254,PaDELBondCountDescriptor,Total number of bonds that have bond order greater than one (aromatic bonds have bond order 1.5).,2D
RDF125v,0.0002896122613986,RDFDescriptor,Radial distribution function - 125 / weighted by relative van der Waals volumes,3D
apol,0.0002890914098737,APolDescriptor,Sum of the atomic polarizabilities (including implicit hydrogens),2D
AATS0v,0.0002876993963865,AutocorrelationDescriptor,Average Broto-Moreau autocorrelation - lag 0 / weighted by van der Waals volumes,2D
PubchemFP186,0.0002872045525968,Chemical Rings,>= 2 saturated or aromatic carbon-only ring size 6,FP
SHCsatu,0.0002867319747776,ElectrotopologicalStateAtomTypeDescriptor,Sum of atom-type H E-State: H on C sp3 bonded to unsaturated C,2D
SaasC,0.0002864730113293,ElectrotopologicalStateAtomTypeDescriptor,Sum of atom-type E-State: :C:-,2D
ETA_Shape_Y,0.0002841623079971,ExtendedTopochemicalAtomDescriptor,Shape index Y,2D
PubchemFP478,0.0002834889746829,SMARTS patterns,S-C=N-[#1],FP
RDF10s,0.0002818844758281,RDFDescriptor,Radial distribution function - 010 / weighted by relative I-state,3D
RDF140p,0.000278059525011,RDFDescriptor,Radial distribution function - 140 / weighted by relative polarizabilities,3D
RDF80m,0.0002765389392809,RDFDescriptor,Radial distribution function - 080 / weighted by relative mass,3D
TSRW,0.0002750704372823,WalkCountDescriptor,Total self-return walk count (up to order 10) (ln(1+x)),2D
Vv,0.0002738819803626,PaDELWHIMDescriptor,V total size index / weighted by relative van der Waals volumes,3D
VR1_D,0.0002720164938971,TopologicalDistanceMatrixDescriptor,Randic-like eigenvector-based index from topological distance matrix,2D
ATS1e,0.0002710827511899,AutocorrelationDescriptor,Broto-Moreau autocorrelation - lag 1 / weighted by Sanderson electronegativities,2D
ATSC6v,0.0002708195728214,AutocorrelationDescriptor,Centered Broto-Moreau autocorrelation - lag 6 / weighted by van der Waals volumes,2D
GATS6s,0.0002703685275297,AutocorrelationDescriptor,Geary autocorrelation - lag 6 / weighted by I-state,2D
mindNH,0.0002701076820844,ElectrotopologicalStateAtomTypeDescriptor,Minimum atom-type E-State: =NH,2D
MDEN-33,0.0002699449858691,MDEDescriptor,Molecular distance edge between all tertiary nitrogens,2D
As,0.0002697249166336,PaDELWHIMDescriptor,A total size index / weighted by relative I-state,3D
GATS3s,0.0002681245536052,AutocorrelationDescriptor,Geary autocorrelation - lag 3 / weighted by I-state,2D
nRing,0.0002679159899866,RingCountDescriptor,Number of rings,2D
ETA_Beta_s,0.0002660432247452,ExtendedTopochemicalAtomDescriptor,A measure of electronegative atom count of the molecule,2D
SpMin8_Bhp,0.0002625372303508,BurdenModifiedEigenvaluesDescriptor,Smallest absolute eigenvalue of Burden modified matrix - n 8 / weighted by relative polarizabilities,2D
AATS2p,0.0002620520078726,AutocorrelationDescriptor,Average Broto-Moreau autocorrelation - lag 2 / weighted by polarizabilities,2D
SP-2,0.0002617927424366,PaDELChiPathDescriptor,"Simple path, order 2",2D
SpMin7_Bhe,0.0002615324708925,BurdenModifiedEigenvaluesDescriptor,Smallest absolute eigenvalue of Burden modified matrix - n 7 / weighted by relative Sanderson electronegativities,2D
nF10Ring,0.0002612221905664,RingCountDescriptor,Number of 10-membered fused rings,2D
MATS2m,0.0002611581653636,AutocorrelationDescriptor,Moran autocorrelation - lag 2 / weighted by mass,2D
L2e,0.0002602332560881,PaDELWHIMDescriptor,2nd component size directional WHIM index / weighted by relative Sanderson electronegativities,3D
MATS5p,0.000259456073735,AutocorrelationDescriptor,Moran autocorrelation - lag 5 / weighted by polarizabilities,2D
GGI4,0.0002590613779735,TopologicalChargeDescriptor,Topological charge index of order 4,2D
maxHdNH,0.0002586727451983,ElectrotopologicalStateAtomTypeDescriptor,Maximum atom-type H E-State: =NH,2D
BIC0,0.0002578979926614,InformationContentDescriptor,Bond information content index (neighborhood symmetry of 0-order),2D
ATSC1p,0.0002577450745674,AutocorrelationDescriptor,Centered Broto-Moreau autocorrelation - lag 1 / weighted by polarizabilities,2D
JGI10,0.0002574563429194,TopologicalChargeDescriptor,Mean topological charge index of order 10,2D
MATS5v,0.0002572412925706,AutocorrelationDescriptor,Moran autocorrelation - lag 5 / weighted by van der Waals volumes,2D
PubchemFP621,0.0002562476818784,SMARTS patterns,N-C:C:C:N,FP
Ks,0.0002549570964127,PaDELWHIMDescriptor,K global shape index / weighted by relative I-state,3D
Tp,0.0002534415449475,PaDELWHIMDescriptor,T total size index / weighted by relative polarizabilities,3D
AATS1p,0.0002530363806168,AutocorrelationDescriptor,Average Broto-Moreau autocorrelation - lag 1 / weighted by polarizabilities,2D
PubchemFP21,0.0002526181853919,Element Counts,>= 8 O,FP
ATSC6s,0.0002495312655474,AutocorrelationDescriptor,Centered Broto-Moreau autocorrelation - lag 6 / weighted by I-state,2D
L1e,0.0002487708948315,PaDELWHIMDescriptor,1st component size directional WHIM index / weighted by relative Sanderson electronegativities,3D
SM1_Dzv,0.0002480674078456,BaryszMatrixDescriptor,Spectral moment of order 1 from Barysz matrix / weighted by van der Waals volumes,2D
RDF110e,0.0002477840533119,RDFDescriptor,Radial distribution function - 110 / weighted by relative Sanderson electronegativities,3D
RDF40i,0.000247099919718,RDFDescriptor,Radial distribution function - 040 / weighted by relative first ionization potential,3D
minsNH2,0.0002446898226712,ElectrotopologicalStateAtomTypeDescriptor,Minimum atom-type E-State: -NH2,2D
Av,0.0002446823243271,PaDELWHIMDescriptor,A total size index / weighted by relative van der Waals volumes,3D
ETA_Eta_R_L,0.0002446121264709,ExtendedTopochemicalAtomDescriptor,Local index Eta_local for reference alkane,2D
MIC0,0.000243992127665,InformationContentDescriptor,Modified information content index (neighborhood symmetry of 0-order),2D
RDF130m,0.0002439609863918,RDFDescriptor,Radial distribution function - 130 / weighted by relative mass,3D
Au,0.0002433585504169,PaDELWHIMDescriptor,A total size index / unweighted,3D
GRAVH-1,0.0002419883887486,GravitationalIndexDescriptor,Gravitational index - hydrogens included ,3D
PubchemFP194,0.0002418877441346,Chemical Rings,>= 3 saturated or aromatic nitrogen-containing ring size 6,FP
RDF155m,0.0002406197904898,RDFDescriptor,Radial distribution function - 155 / weighted by relative mass,3D
Vs,0.0002397931652445,PaDELWHIMDescriptor,V total size index / weighted by relative I-state,3D
Vu,0.0002393774303739,PaDELWHIMDescriptor,V total size index / unweighted,3D
Ki,0.0002392553248585,PaDELWHIMDescriptor,K global shape index / weighted by relative first ionization potential,3D
PubchemFP569,0.0002387644837482,SMARTS patterns,N-C-C-N,FP
maxdNH,0.0002386111929525,ElectrotopologicalStateAtomTypeDescriptor,Maximum atom-type E-State: =NH,2D
ATSC3s,0.0002384013161544,AutocorrelationDescriptor,Centered Broto-Moreau autocorrelation - lag 3 / weighted by I-state,2D
GATS8s,0.0002357834721729,AutocorrelationDescriptor,Geary autocorrelation - lag 8 / weighted by I-state,2D
P1s,0.0002347522637013,PaDELWHIMDescriptor,1st component shape directional WHIM index / weighted by relative I-state,3D
AATS7s,0.0002344510001972,AutocorrelationDescriptor,Average Broto-Moreau autocorrelation - lag 7 / weighted by I-state,2D
ASP-0,0.0002339272734817,PaDELChiPathDescriptor,"Average simple path, order 0",2D
nsssCH,0.0002337482391842,ElectrotopologicalStateAtomTypeDescriptor,Count of atom-type E-State: >CH-,2D
AVP-4,0.0002332714895062,PaDELChiPathDescriptor,"Average valence path, order 4",2D
DPSA-2,0.0002322336395499,CPSADescriptor,Difference of FPSA-2 and PNSA-2,3D
RDF125u,0.0002315578201809,RDFDescriptor,Radial distribution function - 125 / unweighted,3D
AATSC4i,0.0002314610503821,AutocorrelationDescriptor,Average centered Broto-Moreau autocorrelation - lag 4 / weighted by first ionization potential,2D
SpDiam_Dzs,0.0002308400787847,BaryszMatrixDescriptor,Spectral diameter from Barysz matrix / weighted by I-state,2D
GATS1s,0.0002306734294155,AutocorrelationDescriptor,Geary autocorrelation - lag 1 / weighted by I-state,2D
TDB7v,0.0002284004582277,Autocorrelation3DDescriptor,3D topological distance based autocorrelation - lag 7 / weighted by van der Waals volumes,3D
RDF90e,0.000228331229889,RDFDescriptor,Radial distribution function - 090 / weighted by relative Sanderson electronegativities,3D
TDB1e,0.0002268266413129,Autocorrelation3DDescriptor,3D topological distance based autocorrelation - lag 1 / weighted by Sanderson electronegativities,3D
MPC10,0.000226666982649,PathCountDescriptor,Molecular path count of order 10,2D
FNSA-3,0.0002261729662797,CPSADescriptor,PNSA-3 / total molecular surface area,3D
PubchemFP716,0.000225579768501,SMARTS patterns 2,Cc1ccc(N)cc1,FP
L2m,0.0002253248456567,PaDELWHIMDescriptor,2nd component size directional WHIM index / weighted by relative mass,3D
WTPT-3,0.000224613709649,PaDELWeightedPathDescriptor,Sum of path lengths starting from heteroatoms,2D
RPCG,0.0002227713816096,CPSADescriptor,Relative positive charge -- most positive charge / total positive charge,3D
AATS8v,0.0002227270311889,AutocorrelationDescriptor,Average Broto-Moreau autocorrelation - lag 8 / weighted by van der Waals volumes,2D
R_TpiPCTPC,0.0002226738766487,PathCountDescriptor,Ratio of total conventional bond order (up to order 10) with total path count (up to order 10),2D
Si,0.000221581804176,ConstitutionalDescriptor,Sum of first first ionization potentials (scaled on carbon atom),2D
GRAV-6,0.0002211309726257,GravitationalIndexDescriptor,Cube root of gravitational index of all pairs of atoms (not just bonded pairs) ,3D
AATS2i,0.0002205380529403,AutocorrelationDescriptor,Average Broto-Moreau autocorrelation - lag 2 / weighted by first ionization potential,2D
VE3_D,0.0002204829936267,TopologicalDistanceMatrixDescriptor,Logarithmic coefficient sum of the last eigenvector from topological distance matrix,2D
MDEO-22,0.0002203517506115,MDEDescriptor,Molecular distance edge between all secondary oxygens ,2D
PubchemFP499,0.0002198910968657,SMARTS patterns,N-C:C:N,FP
SpMax8_Bhm,0.0002194737444113,BurdenModifiedEigenvaluesDescriptor,Largest absolute eigenvalue of Burden modified matrix - n 8 / weighted by relative mass,2D
RDF60s,0.0002192133449341,RDFDescriptor,Radial distribution function - 060 / weighted by relative I-state,3D
PNSA-3,0.0002188597662651,CPSADescriptor,Charge weighted partial negative surface area,3D
PubchemFP663,0.0002169786787317,SMARTS patterns,O-C-C-O-[#1],FP
SaaaC,0.0002168539829658,ElectrotopologicalStateAtomTypeDescriptor,Sum of atom-type E-State: ::C:,2D
GGI1,0.0002161647997634,TopologicalChargeDescriptor,Topological charge index of order 1,2D
ATSC0p,0.0002161535936237,AutocorrelationDescriptor,Centered Broto-Moreau autocorrelation - lag 0 / weighted by polarizabilities,2D
MATS6i,0.0002161385894482,AutocorrelationDescriptor,Moran autocorrelation - lag 6 / weighted by first ionization potential,2D
PubchemFP256,0.0002152852196174,Chemical Rings,>= 1 hetero-aromatic ring,FP
MIC3,0.0002151442823912,InformationContentDescriptor,Modified information content index (neighborhood symmetry of 3-order),2D
ATS2p,0.0002139327055639,AutocorrelationDescriptor,Broto-Moreau autocorrelation - lag 2 / weighted by polarizabilities,2D
VR1_Dzi,0.0002131632329079,BaryszMatrixDescriptor,Randic-like eigenvector-based index from Barysz matrix / weighted by first ionization potential,2D
RDF105e,0.0002127814561703,RDFDescriptor,Radial distribution function - 105 / weighted by relative Sanderson electronegativities,3D
L1p,0.0002124600202742,PaDELWHIMDescriptor,1st component size directional WHIM index / weighted by relative polarizabilities,3D
SpMin2_Bhv,0.0002122986336945,BurdenModifiedEigenvaluesDescriptor,Smallest absolute eigenvalue of Burden modified matrix - n 2 / weighted by relative van der Waals volumes,2D
AATSC8m,0.0002117641271504,AutocorrelationDescriptor,Average centered Broto-Moreau autocorrelation - lag 8 / weighted by mass,2D
RDF65v,0.0002103111482419,RDFDescriptor,Radial distribution function - 065 / weighted by relative van der Waals volumes,3D
SHBd,0.0002091765082559,ElectrotopologicalStateAtomTypeDescriptor,Sum of E-States for (strong) hydrogen bond donors,2D
RDF25s,0.0002084374006729,RDFDescriptor,Radial distribution function - 025 / weighted by relative I-state,3D
RDF15p,0.0002080854738219,RDFDescriptor,Radial distribution function - 015 / weighted by relative polarizabilities,3D
gmax,0.0002074377320448,ElectrotopologicalStateAtomTypeDescriptor,Maximum E-State,2D
RDF155e,0.0002071809037133,RDFDescriptor,Radial distribution function - 155 / weighted by relative Sanderson electronegativities,3D
ETA_EtaP_F,0.000205978702167,ExtendedTopochemicalAtomDescriptor,Functionality index EtaF relative to molecular size,2D
AATSC1s,0.0002054285316547,AutocorrelationDescriptor,Average centered Broto-Moreau autocorrelation - lag 1 / weighted by I-state,2D
SpAbs_Dzm,0.0002052326603078,BaryszMatrixDescriptor,Graph energy from Barysz matrix / weighted by mass,2D
ATS0m,0.0002046492287739,AutocorrelationDescriptor,Broto-Moreau autocorrelation - lag 0 / weighted by mass,2D
AATSC4c,0.0002045017726961,AutocorrelationDescriptor,Average centered Broto-Moreau autocorrelation - lag 4 / weighted by charges,2D
RDF25i,0.0002032421504959,RDFDescriptor,Radial distribution function - 025 / weighted by relative first ionization potential,3D
PubchemFP199,0.0002008524091611,Chemical Rings,>= 4 any ring size 6,FP
RDF65e,0.0002007457896628,RDFDescriptor,Radial distribution function - 065 / weighted by relative Sanderson electronegativities,3D
PubchemFP601,0.0001985210076262,SMARTS patterns,N-C:C:C-N,FP
PubchemFP447,0.0001979995866767,"Atom Neighborhoods (""-"", ""="", and ""#"" matches a single, double, and triple bond order)",C(-H)(=N),FP
VR2_D,0.0001978351420651,TopologicalDistanceMatrixDescriptor,Normalized Randic-like eigenvector-based index from topological distance matrix,2D
RDF100i,0.0001976743407197,RDFDescriptor,Radial distribution function - 100 / weighted by relative first ionization potential,3D
nRotBt,0.0001971639338753,PaDELRotatableBondsCountDescriptor,"Number of rotatable bonds, including terminal bonds",2D
PubchemFP697,0.0001970392648433,SMARTS patterns,C-C-C-C-C-C(C)-C,FP
JGI3,0.0001954650086631,TopologicalChargeDescriptor,Mean topological charge index of order 3,2D
SssO,0.0001953742470089,ElectrotopologicalStateAtomTypeDescriptor,Sum of atom-type E-State: -O-,2D
VR3_Dzp,0.0001941807466933,BaryszMatrixDescriptor,Logarithmic Randic-like eigenvector-based index from Barysz matrix / weighted by polarizabilities,2D
Ai,0.000193204822164,PaDELWHIMDescriptor,A total size index / weighted by relative first ionization potential,3D
RDF80p,0.0001925203555232,RDFDescriptor,Radial distribution function - 080 / weighted by relative polarizabilities,3D
PubchemFP536,0.0001922501729145,SMARTS patterns,O=C-C-N,FP
SpMax3_Bhe,0.0001920340385539,BurdenModifiedEigenvaluesDescriptor,Largest absolute eigenvalue of Burden modified matrix - n 3 / weighted by relative Sanderson electronegativities,2D
E3v,0.0001910089538041,PaDELWHIMDescriptor,3rd component accessibility directional WHIM index / weighted by relative van der Waals volumes,3D
SHsNH2,0.00019100166107,ElectrotopologicalStateAtomTypeDescriptor,Sum of atom-type H E-State: -NH2,2D
SHaaCH,0.000190655680333,ElectrotopologicalStateAtomTypeDescriptor,Sum of atom-type H E-State: :CH:,2D
TIC2,0.0001903863400193,InformationContentDescriptor,Total information content index (neighborhood symmetry of 2-order),2D
topoDiameter,0.0001903502190728,TopologicalDescriptor,Topological diameter (maximum atom eccentricity),2D
maxdO,0.0001879679307111,ElectrotopologicalStateAtomTypeDescriptor,Maximum atom-type E-State: =O,2D
minsCH3,0.0001842242376301,ElectrotopologicalStateAtomTypeDescriptor,Minimum atom-type E-State: -CH3,2D
VE3_Dzs,0.0001819150741399,BaryszMatrixDescriptor,Logarithmic coefficient sum of the last eigenvector from Barysz matrix / weighted by I-state,2D
VR3_Dzv,0.0001807463506907,BaryszMatrixDescriptor,Logarithmic Randic-like eigenvector-based index from Barysz matrix / weighted by van der Waals volumes,2D
PubchemFP470,0.0001807336693373,SMARTS patterns,C:C-C=C,FP
PubchemFP33,0.0001806572420457,Element Counts,>= 1 S,FP
StN,0.0001783582761137,ElectrotopologicalStateAtomTypeDescriptor,Sum of atom-type E-State: #N,2D
ATS6m,0.0001782935865897,AutocorrelationDescriptor,Broto-Moreau autocorrelation - lag 6 / weighted by mass,2D
PubchemFP17,0.0001770405783449,Element Counts,>= 8 N,FP
Km,0.00017678534361,PaDELWHIMDescriptor,K global shape index / weighted by relative mass,3D
TWC,0.0001758077225787,WalkCountDescriptor,Total walk count (up to order 10),2D
RDF145i,0.0001753520713868,RDFDescriptor,Radial distribution function - 145 / weighted by relative first ionization potential,3D
ETA_Shape_P,0.0001751041216672,ExtendedTopochemicalAtomDescriptor,Shape index P,2D
TDB5s,0.0001740054005067,Autocorrelation3DDescriptor,3D topological distance based autocorrelation - lag 5 / weighted by I-state,3D
MWC7,0.0001699417280028,WalkCountDescriptor,Molecular walk count of order 7 (ln(1+x),2D
RDF30s,0.0001695522485598,RDFDescriptor,Radial distribution function - 030 / weighted by relative I-state,3D
P2e,0.0001695453213536,PaDELWHIMDescriptor,2nd component shape directional WHIM index / weighted by relative Sanderson electronegativities,3D
RDF75i,0.0001692813830322,RDFDescriptor,Radial distribution function - 075 / weighted by relative first ionization potential,3D
SP-0,0.0001689060339117,PaDELChiPathDescriptor,"Simple path, order 0",2D
ATSC8e,0.0001687767828229,AutocorrelationDescriptor,Centered Broto-Moreau autocorrelation - lag 8 / weighted by Sanderson electronegativities,2D
AATSC2m,0.0001679246804767,AutocorrelationDescriptor,Average centered Broto-Moreau autocorrelation - lag 2 / weighted by mass,2D
PubchemFP371,0.0001679166176386,"Atom Nearest Neighbors (""~"" bond, "":""bond aromaticity)",C(~H)(:C)(:C),FP
L2u,0.0001674649821,PaDELWHIMDescriptor,2nd component size directional WHIM index / unweighted,3D
Mpe,0.0001650651413295,ConstitutionalDescriptor,Mean atomic Pauling electronegativities (scaled on carbon atom),2D
SpAD_Dzi,0.0001645714599756,BaryszMatrixDescriptor,Spectral absolute deviation from Barysz matrix / weighted by first ionization potential,2D
GATS4i,0.0001643192637098,AutocorrelationDescriptor,Geary autocorrelation - lag 4 / weighted by first ionization potential,2D
nBase,0.000164272246086,BasicGroupCountDescriptor,"Number of basic groups. The list of basic groups is defined by this SMARTS ""[$([NH2]-[CX4])]"", ""[$([NH](-[CX4])-[CX4])]"", ""[$(N(-[CX4])(-[CX4])-[CX4])]"", ""[$([*;+;!$(*~[*;-])])]"", ""[$(N=C-N)]"", and ""[$(N-C=N)]"" originally presented in JOELib",2D
MIC5,0.0001638936779504,InformationContentDescriptor,Modified information content index (neighborhood symmetry of 5-order),2D
RDF155i,0.0001637516048849,RDFDescriptor,Radial distribution function - 155 / weighted by relative first ionization potential,3D
MAXDN2,0.0001634837578168,ElectrotopologicalStateAtomTypeDescriptor,"Maximum negative intrinsic state difference in the molecule (related to the nucleophilicity of the molecule). Using deltaV = Zv-maxBondedHydrogens. Gramatica, P., Corradi, M., and Consonni, V. (2000). Modelling and prediction of soil sorption coefficients of non-ionic organic pesticides by molecular descriptors. Chemosphere 41, 763-777.",2D
maxdssC,0.0001632873003239,ElectrotopologicalStateAtomTypeDescriptor,Maximum atom-type E-State: =C<,2D
PubchemFP684,0.0001629713199339,SMARTS patterns,O=C-C-C-C-C,FP
RDF145s,0.0001619079429308,RDFDescriptor,Radial distribution function - 145 / weighted by relative I-state,3D
GATS3e,0.0001618626797124,AutocorrelationDescriptor,Geary autocorrelation - lag 3 / weighted by Sanderson electronegativities,2D
PubchemFP12,0.0001612645793214,Element Counts,>= 16 C,FP
GATS3c,0.0001612507249507,AutocorrelationDescriptor,Geary autocorrelation - lag 3 / weighted by charges,2D
MWC4,0.0001606164132492,WalkCountDescriptor,Molecular walk count of order 4 (ln(1+x),2D
PubchemFP728,0.0001594204851197,SMARTS patterns 2,Nc1ccc(N)cc1,FP
SHsOH,0.0001588429612312,ElectrotopologicalStateAtomTypeDescriptor,Sum of atom-type H E-State: -OH,2D
PubchemFP758,0.0001582571216172,SMARTS patterns 2,Cc1c(N)cccc1,FP
AATSC3c,0.0001579407232611,AutocorrelationDescriptor,Average centered Broto-Moreau autocorrelation - lag 3 / weighted by charges,2D
RDF110u,0.0001577411183137,RDFDescriptor,Radial distribution function - 110 / unweighted,3D
PubchemFP355,0.0001568201014264,"Atom Nearest Neighbors (""~"" bond, "":""bond aromaticity)",C(~C)(:C),FP
SpMin4_Bhv,0.0001565139665945,BurdenModifiedEigenvaluesDescriptor,Smallest absolute eigenvalue of Burden modified matrix - n 4 / weighted by relative van der Waals volumes,2D
RDF95u,0.0001552523401614,RDFDescriptor,Radial distribution function - 095 / unweighted,3D
VE2_DzZ,0.000152591397846,BaryszMatrixDescriptor,Average coefficient sum of the last eigenvector from Barysz matrix / weighted by atomic number,2D
SpMin1_Bhi,0.0001516957361341,BurdenModifiedEigenvaluesDescriptor,Smallest absolute eigenvalue of Burden modified matrix - n 1 / weighted by relative first ionization potential,2D
PubchemFP516,0.000150927136671,SMARTS patterns,[#1]-C=C-[#1],FP
ATS2s,0.0001508865745443,AutocorrelationDescriptor,Broto-Moreau autocorrelation - lag 2 / weighted by I-state,2D
AATS1e,0.000150102950953,AutocorrelationDescriptor,Average Broto-Moreau autocorrelation - lag 1 / weighted by Sanderson electronegativities,2D
TDB4r,0.0001492663810654,Autocorrelation3DDescriptor,3D topological distance based autocorrelation - lag 4 / weighted by covalent radius,3D
TDB9v,0.0001486941082158,Autocorrelation3DDescriptor,3D topological distance based autocorrelation - lag 9 / weighted by van der Waals volumes,3D
nHBint10,0.0001485599293886,ElectrotopologicalStateAtomTypeDescriptor,Count of E-State descriptors of strength for potential Hydrogen Bonds of path length 10,2D
RDF45s,0.0001455765603689,RDFDescriptor,Radial distribution function - 045 / weighted by relative I-state,3D
SpAbs_Dzs,0.0001451925083604,BaryszMatrixDescriptor,Graph energy from Barysz matrix / weighted by I-state,2D
PubchemFP435,0.0001448162958219,"Atom Neighborhoods (""-"", ""="", and ""#"" matches a single, double, and triple bond order)",C(-C)(-H)(=N),FP
RDF150m,0.0001441958302435,RDFDescriptor,Radial distribution function - 150 / weighted by relative mass,3D
De,0.0001430405095873,PaDELWHIMDescriptor,D total accessibility index / weighted by relative Sanderson electronegativities,3D
TDB4m,0.0001427500991239,Autocorrelation3DDescriptor,3D topological distance based autocorrelation - lag 4 / weighted by mass,3D
PubchemFP579,0.0001403351090748,SMARTS patterns,O=C-C-C-C,FP
SHBint4,0.0001403304035801,ElectrotopologicalStateAtomTypeDescriptor,Sum of E-State descriptors of strength for potential hydrogen bonds of path length 4,2D
TDB6v,0.0001402335141259,Autocorrelation3DDescriptor,3D topological distance based autocorrelation - lag 6 / weighted by van der Waals volumes,3D
Vi,0.0001396114425558,PaDELWHIMDescriptor,V total size index / weighted by relative first ionization potential,3D
VE2_D,0.0001392316537397,TopologicalDistanceMatrixDescriptor,Average coefficient sum of the last eigenvector from topological distance matrix,2D
SpMin5_Bhs,0.0001389072185304,BurdenModifiedEigenvaluesDescriptor,Smallest absolute eigenvalue of Burden modified matrix - n 5 / weighted by relative I-state,2D
RDF25e,0.0001388484380645,RDFDescriptor,Radial distribution function - 025 / weighted by relative Sanderson electronegativities,3D
VR2_Dze,0.0001380915100878,BaryszMatrixDescriptor,Normalized Randic-like eigenvector-based index from Barysz matrix / weighted by Sanderson electronegativities,2D
EE_Dzp,0.0001371290471152,BaryszMatrixDescriptor,Estrada-like index from Barysz matrix / weighted by polarizabilities (ln(1+x)),2D
Kp,0.0001366474152427,PaDELWHIMDescriptor,K global shape index / weighted by relative polarizabilities,3D
minHCsatu,0.000135881303583,ElectrotopologicalStateAtomTypeDescriptor,Minimum atom-type H E-State: H on C sp3 bonded to unsaturated C,2D
PubchemFP686,0.0001349824744594,SMARTS patterns,O=C-C-C-C-O,FP
AATSC8s,0.0001344465379769,AutocorrelationDescriptor,Average centered Broto-Moreau autocorrelation - lag 8 / weighted by I-state,2D
AATSC8e,0.0001333906097346,AutocorrelationDescriptor,Average centered Broto-Moreau autocorrelation - lag 8 / weighted by Sanderson electronegativities,2D
SpMAD_Dzm,0.0001323564894526,BaryszMatrixDescriptor,Spectral mean absolute deviation from Barysz matrix / weighted by mass,2D
MAXDP,0.0001322391207327,ElectrotopologicalStateAtomTypeDescriptor,"Maximum positive intrinsic state difference in the molecule (related to the electrophilicity of the molecule).  Using deltaV = (Zv-maxBondedHydrogens) /(atomicNumber-Zv-1). Gramatica, P., Corradi, M., and Consonni, V. (2000). Modelling and prediction of soil sorption coefficients of non-ionic organic pesticides by molecular descriptors. Chemosphere 41, 763-777.",2D
ATS4v,0.0001319658986503,AutocorrelationDescriptor,Broto-Moreau autocorrelation - lag 4 / weighted by van der Waals volumes,2D
ETA_Shape_X,0.0001310941122327,ExtendedTopochemicalAtomDescriptor,Shape index X,2D
AATSC2v,0.0001310540819119,AutocorrelationDescriptor,Average centered Broto-Moreau autocorrelation - lag 2 / weighted by van der Waals volumes,2D
maxsNH2,0.0001308045417185,ElectrotopologicalStateAtomTypeDescriptor,Maximum atom-type E-State: -NH2,2D
nHBAcc3,0.0001298158984789,PaDELHBondAcceptorCountDescriptor,"Number of hydrogen bond acceptors (any oxygen; any nitrogen where the formal charge of the nitrogen is non-positive (i.e. formal charge <= 0) except a non-aromatic nitrogen that is adjacent to an oxygen and aromatic ring, or an aromatic nitrogen with a hydrogen atom in a ring, or an aromatic nitrogen with 3 neighouring atoms in a ring, or a nitrogen with total bond order >=4, or a nitrogen in an amide bond; any fluorine)",2D
ETA_BetaP_ns_d,0.0001296645961564,ExtendedTopochemicalAtomDescriptor,A measure of lone electrons entering into resonance relative to molecular size,2D
AATSC6s,0.000129493096164,AutocorrelationDescriptor,Average centered Broto-Moreau autocorrelation - lag 6 / weighted by I-state,2D
nHother,0.0001290302600021,ElectrotopologicalStateAtomTypeDescriptor,"Count of atom-type H E-State: H on aaCH, dCH2 or dsCH",2D
VE3_Dze,0.0001286748456409,BaryszMatrixDescriptor,Logarithmic coefficient sum of the last eigenvector from Barysz matrix / weighted by Sanderson electronegativities,2D
WNSA-2,0.0001258733540559,CPSADescriptor,PNSA-2 * total molecular surface area / 1000,3D
RDF35p,0.0001250881115601,RDFDescriptor,Radial distribution function - 035 / weighted by relative polarizabilities,3D
TDB7m,0.00012388265038,Autocorrelation3DDescriptor,3D topological distance based autocorrelation - lag 7 / weighted by mass,3D
AATS7v,0.0001234324293416,AutocorrelationDescriptor,Average Broto-Moreau autocorrelation - lag 7 / weighted by van der Waals volumes,2D
PubchemFP180,0.0001227310887222,Chemical Rings,>= 1 saturated or aromatic nitrogen-containing ring size 6,FP
RDF30m,0.0001215315762974,RDFDescriptor,Radial distribution function - 030 / weighted by relative mass,3D
TDB3r,0.0001201829410316,Autocorrelation3DDescriptor,3D topological distance based autocorrelation - lag 3 / weighted by covalent radius,3D
MDEO-12,0.0001195563468985,MDEDescriptor,Molecular distance edge between all primary and secondary oxygens ,2D
PubchemFP821,0.0001182969247334,SMARTS patterns 2,CC1C(N)CCCC1,FP
ETA_Beta_ns,0.0001175933883637,ExtendedTopochemicalAtomDescriptor,A measure of electron-richness of the molecule,2D
SsF,0.0001173193992359,ElectrotopologicalStateAtomTypeDescriptor,Sum of atom-type E-State: -F,2D
SC-3,0.0001173037661201,ChiClusterDescriptor,"Simple cluster, order 3",2D
RDF155v,0.0001162246322481,RDFDescriptor,Radial distribution function - 155 / weighted by relative van der Waals volumes,3D
AATSC0e,0.0001152177921997,AutocorrelationDescriptor,Average centered Broto-Moreau autocorrelation - lag 0 / weighted by Sanderson electronegativities,2D
TDB1p,0.0001151588444807,Autocorrelation3DDescriptor,3D topological distance based autocorrelation - lag 1 / weighted by polarizabilities,3D
ntN,0.0001145005767932,ElectrotopologicalStateAtomTypeDescriptor,Count of atom-type E-State: #N,2D
PubchemFP741,0.0001130070388085,SMARTS patterns 2,Oc1cc(S)ccc1,FP
RDF25p,0.0001126795794672,RDFDescriptor,Radial distribution function - 025 / weighted by relative polarizabilities,3D
MATS3c,0.0001126029549034,AutocorrelationDescriptor,Moran autocorrelation - lag 3 / weighted by charges,2D
MDEC-34,0.0001124682552362,MDEDescriptor,Molecular distance edge between all tertiary and quaternary carbons ,2D
PubchemFP620,0.0001101481051393,SMARTS patterns,C:C-O-C-C,FP
RDF45i,0.0001094363509188,RDFDescriptor,Radial distribution function - 045 / weighted by relative first ionization potential,3D
MATS6p,0.0001091919109712,AutocorrelationDescriptor,Moran autocorrelation - lag 6 / weighted by polarizabilities,2D
SpMax3_Bhp,0.0001082314659829,BurdenModifiedEigenvaluesDescriptor,Largest absolute eigenvalue of Burden modified matrix - n 3 / weighted by relative polarizabilities,2D
piPC10,0.000106743888352,PathCountDescriptor,Conventional bond order ID number of order 10 (ln(1+x),2D
ATSC5m,0.0001064878298129,AutocorrelationDescriptor,Centered Broto-Moreau autocorrelation - lag 5 / weighted by mass,2D
TDB2s,0.0001057580340865,Autocorrelation3DDescriptor,3D topological distance based autocorrelation - lag 2 / weighted by I-state,3D
Mi,0.000104640376337,ConstitutionalDescriptor,Mean first first ionization potentials (scaled on carbon atom),2D
PubchemFP338,0.0001041327980839,"Atom Nearest Neighbors (""~"" bond, "":""bond aromaticity)",C(~C)(~C)(~H)(~N),FP
SpMax8_Bhe,0.0001038494914123,BurdenModifiedEigenvaluesDescriptor,Largest absolute eigenvalue of Burden modified matrix - n 8 / weighted by relative Sanderson electronegativities,2D
RDF45v,0.0001032448942572,RDFDescriptor,Radial distribution function - 045 / weighted by relative van der Waals volumes,3D
TDB2v,0.0001032000152235,Autocorrelation3DDescriptor,3D topological distance based autocorrelation - lag 2 / weighted by van der Waals volumes,3D
SC-6,0.0001031298702304,ChiClusterDescriptor,"Simple cluster, order 6",2D
RDF130e,0.0001013854823161,RDFDescriptor,Radial distribution function - 130 / weighted by relative Sanderson electronegativities,3D
ATSC5c,0.0001000417449341,AutocorrelationDescriptor,Centered Broto-Moreau autocorrelation - lag 5 / weighted by charges,2D
nTRing,9.981073596121436e-05,RingCountDescriptor,Number of rings (includes counts from fused rings),2D
RDF10i,9.933833022824911e-05,RDFDescriptor,Radial distribution function - 010 / weighted by relative first ionization potential,3D
RDF30e,9.783246163963533e-05,RDFDescriptor,Radial distribution function - 030 / weighted by relative Sanderson electronegativities,3D
RDF50s,9.757442683940852e-05,RDFDescriptor,Radial distribution function - 050 / weighted by relative I-state,3D
MWC9,9.723593704027422e-05,WalkCountDescriptor,Molecular walk count of order 9 (ln(1+x),2D
JGI6,9.691782122097648e-05,TopologicalChargeDescriptor,Mean topological charge index of order 6,2D
PubchemFP484,9.63782788877765e-05,SMARTS patterns,N-C:N:C,FP
PubchemFP405,9.567500204071822e-05,"Atom Nearest Neighbors (""~"" bond, "":""bond aromaticity)",O(~C)(~C),FP
SpMin6_Bhm,9.376758620011084e-05,BurdenModifiedEigenvaluesDescriptor,Smallest absolute eigenvalue of Burden modified matrix - n 6 / weighted by relative mass,2D
PubchemFP396,9.307862147910352e-05,"Atom Nearest Neighbors (""~"" bond, "":""bond aromaticity)",N(~C)(:C),FP
RDF115i,9.16839523388724e-05,RDFDescriptor,Radial distribution function - 115 / weighted by relative first ionization potential,3D
SRW4,8.946480104874422e-05,WalkCountDescriptor,Self-returning walk count of order 4 (ln(1+x),2D
SpMax_Dzs,8.89954941653781e-05,BaryszMatrixDescriptor,Leading eigenvalue from Barysz matrix / weighted by I-state,2D
TDB7p,8.836803620942968e-05,Autocorrelation3DDescriptor,3D topological distance based autocorrelation - lag 7 / weighted by polarizabilities,3D
SpMax4_Bhp,8.792149501659629e-05,BurdenModifiedEigenvaluesDescriptor,Largest absolute eigenvalue of Burden modified matrix - n 4 / weighted by relative polarizabilities,2D
VP-3,8.771572016368357e-05,PaDELChiPathDescriptor,"Valence path, order 3",2D
SC-5,8.760169092650872e-05,ChiClusterDescriptor,"Simple cluster, order 5",2D
GATS2e,8.754554998577913e-05,AutocorrelationDescriptor,Geary autocorrelation - lag 2 / weighted by Sanderson electronegativities,2D
RDF130v,8.646435552017717e-05,RDFDescriptor,Radial distribution function - 130 / weighted by relative van der Waals volumes,3D
MATS8c,8.526008957301378e-05,AutocorrelationDescriptor,Moran autocorrelation - lag 8 / weighted by charges,2D
Vp,8.51742225433938e-05,PaDELWHIMDescriptor,V total size index / weighted by relative polarizabilities,3D
ASP-1,8.464261896947711e-05,PaDELChiPathDescriptor,"Average simple path, order 1",2D
RDF145e,8.446149286638338e-05,RDFDescriptor,Radial distribution function - 145 / weighted by relative Sanderson electronegativities,3D
minaaaC,8.327117344538725e-05,ElectrotopologicalStateAtomTypeDescriptor,Minimum atom-type E-State: ::C:,2D
MDEN-11,8.207074573474138e-05,MDEDescriptor,Molecular distance edge between all primary nitrogens,2D
RDF65i,8.177863630451921e-05,RDFDescriptor,Radial distribution function - 065 / weighted by relative first ionization potential,3D
maxsOH,8.152908452044861e-05,ElectrotopologicalStateAtomTypeDescriptor,Maximum atom-type E-State: -OH,2D
TDB2p,8.063581323389802e-05,Autocorrelation3DDescriptor,3D topological distance based autocorrelation - lag 2 / weighted by polarizabilities,3D
SpMAD_D,8.063151063508744e-05,TopologicalDistanceMatrixDescriptor,Spectral mean absolute deviation from topological distance matrix,2D
TDB4p,8.017302690394024e-05,Autocorrelation3DDescriptor,3D topological distance based autocorrelation - lag 4 / weighted by polarizabilities,3D
maxssCH2,7.845707404227075e-05,ElectrotopologicalStateAtomTypeDescriptor,Maximum atom-type E-State: -CH2-,2D
PubchemFP593,7.778163083866918e-05,SMARTS patterns,N-C-C-C-N,FP
TDB7r,7.602027277843204e-05,Autocorrelation3DDescriptor,3D topological distance based autocorrelation - lag 7 / weighted by covalent radius,3D
ATS2i,7.494330011232897e-05,AutocorrelationDescriptor,Broto-Moreau autocorrelation - lag 2 / weighted by first ionization potential,2D
TDB6r,7.424694405956389e-05,Autocorrelation3DDescriptor,3D topological distance based autocorrelation - lag 6 / weighted by covalent radius,3D
RPSA,7.406942362089274e-05,CPSADescriptor,TPSA / total molecular surface area ,3D
TDB3u,7.346616075976087e-05,Autocorrelation3DDescriptor,3D topological distance based autocorrelation - lag 3 / unweighted,3D
SRW8,7.242735796049171e-05,WalkCountDescriptor,Self-returning walk count of order 8 (ln(1+x),2D
Te,7.183901916075763e-05,PaDELWHIMDescriptor,T total size index / weighted by relative Sanderson electronegativities,3D
SsNH2,7.117572777801673e-05,ElectrotopologicalStateAtomTypeDescriptor,Sum of atom-type E-State: -NH2,2D
TDB5v,7.026870732032008e-05,Autocorrelation3DDescriptor,3D topological distance based autocorrelation - lag 5 / weighted by van der Waals volumes,3D
VR3_Dze,6.828788951184217e-05,BaryszMatrixDescriptor,Logarithmic Randic-like eigenvector-based index from Barysz matrix / weighted by Sanderson electronegativities,2D
AATS6m,6.801240749669813e-05,AutocorrelationDescriptor,Average Broto-Moreau autocorrelation - lag 6 / weighted by mass,2D
SpMAD_Dzp,6.797643758529314e-05,BaryszMatrixDescriptor,Spectral mean absolute deviation from Barysz matrix / weighted by polarizabilities,2D
ATS0s,6.643327116493403e-05,AutocorrelationDescriptor,Broto-Moreau autocorrelation - lag 0 / weighted by I-state,2D
DPSA-3,6.602262992384533e-05,CPSADescriptor,Difference of PPSA-3 and PNSA-3,3D
RDF120m,6.544132850390127e-05,RDFDescriptor,Radial distribution function - 120 / weighted by relative mass,3D
RDF105p,6.5158757262751e-05,RDFDescriptor,Radial distribution function - 105 / weighted by relative polarizabilities,3D
nssCH2,6.317935382447182e-05,ElectrotopologicalStateAtomTypeDescriptor,Count of atom-type E-State: -CH2-,2D
MWC2,6.27514146039121e-05,WalkCountDescriptor,Molecular walk count of order 2 (ln(1+x),2D
Mp,6.179289020438183e-05,ConstitutionalDescriptor,Mean atomic polarizabilities (scaled on carbon atom),2D
maxHBa,6.118447242916547e-05,ElectrotopologicalStateAtomTypeDescriptor,Maximum E-States for (strong) Hydrogen Bond acceptors,2D
MLFER_BO,6.05947509944027e-05,MLFERDescriptor,Overall or summation solute hydrogen bond basicity,2D
piPC7,6.011677817677752e-05,PathCountDescriptor,Conventional bond order ID number of order 7 (ln(1+x),2D
RDF50e,5.78510312273961e-05,RDFDescriptor,Radial distribution function - 050 / weighted by relative Sanderson electronegativities,3D
piPC5,5.609532094811298e-05,PathCountDescriptor,Conventional bond order ID number of order 5 (ln(1+x),2D
SpAD_Dze,5.570478411051072e-05,BaryszMatrixDescriptor,Spectral absolute deviation from Barysz matrix / weighted by Sanderson electronegativities,2D
RDF40p,5.455799095956948e-05,RDFDescriptor,Radial distribution function - 040 / weighted by relative polarizabilities,3D
AATSC4m,5.372031283641387e-05,AutocorrelationDescriptor,Average centered Broto-Moreau autocorrelation - lag 4 / weighted by mass,2D
PubchemFP736,5.319198226332312e-05,SMARTS patterns 2,Cc1cc(S)ccc1,FP
MATS3p,5.234208871162105e-05,AutocorrelationDescriptor,Moran autocorrelation - lag 3 / weighted by polarizabilities,2D
DELS,5.193883339021932e-05,ElectrotopologicalStateAtomTypeDescriptor,"Sum of all atoms intrinsic state differences (measure of total charge transfer in the molecule).  Using deltaV = (Zv-maxBondedHydrogens) /(atomicNumber-Zv-1). Gramatica, P., Corradi, M., and Consonni, V. (2000). Modelling and prediction of soil sorption coefficients of non-ionic organic pesticides by molecular descriptors. Chemosphere 41, 763-777.",2D
VR3_Dzm,5.187317528420055e-05,BaryszMatrixDescriptor,Logarithmic Randic-like eigenvector-based index from Barysz matrix / weighted by mass,2D
PubchemFP720,5.174811477229868e-05,SMARTS patterns 2,Oc1ccc(S)cc1,FP
VR1_Dze,5.088675362837636e-05,BaryszMatrixDescriptor,Randic-like eigenvector-based index from Barysz matrix / weighted by Sanderson electronegativities,2D
PubchemFP710,5.061042558400786e-05,SMARTS patterns,C-C-C(C)-C-C,FP
MDEC-22,4.859602038435051e-05,MDEDescriptor,Molecular distance edge between all secondary carbons ,2D
SdsssP,4.756458198333924e-05,ElectrotopologicalStateAtomTypeDescriptor,Sum of atom-type E-State: ->P=,2D
SpMax7_Bhs,4.7054113258993005e-05,BurdenModifiedEigenvaluesDescriptor,Largest absolute eigenvalue of Burden modified matrix - n 7 / weighted by relative I-state,2D
VP-7,4.590126649767212e-05,PaDELChiPathDescriptor,"Valence path, order 7",2D
PubchemFP259,4.532621864663522e-05,Chemical Rings,>= 3 aromatic rings,FP
MDEN-22,4.525594410249578e-05,MDEDescriptor,Molecular distance edge between all secondary nitroqens ,2D
GGI8,4.452158480358071e-05,TopologicalChargeDescriptor,Topological charge index of order 8,2D
GATS1v,4.4226228170596295e-05,AutocorrelationDescriptor,Geary autocorrelation - lag 1 / weighted by van der Waals volumes,2D
SpMax6_Bhv,4.281581832621395e-05,BurdenModifiedEigenvaluesDescriptor,Largest absolute eigenvalue of Burden modified matrix - n 6 / weighted by relative van der Waals volumes,2D
PubchemFP257,4.258408921774537e-05,Chemical Rings,>= 2 aromatic rings,FP
PubchemFP144,4.2116506214895375e-05,Chemical Rings,>= 1 saturated or aromatic carbon-only ring size 5,FP
FNSA-2,4.201384493782712e-05,CPSADescriptor,PNSA-2 / total molecular surface area,3D
PubchemFP526,4.164172910064989e-05,SMARTS patterns,Cl-C:C-Cl,FP
SM1_Dzm,4.062372248755386e-05,BaryszMatrixDescriptor,Spectral moment of order 1 from Barysz matrix / weighted by mass,2D
AATS5p,3.9886320995075054e-05,AutocorrelationDescriptor,Average Broto-Moreau autocorrelation - lag 5 / weighted by polarizabilities,2D
VR3_Dzi,3.8736275533302056e-05,BaryszMatrixDescriptor,Logarithmic Randic-like eigenvector-based index from Barysz matrix / weighted by first ionization potential,2D
MIC2,3.813572051016845e-05,InformationContentDescriptor,Modified information content index (neighborhood symmetry of 2-order),2D
E3p,3.784880959214476e-05,PaDELWHIMDescriptor,3rd component accessibility directional WHIM index / weighted by relative polarizabilities,3D
SpMax8_Bhs,3.7007742729233686e-05,BurdenModifiedEigenvaluesDescriptor,Largest absolute eigenvalue of Burden modified matrix - n 8 / weighted by relative I-state,2D
SP-5,3.690606328256018e-05,PaDELChiPathDescriptor,"Simple path, order 5",2D
PubchemFP442,3.4101597081370726e-05,"Atom Neighborhoods (""-"", ""="", and ""#"" matches a single, double, and triple bond order)",C(-C)(=N),FP
ATS6v,3.3428044465644294e-05,AutocorrelationDescriptor,Broto-Moreau autocorrelation - lag 6 / weighted by van der Waals volumes,2D
GATS2c,3.293030707182121e-05,AutocorrelationDescriptor,Geary autocorrelation - lag 2 / weighted by charges,2D
WNSA-3,3.232158524817397e-05,CPSADescriptor,PNSA-3 * total molecular surface area / 1000,3D
SpMax1_Bhp,3.0211555249415323e-05,BurdenModifiedEigenvaluesDescriptor,Largest absolute eigenvalue of Burden modified matrix - n 1 / weighted by relative polarizabilities,2D
RDF25m,2.964991076234158e-05,RDFDescriptor,Radial distribution function - 025 / weighted by relative mass,3D
ATS4m,2.7783085845478612e-05,AutocorrelationDescriptor,Broto-Moreau autocorrelation - lag 4 / weighted by mass,2D
TDB3v,2.689418994127335e-05,Autocorrelation3DDescriptor,3D topological distance based autocorrelation - lag 3 / weighted by van der Waals volumes,3D
RDF140s,2.627582696912434e-05,RDFDescriptor,Radial distribution function - 140 / weighted by relative I-state,3D
RDF110v,2.6051798246973237e-05,RDFDescriptor,Radial distribution function - 110 / weighted by relative van der Waals volumes,3D
ATS1i,2.5365179792913307e-05,AutocorrelationDescriptor,Broto-Moreau autocorrelation - lag 1 / weighted by first ionization potential,2D
EE_Dzi,2.004264606492168e-05,BaryszMatrixDescriptor,Estrada-like index from Barysz matrix / weighted by first ionization potential (ln(1+x)),2D
ATS1m,1.9532336425820415e-05,AutocorrelationDescriptor,Broto-Moreau autocorrelation - lag 1 / weighted by mass,2D
PubchemFP757,1.8490429065820543e-05,SMARTS patterns 2,Cc1c(S)cccc1,FP
PubchemFP599,1.586966845112947e-05,SMARTS patterns,[#1]-C-C=C-[#1],FP
SpMax3_Bhv,1.347057763776416e-05,BurdenModifiedEigenvaluesDescriptor,Largest absolute eigenvalue of Burden modified matrix - n 3 / weighted by relative van der Waals volumes,2D
RDF50u,1.341752287337128e-05,RDFDescriptor,Radial distribution function - 050 / unweighted,3D
Tv,1.3343537511012471e-05,PaDELWHIMDescriptor,T total size index / weighted by relative van der Waals volumes,3D
SHCsats,1.2541305813895677e-05,ElectrotopologicalStateAtomTypeDescriptor,Sum of atom-type H E-State: H on C sp3 bonded to saturated C,2D
maxHBint2,1.2442577460825e-05,ElectrotopologicalStateAtomTypeDescriptor,Maximum E-State descriptors of strength for potential Hydrogen Bonds of path length 2,2D
P2s,1.1635161941692118e-05,PaDELWHIMDescriptor,2nd component shape directional WHIM index / weighted by relative I-state,3D
MLFER_L,1.1464639345803996e-05,MLFERDescriptor,Solute gas-hexadecane partition coefficient,2D
PubchemFP179,1.1127466785443296e-05,Chemical Rings,>= 1 saturated or aromatic carbon-only ring size 6,FP
Kv,1.0926175985170872e-05,PaDELWHIMDescriptor,K global shape index / weighted by relative van der Waals volumes,3D
mindssC,1.0053719512970184e-05,ElectrotopologicalStateAtomTypeDescriptor,Minimum atom-type E-State: =C<,2D
SpMax6_Bhm,9.939656725965753e-06,BurdenModifiedEigenvaluesDescriptor,Largest absolute eigenvalue of Burden modified matrix - n 6 / weighted by relative mass,2D
IC4,9.20851693340108e-06,InformationContentDescriptor,Information content index (neighborhood symmetry of 4-order),2D
nHsOH,8.498522243216566e-06,ElectrotopologicalStateAtomTypeDescriptor,Count of atom-type H E-State: -OH,2D
PubchemFP580,5.340869132253178e-06,SMARTS patterns,O=C-C-C-N,FP
VP-4,5.282851639565323e-06,PaDELChiPathDescriptor,"Valence path, order 4",2D
RDF25v,4.395871919571359e-06,RDFDescriptor,Radial distribution function - 025 / weighted by relative van der Waals volumes,3D
PubchemFP636,3.0797651886960155e-06,SMARTS patterns,C-N-C-N-C,FP
TDB7s,3.06844157035302e-06,Autocorrelation3DDescriptor,3D topological distance based autocorrelation - lag 7 / weighted by I-state,3D
ETA_Epsilon_2,1.1453043077147562e-06,ExtendedTopochemicalAtomDescriptor,A measure of electronegative atom count,2D
PubchemFP376,1.0001948053228738e-06,"Atom Nearest Neighbors (""~"" bond, "":""bond aromaticity)",C(~N)(:C),FP
SsI,0.0,ElectrotopologicalStateAtomTypeDescriptor,Sum of atom-type E-State: -I,2D
PubchemFP467,0.0,SMARTS patterns,C=N-N-C,FP
PubchemFP468,0.0,SMARTS patterns,O=S-C-N,FP
TDB4i,0.0,Autocorrelation3DDescriptor,3D topological distance based autocorrelation - lag 4 / weighted by first ionization potential,3D
TDB1i,0.0,Autocorrelation3DDescriptor,3D topological distance based autocorrelation - lag 1 / weighted by first ionization potential,3D
PubchemFP462,0.0,SMARTS patterns,O-C-C=O,FP
nHsssNHp,0.0,ElectrotopologicalStateAtomTypeDescriptor,Count of atom-type H E-State: >NH-+,2D
PubchemFP559,0.0,SMARTS patterns,O-C-N-[#1],FP
PubchemFP840,0.0,SMARTS patterns 2,CC1CC(O)CC1,FP
PubchemFP496,0.0,SMARTS patterns,N:N-C-[#1],FP
PubchemFP722,0.0,SMARTS patterns 2,Oc1ccc(Cl)cc1,FP
PubchemFP519,0.0,SMARTS patterns,N=C-N-C,FP
PubchemFP1,0.0,Element Counts,>= 8 H,FP
PubchemFP746,0.0,SMARTS patterns 2,Sc1cc(N)ccc1,FP
SRW3,0.0,WalkCountDescriptor,Self-returning walk count of order 3 (ln(1+x),2D
nHtCH,0.0,ElectrotopologicalStateAtomTypeDescriptor,Count of atom-type H E-State: #CH,2D
PubchemFP3,0.0,Element Counts,>= 32 H,FP
PubchemFP13,0.0,Element Counts,>= 32 C,FP
PubchemFP15,0.0,Element Counts,>= 2 N,FP
maxssssC,0.0,ElectrotopologicalStateAtomTypeDescriptor,Maximum atom-type E-State: >C<,2D
TDB2i,0.0,Autocorrelation3DDescriptor,3D topological distance based autocorrelation - lag 2 / weighted by first ionization potential,3D
PubchemFP724,0.0,SMARTS patterns 2,Sc1ccc(S)cc1,FP
TDB1u,0.0,Autocorrelation3DDescriptor,3D topological distance based autocorrelation - lag 1 / unweighted,3D
PubchemFP25,0.0,Element Counts,>= 4 F,FP
nI,0.0,AtomCountDescriptor,Number of iodine atoms,2D
TDB3i,0.0,Autocorrelation3DDescriptor,3D topological distance based autocorrelation - lag 3 / weighted by first ionization potential,3D
PubchemFP560,0.0,SMARTS patterns,N-C-N-C,FP
PubchemFP150,0.0,Chemical Rings,>= 2 any ring size 5,FP
PubchemFP649,0.0,SMARTS patterns,O=N-C:C-O,FP
SssssBm,0.0,ElectrotopologicalStateAtomTypeDescriptor,Sum of atom-type E-State: >B<-,2D
SHsssNHp,0.0,ElectrotopologicalStateAtomTypeDescriptor,Sum of atom-type H E-State: >NH-+,2D
SHtCH,0.0,ElectrotopologicalStateAtomTypeDescriptor,Sum of atom-type H E-State: #CH,2D
PubchemFP347,0.0,"Atom Nearest Neighbors (""~"" bond, "":""bond aromaticity)",C(~C)(~H)(~O)(~O),FP
PubchemFP730,0.0,SMARTS patterns 2,Nc1ccc(Br)cc1,FP
C4SP3,0.0,PaDELCarbonTypesDescriptor,Singly bound carbon bound to four other carbons ,2D
SCH-3,0.0,ChiChainDescriptor,"Simple chain, order 3",2D
MDEC-44,0.0,MDEDescriptor,Molecular distance edge between all quaternary carbons ,2D
PubchemFP679,0.0,SMARTS patterns,C-C-C-C-C-C,FP
SCH-4,0.0,ChiChainDescriptor,"Simple chain, order 4",2D
VCH-4,0.0,ChiChainDescriptor,"Valence chain, order 4",2D
PubchemFP765,0.0,SMARTS patterns 2,Oc1c(Br)cccc1,FP
PubchemFP687,0.0,SMARTS patterns,O=C-C-C-C=O,FP
PubchemFP760,0.0,SMARTS patterns 2,Cc1c(Br)cccc1,FP
SsssNHp,0.0,ElectrotopologicalStateAtomTypeDescriptor,Sum of atom-type E-State: >NH-+,2D
PubchemFP375,0.0,"Atom Nearest Neighbors (""~"" bond, "":""bond aromaticity)",C(~N)(~N),FP
PubchemFP305,0.0,Atom Pairs,N-S,FP
PubchemFP299,0.0,Atom Pairs,N-H,FP
PubchemFP631,0.0,SMARTS patterns,O-C:C-O-[#1],FP
StCH,0.0,ElectrotopologicalStateAtomTypeDescriptor,Sum of atom-type E-State: #CH,2D
PubchemFP153,0.0,Chemical Rings,>= 2 saturated or aromatic heteroatom-containing ring size 5,FP
TDB5i,0.0,Autocorrelation3DDescriptor,3D topological distance based autocorrelation - lag 5 / weighted by first ionization potential,3D
PubchemFP582,0.0,SMARTS patterns,C-C-C-C-C,FP
PubchemFP587,0.0,SMARTS patterns,N-C:C-O-[#1],FP
nddssS,0.0,ElectrotopologicalStateAtomTypeDescriptor,Count of atom-type E-State: >S==,2D
PubchemFP190,0.0,Chemical Rings,>= 2 unsaturated non-aromatic nitrogen-containing ring size 6,FP
PubchemFP449,0.0,"Atom Neighborhoods (""-"", ""="", and ""#"" matches a single, double, and triple bond order)",C(-N)(=C),FP
PubchemFP505,0.0,SMARTS patterns,Cl-C:C-O,FP
PubchemFP610,0.0,SMARTS patterns,C-O-C-O-C,FP
PubchemFP215,0.0,Chemical Rings,>= 1 saturated or aromatic nitrogen-containing ring size 7,FP
SddssS,0.0,ElectrotopologicalStateAtomTypeDescriptor,Sum of atom-type E-State: >S==,2D
n4Ring,0.0,RingCountDescriptor,Number of 4-membered rings,2D
n3Ring,0.0,RingCountDescriptor,Number of 3-membered rings,2D
PubchemFP622,0.0,SMARTS patterns,O=C-O-C:C,FP
nB,0.0,AtomCountDescriptor,Number of boron atoms,2D
PubchemFP446,0.0,"Atom Neighborhoods (""-"", ""="", and ""#"" matches a single, double, and triple bond order)",C(-H)(=C),FP
PubchemFP727,0.0,SMARTS patterns 2,Sc1ccc(Br)cc1,FP
geomDiameter,-3.0062323350121822e-06,PaDELPetitjeanShapeIndexDescriptor,Geometrical diameter (maximum geometric eccentricity),3D
PubchemFP645,-5.214875287529175e-06,SMARTS patterns,O=C-N-C-C,FP
P1p,-5.430741947298756e-06,PaDELWHIMDescriptor,1st component shape directional WHIM index / weighted by relative polarizabilities,3D
RDF100m,-5.572211454474285e-06,RDFDescriptor,Radial distribution function - 100 / weighted by relative mass,3D
L1m,-6.183819845340111e-06,PaDELWHIMDescriptor,1st component size directional WHIM index / weighted by relative mass,3D
SP-7,-6.744066098052226e-06,PaDELChiPathDescriptor,"Simple path, order 7",2D
MDEN-12,-9.110770706510783e-06,MDEDescriptor,Molecular distance edge between all primary and secondary nitrogens ,2D
ATS5i,-9.51717680112152e-06,AutocorrelationDescriptor,Broto-Moreau autocorrelation - lag 5 / weighted by first ionization potential,2D
GATS4c,-9.526235814805162e-06,AutocorrelationDescriptor,Geary autocorrelation - lag 4 / weighted by charges,2D
SpMin7_Bhv,-1.1112539732560657e-05,BurdenModifiedEigenvaluesDescriptor,Smallest absolute eigenvalue of Burden modified matrix - n 7 / weighted by relative van der Waals volumes,2D
SpMax5_Bhp,-1.130613687708726e-05,BurdenModifiedEigenvaluesDescriptor,Largest absolute eigenvalue of Burden modified matrix - n 5 / weighted by relative polarizabilities,2D
C1SP3,-1.164062465023319e-05,PaDELCarbonTypesDescriptor,Singly bound carbon bound to one other carbon ,2D
MOMI-X,-1.3564643793761988e-05,MomentOfInertiaDescriptor,Moment of inertia along X axis ,3D
PubchemFP639,-1.390895883708332e-05,SMARTS patterns,O-C-C-C-O,FP
SpAD_Dzs,-1.4517430683880229e-05,BaryszMatrixDescriptor,Spectral absolute deviation from Barysz matrix / weighted by I-state,2D
PubchemFP694,-1.4858118498495276e-05,SMARTS patterns,O=C-C-C-C-C=O,FP
IC3,-1.5260797498950483e-05,InformationContentDescriptor,Information content index (neighborhood symmetry of 3-order),2D
RDF95i,-1.5727883378113816e-05,RDFDescriptor,Radial distribution function - 095 / weighted by relative first ionization potential,3D
ZMIC0,-1.580591858576508e-05,InformationContentDescriptor,Z-modified information content index (neighborhood symmetry of 0-order),2D
AATSC3s,-1.655061470601238e-05,AutocorrelationDescriptor,Average centered Broto-Moreau autocorrelation - lag 3 / weighted by I-state,2D
SpDiam_D,-1.6840153738151287e-05,TopologicalDistanceMatrixDescriptor,Spectral diameter from topological distance matrix,2D
MLogP,-1.740684193884956e-05,MannholdLogPDescriptor,Mannhold LogP,2D
FMF,-1.7609847278199363e-05,FMFDescriptor,Complexity of a molecule,2D
SpMAD_Dzv,-1.794112456453556e-05,BaryszMatrixDescriptor,Spectral mean absolute deviation from Barysz matrix / weighted by van der Waals volumes,2D
RDF125s,-1.837390500979419e-05,RDFDescriptor,Radial distribution function - 125 / weighted by relative I-state,3D
TDB6i,-1.8986874753912363e-05,Autocorrelation3DDescriptor,3D topological distance based autocorrelation - lag 6 / weighted by first ionization potential,3D
mindO,-2.0165876171551745e-05,ElectrotopologicalStateAtomTypeDescriptor,Minimum atom-type E-State: =O,2D
SHaaNH,-2.2789273501122583e-05,ElectrotopologicalStateAtomTypeDescriptor,Sum of atom-type H E-State: :NH:,2D
SpMax_D,-2.388179988206396e-05,TopologicalDistanceMatrixDescriptor,Leading eigenvalue from topological distance matrix,2D
maxssO,-2.547855497122553e-05,ElectrotopologicalStateAtomTypeDescriptor,Maximum atom-type E-State: -O-,2D
PubchemFP709,-2.560409893429538e-05,SMARTS patterns,C-C(C)-C-C-C,FP
ATS5e,-2.6270957733565137e-05,AutocorrelationDescriptor,Broto-Moreau autocorrelation - lag 5 / weighted by Sanderson electronegativities,2D
Kier3,-2.6498725318491177e-05,KappaShapeIndicesDescriptor,Third kappa (?) shape index ,2D
maxHBint7,-2.6760098956934987e-05,ElectrotopologicalStateAtomTypeDescriptor,Maximum E-State descriptors of strength for potential Hydrogen Bonds of path length 7,2D
AATSC8p,-2.689511261970701e-05,AutocorrelationDescriptor,Average centered Broto-Moreau autocorrelation - lag 8 / weighted by polarizabilities,2D
SM1_Dzp,-2.772336240444151e-05,BaryszMatrixDescriptor,Spectral moment of order 1 from Barysz matrix / weighted by polarizabilities,2D
SpMax1_Bhv,-2.7762338477388403e-05,BurdenModifiedEigenvaluesDescriptor,Largest absolute eigenvalue of Burden modified matrix - n 1 / weighted by relative van der Waals volumes,2D
SpAbs_DzZ,-2.7912674671948245e-05,BaryszMatrixDescriptor,Graph energy from Barysz matrix / weighted by atomic number,2D
MWC5,-2.8460491820647693e-05,WalkCountDescriptor,Molecular walk count of order 5 (ln(1+x),2D
ATSC6i,-2.944685780598144e-05,AutocorrelationDescriptor,Centered Broto-Moreau autocorrelation - lag 6 / weighted by first ionization potential,2D
VE1_D,-2.984096468267028e-05,TopologicalDistanceMatrixDescriptor,Coefficient sum of the last eigenvector from topological distance matrix,2D
ETA_Beta_ns_d,-3.0096008111146765e-05,ExtendedTopochemicalAtomDescriptor,A measure of lone electrons entering into resonance,2D
AMR,-3.175272874738067e-05,ALOGPDescriptor,Molar refractivity,2D
SIC0,-3.224692991924405e-05,InformationContentDescriptor,Structural information content index (neighborhood symmetry of 0-order),2D
PubchemFP688,-3.280054183336656e-05,SMARTS patterns,C-C-C-C-C-C-C,FP
AATS5v,-3.3690382386541984e-05,AutocorrelationDescriptor,Average Broto-Moreau autocorrelation - lag 5 / weighted by van der Waals volumes,2D
SssCH2,-3.71164930299539e-05,ElectrotopologicalStateAtomTypeDescriptor,Sum of atom-type E-State: -CH2-,2D
ATSC0s,-3.755109686477409e-05,AutocorrelationDescriptor,Centered Broto-Moreau autocorrelation - lag 0 / weighted by I-state,2D
MATS5e,-3.8300181674022495e-05,AutocorrelationDescriptor,Moran autocorrelation - lag 5 / weighted by Sanderson electronegativities,2D
JGI1,-3.917203087703269e-05,TopologicalChargeDescriptor,Mean topological charge index of order 1,2D
minaaN,-3.9300293945609965e-05,ElectrotopologicalStateAtomTypeDescriptor,Minimum atom-type E-State: :N:,2D
nHBint5,-3.974404561312151e-05,ElectrotopologicalStateAtomTypeDescriptor,Count of E-State descriptors of strength for potential Hydrogen Bonds of path length 5,2D
GATS5v,-4.1287998683370295e-05,AutocorrelationDescriptor,Geary autocorrelation - lag 5 / weighted by van der Waals volumes,2D
TIC0,-4.16073137210482e-05,InformationContentDescriptor,Total information content index (neighborhood symmetry of 0-order),2D
ATSC1s,-4.225792211597357e-05,AutocorrelationDescriptor,Centered Broto-Moreau autocorrelation - lag 1 / weighted by I-state,2D
IC5,-4.282133610871153e-05,InformationContentDescriptor,Information content index (neighborhood symmetry of 5-order),2D
RDF115u,-4.284472808853135e-05,RDFDescriptor,Radial distribution function - 115 / unweighted,3D
AATS4s,-4.390151173553347e-05,AutocorrelationDescriptor,Average Broto-Moreau autocorrelation - lag 4 / weighted by I-state,2D
ATS3p,-4.412215975075906e-05,AutocorrelationDescriptor,Broto-Moreau autocorrelation - lag 3 / weighted by polarizabilities,2D
GATS6i,-4.439473541865135e-05,AutocorrelationDescriptor,Geary autocorrelation - lag 6 / weighted by first ionization potential,2D
AVP-3,-4.44655086314083e-05,PaDELChiPathDescriptor,"Average valence path, order 3",2D
ndssC,-4.512981732247567e-05,ElectrotopologicalStateAtomTypeDescriptor,Count of atom-type E-State: =C<,2D
VE1_Dze,-4.527484981110552e-05,BaryszMatrixDescriptor,Coefficient sum of the last eigenvector from Barysz matrix / weighted by Sanderson electronegativities,2D
VAdjMat,-4.575611005835922e-05,,,
VR1_Dzv,-4.589986302889759e-05,BaryszMatrixDescriptor,Randic-like eigenvector-based index from Barysz matrix / weighted by van der Waals volumes,2D
GATS4e,-4.617287381711854e-05,AutocorrelationDescriptor,Geary autocorrelation - lag 4 / weighted by Sanderson electronegativities,2D
nH,-4.687366945920202e-05,AtomCountDescriptor,Number of hydrogen atoms,2D
Ke,-4.7453950991593885e-05,PaDELWHIMDescriptor,K global shape index / weighted by relative Sanderson electronegativities,3D
PubchemFP528,-4.770776973268553e-05,SMARTS patterns,[#1]-N-C-[#1],FP
L3u,-4.778181755772381e-05,PaDELWHIMDescriptor,3rd component size directional WHIM index / unweighted,3D
E2i,-4.807773993626973e-05,PaDELWHIMDescriptor,2nd component accessibility directional WHIM index / weighted by relative first ionization potential,3D
minaaCH,-4.935716211714736e-05,ElectrotopologicalStateAtomTypeDescriptor,Minimum atom-type E-State: :CH:,2D
SpDiam_Dze,-5.1518820991691694e-05,BaryszMatrixDescriptor,Spectral diameter from Barysz matrix / weighted by Sanderson electronegativities,2D
maxaaaC,-5.183842744991285e-05,ElectrotopologicalStateAtomTypeDescriptor,Maximum atom-type E-State: ::C:,2D
TDB10e,-5.239226968887234e-05,Autocorrelation3DDescriptor,3D topological distance based autocorrelation - lag 10 / weighted by Sanderson electronegativities,3D
TDB10r,-5.289495177465131e-05,Autocorrelation3DDescriptor,3D topological distance based autocorrelation - lag 10 / weighted by covalent radius,3D
AATS7p,-5.337875740163423e-05,AutocorrelationDescriptor,Average Broto-Moreau autocorrelation - lag 7 / weighted by polarizabilities,2D
ATS6s,-5.392543888158574e-05,AutocorrelationDescriptor,Broto-Moreau autocorrelation - lag 6 / weighted by I-state,2D
RDF90u,-5.431663876334092e-05,RDFDescriptor,Radial distribution function - 090 / unweighted,3D
RDF115p,-5.523702794171248e-05,RDFDescriptor,Radial distribution function - 115 / weighted by relative polarizabilities,3D
MOMI-Y,-5.590131026751432e-05,MomentOfInertiaDescriptor,Moment of inertia along Y axis ,3D
GATS8p,-5.678103209099117e-05,AutocorrelationDescriptor,Geary autocorrelation - lag 8 / weighted by polarizabilities,2D
C3SP3,-5.9496793782498615e-05,PaDELCarbonTypesDescriptor,Singly bound carbon bound to three other carbons ,2D
SpDiam_Dzp,-5.981752105366223e-05,BaryszMatrixDescriptor,Spectral diameter from Barysz matrix / weighted by polarizabilities,2D
PubchemFP206,-5.998703767564617e-05,Chemical Rings,>= 5 any ring size 6,FP
RDF95s,-6.215266151414767e-05,RDFDescriptor,Radial distribution function - 095 / weighted by relative I-state,3D
P1m,-6.287061078276146e-05,PaDELWHIMDescriptor,1st component shape directional WHIM index / weighted by relative mass,3D
PubchemFP751,-6.621741854642149e-05,SMARTS patterns 2,Nc1cc(Br)ccc1,FP
ATS3m,-6.684965027151658e-05,AutocorrelationDescriptor,Broto-Moreau autocorrelation - lag 3 / weighted by mass,2D
GRAV-3,-6.706155768985145e-05,GravitationalIndexDescriptor,Cube root of gravitational index of heavy atoms ,3D
PubchemFP372,-6.845041078969993e-05,"Atom Nearest Neighbors (""~"" bond, "":""bond aromaticity)",C(~H)(:C)(:N),FP
minHother,-6.880746708551878e-05,ElectrotopologicalStateAtomTypeDescriptor,"Minimum atom-type H E-State: H on aaCH, dCH2 or dsCH",2D
TIC1,-6.912665553666652e-05,InformationContentDescriptor,Total information content index (neighborhood symmetry of 1-order),2D
naAromAtom,-6.93850052130296e-05,AromaticAtomsCountDescriptor,Number of aromatic atoms,2D
MDEC-33,-6.941534226447831e-05,MDEDescriptor,Molecular distance edge between all tertiary carbons,2D
MPC4,-6.947317892354032e-05,PathCountDescriptor,Molecular path count of order 4,2D
VE3_Dzi,-6.975314914333674e-05,BaryszMatrixDescriptor,Logarithmic coefficient sum of the last eigenvector from Barysz matrix / weighted by first ionization potential,2D
ETA_Epsilon_3,-7.092895336021642e-05,ExtendedTopochemicalAtomDescriptor,A measure of electronegative atom count,2D
SHother,-7.147129600770796e-05,ElectrotopologicalStateAtomTypeDescriptor,"Sum of atom-type H E-State: H on aaCH, dCH2 or dsCH",2D
RDF75m,-7.15368808947292e-05,RDFDescriptor,Radial distribution function - 075 / weighted by relative mass,3D
nAtomLAC,-7.381136375653741e-05,LongestAliphaticChainDescriptor,Number of atoms in the longest aliphatic chain,2D
RDF40u,-7.394539483872587e-05,RDFDescriptor,Radial distribution function - 040 / unweighted,3D
HybRatio,-7.474353897337637e-05,HybridizationRatioDescriptor,Fraction of sp3 carbons to sp2 carbons,2D
RDF45e,-7.50337462452455e-05,RDFDescriptor,Radial distribution function - 045 / weighted by relative Sanderson electronegativities,3D
MATS2i,-7.567181840962833e-05,AutocorrelationDescriptor,Moran autocorrelation - lag 2 / weighted by first ionization potential,2D
L1i,-7.57095974949773e-05,PaDELWHIMDescriptor,1st component size directional WHIM index / weighted by relative first ionization potential,3D
AATSC1p,-7.631715047476951e-05,AutocorrelationDescriptor,Average centered Broto-Moreau autocorrelation - lag 1 / weighted by polarizabilities,2D
PubchemFP581,-7.855635295433983e-05,SMARTS patterns,O=C-C-C-O,FP
L1u,-7.882420892032504e-05,PaDELWHIMDescriptor,1st component size directional WHIM index / unweighted,3D
WPOL,-7.891652791479631e-05,WienerNumbersDescriptor,Weiner polarity number ,2D
AATSC5p,-8.052502170308173e-05,AutocorrelationDescriptor,Average centered Broto-Moreau autocorrelation - lag 5 / weighted by polarizabilities,2D
RDF70e,-8.07766540242727e-05,RDFDescriptor,Radial distribution function - 070 / weighted by relative Sanderson electronegativities,3D
AATSC5m,-8.09117552858507e-05,AutocorrelationDescriptor,Average centered Broto-Moreau autocorrelation - lag 5 / weighted by mass,2D
WTPT-2,-8.091199109401259e-05,PaDELWeightedPathDescriptor,Molecular ID / number of atoms,2D
SpMax2_Bhe,-8.102447703287608e-05,BurdenModifiedEigenvaluesDescriptor,Largest absolute eigenvalue of Burden modified matrix - n 2 / weighted by relative Sanderson electronegativities,2D
nAtomLC,-8.316109923433013e-05,LargestChainDescriptor,Number of atoms in the largest chain,2D
MATS8s,-8.387180615785362e-05,AutocorrelationDescriptor,Moran autocorrelation - lag 8 / weighted by I-state,2D
ZMIC3,-8.416539360579511e-05,InformationContentDescriptor,Z-modified information content index (neighborhood symmetry of 3-order),2D
ETA_dEpsilon_C,-8.508470896242403e-05,ExtendedTopochemicalAtomDescriptor,A measure of contribution of electronegativity,2D
MATS8m,-8.564028328428286e-05,AutocorrelationDescriptor,Moran autocorrelation - lag 8 / weighted by mass,2D
SpDiam_Dzi,-8.690790646468383e-05,BaryszMatrixDescriptor,Spectral diameter from Barysz matrix / weighted by first ionization potential,2D
ETA_Eta_R,-8.750005614927003e-05,ExtendedTopochemicalAtomDescriptor,Composite index Eta for reference alkane,2D
VE3_Dzp,-8.83768517172534e-05,BaryszMatrixDescriptor,Logarithmic coefficient sum of the last eigenvector from Barysz matrix / weighted by polarizabilities,2D
MLFER_S,-8.950290621542178e-05,MLFERDescriptor,Combined dipolarity/polarizability,2D
PubchemFP370,-8.968024459493629e-05,"Atom Nearest Neighbors (""~"" bond, "":""bond aromaticity)",C(~H)(:C),FP
minssssC,-9.095515477984816e-05,ElectrotopologicalStateAtomTypeDescriptor,Minimum atom-type E-State: >C<,2D
SpMin3_Bhs,-9.130978730544914e-05,BurdenModifiedEigenvaluesDescriptor,Smallest absolute eigenvalue of Burden modified matrix - n 3 / weighted by relative I-state,2D
VE2_Dzv,-9.25661051876636e-05,BaryszMatrixDescriptor,Average coefficient sum of the last eigenvector from Barysz matrix / weighted by van der Waals volumes,2D
PubchemFP434,-9.29447208439904e-05,"Atom Neighborhoods (""-"", ""="", and ""#"" matches a single, double, and triple bond order)",C(-C)(-H)(=C),FP
PubchemFP359,-9.405378877980208e-05,"Atom Nearest Neighbors (""~"" bond, "":""bond aromaticity)",C(~C)(:N)(:N),FP
minHBa,-9.473142241996912e-05,ElectrotopologicalStateAtomTypeDescriptor,Minimum E-States for (strong) Hydrogen Bond acceptors,2D
PubchemFP698,-9.54460029125026e-05,SMARTS patterns,O-C-C-C-C-C-C-C,FP
ATSC6m,-9.635121318332108e-05,AutocorrelationDescriptor,Centered Broto-Moreau autocorrelation - lag 6 / weighted by mass,2D
TDB10p,-9.69056909330912e-05,Autocorrelation3DDescriptor,3D topological distance based autocorrelation - lag 10 / weighted by polarizabilities,3D
AVP-0,-9.794640754392512e-05,PaDELChiPathDescriptor,"Average valence path, order 0",2D
GATS5e,-9.844593449626073e-05,AutocorrelationDescriptor,Geary autocorrelation - lag 5 / weighted by Sanderson electronegativities,2D
nHBint2,-9.964666660985388e-05,ElectrotopologicalStateAtomTypeDescriptor,Count of E-State descriptors of strength for potential Hydrogen Bonds of path length 2,2D
ATS7p,-0.0001040617301051,AutocorrelationDescriptor,Broto-Moreau autocorrelation - lag 7 / weighted by polarizabilities,2D
PubchemFP607,-0.0001070830627737,SMARTS patterns,N-C-C-C:C,FP
AATSC1c,-0.0001071059132158,AutocorrelationDescriptor,Average centered Broto-Moreau autocorrelation - lag 1 / weighted by charges,2D
RDF35i,-0.0001076046701016,RDFDescriptor,Radial distribution function - 035 / weighted by relative first ionization potential,3D
RDF115s,-0.0001076815261137,RDFDescriptor,Radial distribution function - 115 / weighted by relative I-state,3D
SpAbs_Dzi,-0.000108359581021,BaryszMatrixDescriptor,Graph energy from Barysz matrix / weighted by first ionization potential,2D
ATS0p,-0.0001096374173853,AutocorrelationDescriptor,Broto-Moreau autocorrelation - lag 0 / weighted by polarizabilities,2D
VR3_Dt,-0.0001104805900292,DetourMatrixDescriptor,Logarithmic Randic-like eigenvector-based index from detour matrix,2D
AATSC1m,-0.0001114977448126,AutocorrelationDescriptor,Average centered Broto-Moreau autocorrelation - lag 1 / weighted by mass,2D
PubchemFP432,-0.0001118127295377,"Atom Neighborhoods (""-"", ""="", and ""#"" matches a single, double, and triple bond order)",C(-C)(-C)(=O),FP
PubchemFP339,-0.0001119614207776,"Atom Nearest Neighbors (""~"" bond, "":""bond aromaticity)",C(~C)(~C)(~H)(~O),FP
ATSC2m,-0.000112907314459,AutocorrelationDescriptor,Centered Broto-Moreau autocorrelation - lag 2 / weighted by mass,2D
AMW,-0.0001135184600876,PaDELWeightDescriptor,Average molecular weight (Molecular weight / Total number of atoms),2D
AATS6s,-0.0001136189102732,AutocorrelationDescriptor,Average Broto-Moreau autocorrelation - lag 6 / weighted by I-state,2D
PubchemFP539,-0.0001136514754123,SMARTS patterns,N=C-C-[#1],FP
VR3_Dzs,-0.0001142697820497,BaryszMatrixDescriptor,Logarithmic Randic-like eigenvector-based index from Barysz matrix / weighted by I-state,2D
TDB5p,-0.0001147108713903,Autocorrelation3DDescriptor,3D topological distance based autocorrelation - lag 5 / weighted by polarizabilities,3D
EE_D,-0.0001151384086149,TopologicalDistanceMatrixDescriptor,Estrada-like index from topological distance matrix,2D
SpMAD_Dze,-0.0001156810391606,BaryszMatrixDescriptor,Spectral mean absolute deviation from Barysz matrix / weighted by Sanderson electronegativities,2D
AATSC4v,-0.0001160576748126,AutocorrelationDescriptor,Average centered Broto-Moreau autocorrelation - lag 4 / weighted by van der Waals volumes,2D
PubchemFP557,-0.0001161247734202,SMARTS patterns,N:C-O-[#1],FP
VP-6,-0.0001188727309027,PaDELChiPathDescriptor,"Valence path, order 6",2D
Ts,-0.0001190879354028,PaDELWHIMDescriptor,T total size index / weighted by relative I-state,3D
MOMI-R,-0.0001191180075141,MomentOfInertiaDescriptor,Radius of gyration ,3D
TDB8r,-0.000121202353531,Autocorrelation3DDescriptor,3D topological distance based autocorrelation - lag 8 / weighted by covalent radius,3D
VP-0,-0.00012158406726,PaDELChiPathDescriptor,"Valence path, order 0",2D
GGI2,-0.0001216723912968,TopologicalChargeDescriptor,Topological charge index of order 2,2D
nP,-0.000121929478137,AtomCountDescriptor,Number of phosphorus atoms,2D
PubchemFP16,-0.0001220939830147,Element Counts,>= 4 N,FP
RDF90m,-0.0001225967672538,RDFDescriptor,Radial distribution function - 090 / weighted by relative mass,3D
AATS1m,-0.0001234731858388,AutocorrelationDescriptor,Average Broto-Moreau autocorrelation - lag 1 / weighted by mass,2D
SpMax2_Bhi,-0.0001238778323151,BurdenModifiedEigenvaluesDescriptor,Largest absolute eigenvalue of Burden modified matrix - n 2 / weighted by relative first ionization potential,2D
SpMax3_Bhm,-0.000124032865571,BurdenModifiedEigenvaluesDescriptor,Largest absolute eigenvalue of Burden modified matrix - n 3 / weighted by relative mass,2D
minaasC,-0.000124514639037,ElectrotopologicalStateAtomTypeDescriptor,Minimum atom-type E-State: :C:-,2D
L3e,-0.0001256779014138,PaDELWHIMDescriptor,3rd component size directional WHIM index / weighted by relative Sanderson electronegativities,3D
ETA_Eta_B_RC,-0.0001261566625196,ExtendedTopochemicalAtomDescriptor,Branching index EtaB (with ring correction),2D
maxHsOH,-0.0001282508007055,ElectrotopologicalStateAtomTypeDescriptor,Maximum atom-type H E-State: -OH,2D
RNCG,-0.0001283844571134,CPSADescriptor,Relative negative charge -- most negative charge / total negative charge,3D
ATS8s,-0.0001293773798998,AutocorrelationDescriptor,Broto-Moreau autocorrelation - lag 8 / weighted by I-state,2D
maxaaNH,-0.0001323615840704,ElectrotopologicalStateAtomTypeDescriptor,Maximum atom-type E-State: :NH:,2D
SaaNH,-0.0001349193699993,ElectrotopologicalStateAtomTypeDescriptor,Sum of atom-type E-State: :NH:,2D
nHeavyAtom,-0.0001356561167803,AtomCountDescriptor,Number of heavy atoms (i.e. not hydrogen),2D
MATS6v,-0.0001363066369837,AutocorrelationDescriptor,Moran autocorrelation - lag 6 / weighted by van der Waals volumes,2D
RDF155p,-0.0001380170922029,RDFDescriptor,Radial distribution function - 155 / weighted by relative polarizabilities,3D
SPC-4,-0.0001380272627998,ChiPathClusterDescriptor,"Simple path cluster, order 4",2D
MLFER_BH,-0.0001390310262251,MLFERDescriptor,Overall or summation solute hydrogen bond basicity,2D
ATS3s,-0.0001397535106415,AutocorrelationDescriptor,Broto-Moreau autocorrelation - lag 3 / weighted by I-state,2D
PubchemFP366,-0.0001408136493954,"Atom Nearest Neighbors (""~"" bond, "":""bond aromaticity)",C(~H)(~O),FP
MOMI-Z,-0.0001417727923885,MomentOfInertiaDescriptor,Moment of inertia along Z axis ,3D
PubchemFP374,-0.0001418767866468,"Atom Nearest Neighbors (""~"" bond, "":""bond aromaticity)",C(~H)(~H)(~H),FP
minssS,-0.0001422662178317,ElectrotopologicalStateAtomTypeDescriptor,Minimum atom-type E-State: -S-,2D
VP-2,-0.0001427918899228,PaDELChiPathDescriptor,"Valence path, order 2",2D
SsOH,-0.0001429449694484,ElectrotopologicalStateAtomTypeDescriptor,Sum of atom-type E-State: -OH,2D
PubchemFP19,-0.0001460830935867,Element Counts,>= 2 O,FP
TDB8i,-0.0001464692292491,Autocorrelation3DDescriptor,3D topological distance based autocorrelation - lag 8 / weighted by first ionization potential,3D
n6HeteroRing,-0.0001465480667292,RingCountDescriptor,"Number of 6-membered rings containing heteroatoms (N, O, P, S, or halogens)",2D
PubchemFP38,-0.0001468415801547,Element Counts,>= 2 Cl,FP
EE_DzZ,-0.0001474472927922,BaryszMatrixDescriptor,Estrada-like index from Barysz matrix / weighted by atomic number (ln(1+x)),2D
nO,-0.0001474515477823,AtomCountDescriptor,Number of oxygen atoms,2D
ETA_Beta,-0.0001497548668452,ExtendedTopochemicalAtomDescriptor,A measure of electronic features of the molecule,2D
PubchemFP768,-0.0001498378836307,SMARTS patterns 2,Sc1c(Cl)cccc1,FP
P2v,-0.0001507241875076,PaDELWHIMDescriptor,2nd component shape directional WHIM index / weighted by relative van der Waals volumes,3D
AVP-2,-0.0001511354978958,PaDELChiPathDescriptor,"Average valence path, order 2",2D
fragC,-0.0001516382687737,PaDELFragmentComplexityDescriptor,Complexity of a system,2D
TDB4u,-0.0001517223443445,Autocorrelation3DDescriptor,3D topological distance based autocorrelation - lag 4 / unweighted,3D
SpMin8_Bhm,-0.0001523084851016,BurdenModifiedEigenvaluesDescriptor,Smallest absolute eigenvalue of Burden modified matrix - n 8 / weighted by relative mass,2D
AATS3v,-0.0001525026946252,AutocorrelationDescriptor,Average Broto-Moreau autocorrelation - lag 3 / weighted by van der Waals volumes,2D
ATS4s,-0.0001532397043645,AutocorrelationDescriptor,Broto-Moreau autocorrelation - lag 4 / weighted by I-state,2D
Sp,-0.0001535234653164,ConstitutionalDescriptor,Sum of atomic polarizabilities (scaled on carbon atom),2D
PubchemFP715,-0.0001543182465259,SMARTS patterns 2,Cc1ccc(S)cc1,FP
CrippenMR,-0.0001544281178861,CrippenDescriptor,Crippen's molar refractivity,2D
topoRadius,-0.0001551667891978,TopologicalDescriptor,Topological radius (minimum atom eccentricity),2D
MOMI-YZ,-0.000156093623232,MomentOfInertiaDescriptor,Y/Z ,3D
piPC1,-0.0001562708113983,PathCountDescriptor,Conventional bond order ID number of order 1 (ln(1+x),2D
geomShape,-0.0001566326720392,PaDELPetitjeanShapeIndexDescriptor,Petitjean geometric shape index ,3D
VE2_Dzm,-0.0001569542587774,BaryszMatrixDescriptor,Average coefficient sum of the last eigenvector from Barysz matrix / weighted by mass,2D
GATS3i,-0.0001571511563769,AutocorrelationDescriptor,Geary autocorrelation - lag 3 / weighted by first ionization potential,2D
ATSC4c,-0.0001606444487345,AutocorrelationDescriptor,Centered Broto-Moreau autocorrelation - lag 4 / weighted by charges,2D
VR3_D,-0.0001615333706048,TopologicalDistanceMatrixDescriptor,Logarithmic Randic-like eigenvector-based index from topological distance matrix,2D
maxaasC,-0.0001617128449527,ElectrotopologicalStateAtomTypeDescriptor,Maximum atom-type E-State: :C:-,2D
BCUTc-1l,-0.0001625702055433,BCUTDescriptor,nhigh lowest partial charge weighted BCUTS ,2D
MWC6,-0.0001632950349258,WalkCountDescriptor,Molecular walk count of order 6 (ln(1+x),2D
PubchemFP493,-0.0001636839921093,SMARTS patterns,O=C-C:C,FP
VR1_Dzm,-0.0001662343648355,BaryszMatrixDescriptor,Randic-like eigenvector-based index from Barysz matrix / weighted by mass,2D
ATS2m,-0.0001669153009774,AutocorrelationDescriptor,Broto-Moreau autocorrelation - lag 2 / weighted by mass,2D
SpMax7_Bhm,-0.0001669772589958,BurdenModifiedEigenvaluesDescriptor,Largest absolute eigenvalue of Burden modified matrix - n 7 / weighted by relative mass,2D
SpMin2_Bhs,-0.0001684676698794,BurdenModifiedEigenvaluesDescriptor,Smallest absolute eigenvalue of Burden modified matrix - n 2 / weighted by relative I-state,2D
PubchemFP617,-0.0001691303036116,SMARTS patterns,C-C-C-O-[#1],FP
Mv,-0.0001691552918633,ConstitutionalDescriptor,Mean atomic van der Waals volumes (scaled on carbon atom),2D
PubchemFP260,-0.0001705135505075,Chemical Rings,>= 3 hetero-aromatic rings,FP
LOBMIN,-0.0001719558290717,LengthOverBreadthDescriptor,The L/B ratio for the rotation that results in the minimum area,3D
nHBa,-0.0001730809407205,ElectrotopologicalStateAtomTypeDescriptor,Count of E-States for (strong) Hydrogen Bond acceptors,2D
ASP-3,-0.0001732299198043,PaDELChiPathDescriptor,"Average simple path, order 3",2D
SpMin4_Bhe,-0.0001756859310513,BurdenModifiedEigenvaluesDescriptor,Smallest absolute eigenvalue of Burden modified matrix - n 4 / weighted by relative Sanderson electronegativities,2D
Tm,-0.0001769443242599,PaDELWHIMDescriptor,T total size index / weighted by relative mass,3D
SpMax1_Bhi,-0.0001779027980361,BurdenModifiedEigenvaluesDescriptor,Largest absolute eigenvalue of Burden modified matrix - n 1 / weighted by relative first ionization potential,2D
ZMIC1,-0.0001782616155412,InformationContentDescriptor,Z-modified information content index (neighborhood symmetry of 1-order),2D
TpiPC,-0.0001807300879055,PathCountDescriptor,Total conventional bond order (up to order 10) (ln(1+x)),2D
minHsOH,-0.0001819955462967,ElectrotopologicalStateAtomTypeDescriptor,Minimum atom-type H E-State: -OH,2D
RDF90i,-0.0001829884226774,RDFDescriptor,Radial distribution function - 090 / weighted by relative first ionization potential,3D
SssNH,-0.0001848111366199,ElectrotopologicalStateAtomTypeDescriptor,Sum of atom-type E-State: -NH-,2D
SpMax_Dze,-0.0001854503133823,BaryszMatrixDescriptor,Leading eigenvalue from Barysz matrix / weighted by Sanderson electronegativities,2D
MATS3i,-0.0001867443616212,AutocorrelationDescriptor,Moran autocorrelation - lag 3 / weighted by first ionization potential,2D
AATSC0s,-0.0001870945289575,AutocorrelationDescriptor,Average centered Broto-Moreau autocorrelation - lag 0 / weighted by I-state,2D
n6Ring,-0.000187741103677,RingCountDescriptor,Number of 6-membered rings,2D
ATS8i,-0.0001879942497858,AutocorrelationDescriptor,Broto-Moreau autocorrelation - lag 8 / weighted by first ionization potential,2D
SpAD_Dt,-0.0001883390230176,DetourMatrixDescriptor,Spectral absolute deviation from detour matrix,2D
RDF65p,-0.0001896427365929,RDFDescriptor,Radial distribution function - 065 / weighted by relative polarizabilities,3D
SP-4,-0.0001900159453081,PaDELChiPathDescriptor,"Simple path, order 4",2D
GATS7p,-0.0001921807626628,AutocorrelationDescriptor,Geary autocorrelation - lag 7 / weighted by polarizabilities,2D
P1v,-0.0001929941578194,PaDELWHIMDescriptor,1st component shape directional WHIM index / weighted by relative van der Waals volumes,3D
VR2_Dzi,-0.0001938585217418,BaryszMatrixDescriptor,Normalized Randic-like eigenvector-based index from Barysz matrix / weighted by first ionization potential,2D
nwHBa,-0.0001947311212669,ElectrotopologicalStateAtomTypeDescriptor,Count of E-States for weak Hydrogen Bond acceptors,2D
ETA_BetaP_s,-0.0001949762029907,ExtendedTopochemicalAtomDescriptor,A measure of electronegative atom count of the molecule relative to molecular size,2D
AATS5i,-0.0001954319081291,AutocorrelationDescriptor,Average Broto-Moreau autocorrelation - lag 5 / weighted by first ionization potential,2D
RHSA,-0.0001966381666902,CPSADescriptor,THSA / total molecular surface area ,3D
SpMax4_Bhi,-0.0001975102668139,BurdenModifiedEigenvaluesDescriptor,Largest absolute eigenvalue of Burden modified matrix - n 4 / weighted by relative first ionization potential,2D
L3s,-0.0001987567994406,PaDELWHIMDescriptor,3rd component size directional WHIM index / weighted by relative I-state,3D
minHBint10,-0.0001996711875261,ElectrotopologicalStateAtomTypeDescriptor,Minimum E-State descriptors of strength for potential Hydrogen Bonds of path length 10,2D
ATSC6p,-0.0002007164540315,AutocorrelationDescriptor,Centered Broto-Moreau autocorrelation - lag 6 / weighted by polarizabilities,2D
SaasN,-0.0002019719000286,ElectrotopologicalStateAtomTypeDescriptor,Sum of atom-type E-State: :N:-,2D
TPSA,-0.0002022444973904,CPSADescriptor,Sum of solvent accessible surface areas of atoms with absolute value of partial charges greater than or equal 0.2 ,3D
PubchemFP218,-0.0002022925941562,Chemical Rings,>= 1 unsaturated non-aromatic nitrogen-containing ring size 7,FP
AATS0e,-0.0002039390012558,AutocorrelationDescriptor,Average Broto-Moreau autocorrelation - lag 0 / weighted by Sanderson electronegativities,2D
PubchemFP532,-0.0002043094952373,SMARTS patterns,S-C:C-[#1],FP
AVP-6,-0.0002061215626923,PaDELChiPathDescriptor,"Average valence path, order 6",2D
TDB10v,-0.0002066777056456,Autocorrelation3DDescriptor,3D topological distance based autocorrelation - lag 10 / weighted by van der Waals volumes,3D
P2i,-0.0002085066479826,PaDELWHIMDescriptor,2nd component shape directional WHIM index / weighted by relative first ionization potential,3D
RDF140e,-0.0002088263738988,RDFDescriptor,Radial distribution function - 140 / weighted by relative Sanderson electronegativities,3D
SpMax_Dt,-0.0002106255251256,DetourMatrixDescriptor,Leading eigenvalue from detour matrix,2D
TDB6e,-0.0002120265716246,Autocorrelation3DDescriptor,3D topological distance based autocorrelation - lag 6 / weighted by Sanderson electronegativities,3D
AVP-5,-0.0002126552821785,PaDELChiPathDescriptor,"Average valence path, order 5",2D
RDF70p,-0.0002129009367162,RDFDescriptor,Radial distribution function - 070 / weighted by relative polarizabilities,3D
SpMax6_Bhe,-0.000213039914338,BurdenModifiedEigenvaluesDescriptor,Largest absolute eigenvalue of Burden modified matrix - n 6 / weighted by relative Sanderson electronegativities,2D
GATS7e,-0.0002144827211292,AutocorrelationDescriptor,Geary autocorrelation - lag 7 / weighted by Sanderson electronegativities,2D
SpMax8_Bhi,-0.0002173193430605,BurdenModifiedEigenvaluesDescriptor,Largest absolute eigenvalue of Burden modified matrix - n 8 / weighted by relative first ionization potential,2D
GATS2i,-0.0002175802801788,AutocorrelationDescriptor,Geary autocorrelation - lag 2 / weighted by first ionization potential,2D
Tu,-0.0002185071887481,PaDELWHIMDescriptor,T total size index / unweighted,3D
Spe,-0.0002192946467569,ConstitutionalDescriptor,Sum of atomic Pauling electronegativities (scaled on carbon atom),2D
MATS2p,-0.0002217067706719,AutocorrelationDescriptor,Moran autocorrelation - lag 2 / weighted by polarizabilities,2D
AATS8i,-0.000222220276129,AutocorrelationDescriptor,Average Broto-Moreau autocorrelation - lag 8 / weighted by first ionization potential,2D
SpMAD_Dzs,-0.0002222700389806,BaryszMatrixDescriptor,Spectral mean absolute deviation from Barysz matrix / weighted by I-state,2D
SP-1,-0.0002244423928589,PaDELChiPathDescriptor,"Simple path, order 1",2D
ETA_AlphaP,-0.0002249571672372,ExtendedTopochemicalAtomDescriptor,Sum of alpha values of all non-hydrogen vertices of a molecule relative to molecular size,2D
L2p,-0.0002256161600117,PaDELWHIMDescriptor,2nd component size directional WHIM index / weighted by relative polarizabilities,3D
SpMin4_Bhm,-0.000229171553295,BurdenModifiedEigenvaluesDescriptor,Smallest absolute eigenvalue of Burden modified matrix - n 4 / weighted by relative mass,2D
RDF30i,-0.0002293995548912,RDFDescriptor,Radial distribution function - 030 / weighted by relative first ionization potential,3D
MATS7m,-0.0002298261473294,AutocorrelationDescriptor,Moran autocorrelation - lag 7 / weighted by mass,2D
PubchemFP443,-0.0002298423561602,"Atom Neighborhoods (""-"", ""="", and ""#"" matches a single, double, and triple bond order)",C(-C)(=O),FP
TDB6p,-0.000229876665493,Autocorrelation3DDescriptor,3D topological distance based autocorrelation - lag 6 / weighted by polarizabilities,3D
SaaS,-0.0002324300226061,ElectrotopologicalStateAtomTypeDescriptor,Sum of atom-type E-State: aSa,2D
maxaaCH,-0.0002329192252316,ElectrotopologicalStateAtomTypeDescriptor,Maximum atom-type E-State: :CH:,2D
PubchemFP521,-0.0002363774641398,SMARTS patterns,C:N-C-[#1],FP
GATS8e,-0.0002371157245906,AutocorrelationDescriptor,Geary autocorrelation - lag 8 / weighted by Sanderson electronegativities,2D
VABC,-0.0002399581490645,VABCDescriptor,"Van der Waals volume calculated using the method proposed in [Zhao, Yuan H. and Abraham, Michael H. and Zissimos, Andreas M., Fast Calculation of van der Waals Volume as a Sum of Atomic and Bond Contributions and Its Application to Drug Compounds, The Journal of Organic Chemistry, 2003, 68:7368-7373]",2D
AATSC4e,-0.0002405837342351,AutocorrelationDescriptor,Average centered Broto-Moreau autocorrelation - lag 4 / weighted by Sanderson electronegativities,2D
SpMax_Dzp,-0.0002409870646472,BaryszMatrixDescriptor,Leading eigenvalue from Barysz matrix / weighted by polarizabilities,2D
SpDiam_Dzm,-0.0002414580553074,BaryszMatrixDescriptor,Spectral diameter from Barysz matrix / weighted by mass,2D
SpMax4_Bhm,-0.0002419039828381,BurdenModifiedEigenvaluesDescriptor,Largest absolute eigenvalue of Burden modified matrix - n 4 / weighted by relative mass,2D
minssCH2,-0.0002443142483062,ElectrotopologicalStateAtomTypeDescriptor,Minimum atom-type E-State: -CH2-,2D
EE_Dzm,-0.0002455192594319,BaryszMatrixDescriptor,Estrada-like index from Barysz matrix / weighted by mass (ln(1+x)),2D
ETA_dEpsilon_A,-0.0002459281190664,ExtendedTopochemicalAtomDescriptor,A measure of contribution of unsaturation and electronegative atom count,2D
ATS4e,-0.0002507680375957,AutocorrelationDescriptor,Broto-Moreau autocorrelation - lag 4 / weighted by Sanderson electronegativities,2D
TDB6m,-0.0002514276484906,Autocorrelation3DDescriptor,3D topological distance based autocorrelation - lag 6 / weighted by mass,3D
nHBAcc2,-0.0002528251792487,PaDELHBondAcceptorCountDescriptor,"Number of hydrogen bond acceptors (any oxygen; any nitrogen where the formal charge of the nitrogen is non-positive (i.e. formal charge <= 0) except a non-aromatic nitrogen that is adjacent to an oxygen and aromatic ring, or an aromatic nitrogen with a hydrogen atom in a ring, or an aromatic nitrogen with 3 neighouring atoms in a ring, or a nitrogen with total bond order >=4; any fluorine)",2D
ETA_Psi_1,-0.0002533497504521,ExtendedTopochemicalAtomDescriptor,A measure of hydrogen bonding propensity of the molecules and/or polar surface area,2D
ATS1s,-0.0002539357984717,AutocorrelationDescriptor,Broto-Moreau autocorrelation - lag 1 / weighted by I-state,2D
GATS5p,-0.0002543559005266,AutocorrelationDescriptor,Geary autocorrelation - lag 5 / weighted by polarizabilities,2D
nF11Ring,-0.0002544342388708,RingCountDescriptor,Number of 11-membered fused rings,2D
TDB3p,-0.0002550170637083,Autocorrelation3DDescriptor,3D topological distance based autocorrelation - lag 3 / weighted by polarizabilities,3D
PubchemFP731,-0.0002553051632978,SMARTS patterns 2,Clc1ccc(Cl)cc1,FP
RDF30p,-0.0002558757317526,RDFDescriptor,Radial distribution function - 030 / weighted by relative polarizabilities,3D
SM1_Dzs,-0.0002560339437364,BaryszMatrixDescriptor,Spectral moment of order 1 from Barysz matrix / weighted by I-state,2D
RDF110s,-0.0002565490911156,RDFDescriptor,Radial distribution function - 110 / weighted by relative I-state,3D
ETA_dAlpha_B,-0.0002569289065976,ExtendedTopochemicalAtomDescriptor,A measure of count of hydrogen bond acceptor atoms and/or polar surface area,2D
ATSC0e,-0.0002573110539034,AutocorrelationDescriptor,Centered Broto-Moreau autocorrelation - lag 0 / weighted by Sanderson electronegativities,2D
PubchemFP683,-0.0002582442596671,SMARTS patterns,N-C-C-C-C-C,FP
IC0,-0.0002596386654766,InformationContentDescriptor,Information content index (neighborhood symmetry of 0-order),2D
Zagreb,-0.0002608405493021,ZagrebIndexDescriptor,Sum of the squares of atom degree over all heavy atoms i,2D
AATSC7v,-0.0002622886562601,AutocorrelationDescriptor,Average centered Broto-Moreau autocorrelation - lag 7 / weighted by van der Waals volumes,2D
SpMax6_Bhs,-0.0002666475163862,BurdenModifiedEigenvaluesDescriptor,Largest absolute eigenvalue of Burden modified matrix - n 6 / weighted by relative I-state,2D
SwHBa,-0.000267133693189,ElectrotopologicalStateAtomTypeDescriptor,Sum of E-States for weak hydrogen bond acceptors,2D
MWC8,-0.0002682578339472,WalkCountDescriptor,Molecular walk count of order 8 (ln(1+x),2D
nBonds,-0.0002691322531408,PaDELBondCountDescriptor,Number of bonds (excluding bonds with hydrogen),2D
TIC4,-0.000269235112353,InformationContentDescriptor,Total information content index (neighborhood symmetry of 4-order),2D
SpMin6_Bhi,-0.0002699889816577,BurdenModifiedEigenvaluesDescriptor,Smallest absolute eigenvalue of Burden modified matrix - n 6 / weighted by relative first ionization potential,2D
TDB10m,-0.0002705734811011,Autocorrelation3DDescriptor,3D topological distance based autocorrelation - lag 10 / weighted by mass,3D
MW,-0.0002739615041867,PaDELWeightDescriptor,Molecular weight,2D
SpMAD_Dt,-0.0002740049906833,DetourMatrixDescriptor,Spectral mean absolute deviation from detour matrix,2D
RDF90s,-0.0002759338968493,RDFDescriptor,Radial distribution function - 090 / weighted by relative I-state,3D
MPC6,-0.000278317593472,PathCountDescriptor,Molecular path count of order 6,2D
TDB7e,-0.0002806978640727,Autocorrelation3DDescriptor,3D topological distance based autocorrelation - lag 7 / weighted by Sanderson electronegativities,3D
PubchemFP476,-0.0002833383915407,SMARTS patterns,C-O-C=C,FP
PubchemFP735,-0.0002837899665614,SMARTS patterns 2,Cc1cc(O)ccc1,FP
PubchemFP381,-0.0002840409699113,"Atom Nearest Neighbors (""~"" bond, "":""bond aromaticity)",C(~O)(:C),FP
PubchemFP485,-0.000284690089099,SMARTS patterns,N:C:C:N,FP
nAromBond,-0.0002854856467709,AromaticBondsCountDescriptor,Number of aromatic bonds,2D
SpAD_DzZ,-0.0002855411589813,BaryszMatrixDescriptor,Spectral absolute deviation from Barysz matrix / weighted by atomic number,2D
GATS7m,-0.0002859977745163,AutocorrelationDescriptor,Geary autocorrelation - lag 7 / weighted by mass,2D
piPC8,-0.0002873690214658,PathCountDescriptor,Conventional bond order ID number of order 8 (ln(1+x),2D
ETA_Epsilon_5,-0.0002878543855417,ExtendedTopochemicalAtomDescriptor,A measure of electronegative atom count,2D
SsCl,-0.0002883421900606,ElectrotopologicalStateAtomTypeDescriptor,Sum of atom-type E-State: -Cl,2D
SdO,-0.0002894277873595,ElectrotopologicalStateAtomTypeDescriptor,Sum of atom-type E-State: =O,2D
L2i,-0.0002898237476242,PaDELWHIMDescriptor,2nd component size directional WHIM index / weighted by relative first ionization potential,3D
ATS8v,-0.000291487687183,AutocorrelationDescriptor,Broto-Moreau autocorrelation - lag 8 / weighted by van der Waals volumes,2D
P2m,-0.0002921244377779,PaDELWHIMDescriptor,2nd component shape directional WHIM index / weighted by relative mass,3D
PubchemFP597,-0.0002937916123087,SMARTS patterns,O=C-C-C:C,FP
SpMax7_Bhp,-0.0002947001202601,BurdenModifiedEigenvaluesDescriptor,Largest absolute eigenvalue of Burden modified matrix - n 7 / weighted by relative polarizabilities,2D
TIC3,-0.0002955406138973,InformationContentDescriptor,Total information content index (neighborhood symmetry of 3-order),2D
MAXDP2,-0.0002961458775779,ElectrotopologicalStateAtomTypeDescriptor,"Maximum positive intrinsic state difference in the molecule (related to the electrophilicity of the molecule). Using deltaV = Zv-maxBondedHydrogens. Gramatica, P., Corradi, M., and Consonni, V. (2000). Modelling and prediction of soil sorption coefficients of non-ionic organic pesticides by molecular descriptors. Chemosphere 41, 763-777.",2D
BCUTc-1h,-0.0002966420303819,BCUTDescriptor,nlow highest partial charge weighted BCUTS ,2D
ATS7m,-0.0002966670635263,AutocorrelationDescriptor,Broto-Moreau autocorrelation - lag 7 / weighted by mass,2D
AATS5e,-0.0002988547290675,AutocorrelationDescriptor,Average Broto-Moreau autocorrelation - lag 5 / weighted by Sanderson electronegativities,2D
PubchemFP394,-0.0002998009374513,"Atom Nearest Neighbors (""~"" bond, "":""bond aromaticity)",N(~C)(~H)(~N),FP
PubchemFP671,-0.0003009463725878,SMARTS patterns,O=C-C=C-C,FP
SpMin2_Bhp,-0.000302516675877,BurdenModifiedEigenvaluesDescriptor,Smallest absolute eigenvalue of Burden modified matrix - n 2 / weighted by relative polarizabilities,2D
PubchemFP708,-0.0003051650696379,SMARTS patterns,C-C(C)-C-C,FP
AATS1i,-0.0003053504912798,AutocorrelationDescriptor,Average Broto-Moreau autocorrelation - lag 1 / weighted by first ionization potential,2D
PubchemFP747,-0.0003065052904956,SMARTS patterns 2,Sc1cc(Cl)ccc1,FP
TDB1m,-0.0003069386605611,Autocorrelation3DDescriptor,3D topological distance based autocorrelation - lag 1 / weighted by mass,3D
nAtom,-0.0003088250535944,AtomCountDescriptor,Number of atoms,2D
TDB5m,-0.0003094352974718,Autocorrelation3DDescriptor,3D topological distance based autocorrelation - lag 5 / weighted by mass,3D
PubchemFP349,-0.0003115176484845,"Atom Nearest Neighbors (""~"" bond, "":""bond aromaticity)",C(~C)(~H)(~S),FP
PubchemFP540,-0.0003122174254086,SMARTS patterns,C-N-C-[#1],FP
PubchemFP378,-0.0003147578620182,"Atom Nearest Neighbors (""~"" bond, "":""bond aromaticity)",C(~N)(:C)(:N),FP
ETA_Alpha,-0.0003175265494456,ExtendedTopochemicalAtomDescriptor,Sum of alpha values of all non-hydrogen vertices of a molecule,2D
SP-3,-0.0003184075645883,PaDELChiPathDescriptor,"Simple path, order 3",2D
MDEC-12,-0.0003191197710962,MDEDescriptor,Molecular distance edge between all primary and secondary carbons,2D
naaN,-0.0003199648839858,ElectrotopologicalStateAtomTypeDescriptor,Count of atom-type E-State: :N:,2D
RDF55u,-0.0003204431007855,RDFDescriptor,Radial distribution function - 055 / unweighted,3D
ATSC8s,-0.0003211874075771,AutocorrelationDescriptor,Centered Broto-Moreau autocorrelation - lag 8 / weighted by I-state,2D
nF10HeteroRing,-0.0003212931443467,RingCountDescriptor,"Number of 10-membered fused rings containing heteroatoms (N, O, P, S, or halogens)",2D
SCH-7,-0.0003226537089236,ChiChainDescriptor,"Simple chain, order 7",2D
RDF150s,-0.0003242495819538,RDFDescriptor,Radial distribution function - 150 / weighted by relative I-state,3D
VE1_Dzi,-0.0003246860453875,BaryszMatrixDescriptor,Coefficient sum of the last eigenvector from Barysz matrix / weighted by first ionization potential,2D
ATS5p,-0.0003248288401909,AutocorrelationDescriptor,Broto-Moreau autocorrelation - lag 5 / weighted by polarizabilities,2D
P2p,-0.0003260211770934,PaDELWHIMDescriptor,2nd component shape directional WHIM index / weighted by relative polarizabilities,3D
PubchemFP20,-0.0003280559311201,Element Counts,>= 4 O,FP
RDF140i,-0.0003288109251076,RDFDescriptor,Radial distribution function - 140 / weighted by relative first ionization potential,3D
SIC5,-0.0003292702247546,InformationContentDescriptor,Structural information content index (neighborhood symmetry of 5-order),2D
ETA_Epsilon_1,-0.0003299836659344,ExtendedTopochemicalAtomDescriptor,A measure of electronegative atom count,2D
meanI,-0.0003307841743335,ElectrotopologicalStateAtomTypeDescriptor,Mean intrinsic state values I,2D
PubchemFP420,-0.0003308599750406,"Atom Neighborhoods (""-"", ""="", and ""#"" matches a single, double, and triple bond order)",C=O,FP
CrippenLogP,-0.000331036207636,CrippenDescriptor,Crippen's LogP,2D
JGI8,-0.0003317517906634,TopologicalChargeDescriptor,Mean topological charge index of order 8,2D
SHBint2,-0.0003337254835174,ElectrotopologicalStateAtomTypeDescriptor,Sum of E-State descriptors of strength for potential hydrogen bonds of path length 2,2D
AATSC7p,-0.0003342876460974,AutocorrelationDescriptor,Average centered Broto-Moreau autocorrelation - lag 7 / weighted by polarizabilities,2D
WPSA-2,-0.000334535969697,CPSADescriptor,PPSA-2 * total molecular surface area /1000,3D
AATS4m,-0.0003352461973859,AutocorrelationDescriptor,Average Broto-Moreau autocorrelation - lag 4 / weighted by mass,2D
piPC4,-0.0003392256156473,PathCountDescriptor,Conventional bond order ID number of order 4 (ln(1+x),2D
MATS5s,-0.0003397550817802,AutocorrelationDescriptor,Moran autocorrelation - lag 5 / weighted by I-state,2D
TDB5r,-0.0003402623572693,Autocorrelation3DDescriptor,3D topological distance based autocorrelation - lag 5 / weighted by covalent radius,3D
AATSC2p,-0.0003407091074184,AutocorrelationDescriptor,Average centered Broto-Moreau autocorrelation - lag 2 / weighted by polarizabilities,2D
PubchemFP187,-0.0003412893478349,Chemical Rings,>= 2 saturated or aromatic nitrogen-containing ring size 6,FP
RDF10v,-0.0003418075369339,RDFDescriptor,Radial distribution function - 010 / weighted by relative van der Waals volumes,3D
n7Ring,-0.0003426652768374,RingCountDescriptor,Number of 7-membered rings,2D
GGI5,-0.0003431348427506,TopologicalChargeDescriptor,Topological charge index of order 5,2D
SpMax2_Bhs,-0.0003454754228094,BurdenModifiedEigenvaluesDescriptor,Largest absolute eigenvalue of Burden modified matrix - n 2 / weighted by relative I-state,2D
piPC3,-0.0003479144331098,PathCountDescriptor,Conventional bond order ID number of order 3 (ln(1+x),2D
PPSA-2,-0.0003498756670356,CPSADescriptor,Partial positive surface area * total positive charge on the molecule ,3D
RDF70s,-0.0003499764433125,RDFDescriptor,Radial distribution function - 070 / weighted by relative I-state,3D
E3i,-0.000350939353374,PaDELWHIMDescriptor,3rd component accessibility directional WHIM index / weighted by relative first ionization potential,3D
SaaN,-0.0003514929937151,ElectrotopologicalStateAtomTypeDescriptor,Sum of atom-type E-State: :N:,2D
MDEC-11,-0.0003522154707772,MDEDescriptor,Molecular distance edge between all primary carbons,2D
DELS2,-0.0003536849374916,ElectrotopologicalStateAtomTypeDescriptor,"Sum of all atoms intrinsic state differences (measure of total charge transfer in the molecule). Using deltaV = Zv-maxBondedHydrogens. Gramatica, P., Corradi, M., and Consonni, V. (2000). Modelling and prediction of soil sorption coefficients of non-ionic organic pesticides by molecular descriptors. Chemosphere 41, 763-777.",2D
AATSC0p,-0.0003539270757469,AutocorrelationDescriptor,Average centered Broto-Moreau autocorrelation - lag 0 / weighted by polarizabilities,2D
PubchemFP665,-0.000354886493153,SMARTS patterns,N-C:C-C-C,FP
PubchemFP412,-0.0003561128296022,"Atom Nearest Neighbors (""~"" bond, "":""bond aromaticity)",S(~C)(~C),FP
RDF60m,-0.0003563256979052,RDFDescriptor,Radial distribution function - 060 / weighted by relative mass,3D
ATS7s,-0.000356411212145,AutocorrelationDescriptor,Broto-Moreau autocorrelation - lag 7 / weighted by I-state,2D
SRW6,-0.0003572165948953,WalkCountDescriptor,Self-returning walk count of order 6 (ln(1+x),2D
PubchemFP842,-0.000360573909522,SMARTS patterns 2,CC1CC(N)CC1,FP
nHaaNH,-0.0003614091536626,ElectrotopologicalStateAtomTypeDescriptor,Count of atom-type H E-State: :NH:,2D
E3s,-0.0003615073901789,PaDELWHIMDescriptor,3rd component accessibility directional WHIM index / weighted by relative I-state,3D
AATS0s,-0.0003617662461537,AutocorrelationDescriptor,Average Broto-Moreau autocorrelation - lag 0 / weighted by I-state,2D
ETA_dBetaP,-0.0003621969012558,ExtendedTopochemicalAtomDescriptor,A measure of relative unsaturation content relative to molecular size,2D
RDF55e,-0.0003625260442981,RDFDescriptor,Radial distribution function - 055 / weighted by relative Sanderson electronegativities,3D
ATS8p,-0.0003648805555711,AutocorrelationDescriptor,Broto-Moreau autocorrelation - lag 8 / weighted by polarizabilities,2D
Sse,-0.0003651910513918,ConstitutionalDescriptor,Sum of atomic Sanderson electronegativities (scaled on carbon atom),2D
nHaaCH,-0.0003659830494373,ElectrotopologicalStateAtomTypeDescriptor,Count of atom-type H E-State: :CH:,2D
PubchemFP341,-0.0003676178514938,"Atom Nearest Neighbors (""~"" bond, "":""bond aromaticity)",C(~C)(~C)(~O),FP
ATSC0v,-0.0003689137634507,AutocorrelationDescriptor,Centered Broto-Moreau autocorrelation - lag 0 / weighted by van der Waals volumes,2D
PubchemFP594,-0.0003701666758861,SMARTS patterns,C-O-C-C=C,FP
RDF120s,-0.0003707493971387,RDFDescriptor,Radial distribution function - 120 / weighted by relative I-state,3D
PubchemFP439,-0.0003740263830279,"Atom Neighborhoods (""-"", ""="", and ""#"" matches a single, double, and triple bond order)",C(-C)(-N)(=O),FP
SpMax1_Bhe,-0.0003770687239594,BurdenModifiedEigenvaluesDescriptor,Largest absolute eigenvalue of Burden modified matrix - n 1 / weighted by relative Sanderson electronegativities,2D
RDF45p,-0.0003775336926374,RDFDescriptor,Radial distribution function - 045 / weighted by relative polarizabilities,3D
ATSC1v,-0.000379382763194,AutocorrelationDescriptor,Centered Broto-Moreau autocorrelation - lag 1 / weighted by van der Waals volumes,2D
SpMin7_Bhp,-0.0003800307384034,BurdenModifiedEigenvaluesDescriptor,Smallest absolute eigenvalue of Burden modified matrix - n 7 / weighted by relative polarizabilities,2D
GATS1i,-0.0003807073504258,AutocorrelationDescriptor,Geary autocorrelation - lag 1 / weighted by first ionization potential,2D
SHBa,-0.0003840640728842,ElectrotopologicalStateAtomTypeDescriptor,Sum of E-States for (strong) hydrogen bond acceptors,2D
nHBint4,-0.0003844206592881,ElectrotopologicalStateAtomTypeDescriptor,Count of E-State descriptors of strength for potential Hydrogen Bonds of path length 4,2D
ASP-2,-0.0003848669558085,PaDELChiPathDescriptor,"Average simple path, order 2",2D
AATS6v,-0.000385458060416,AutocorrelationDescriptor,Average Broto-Moreau autocorrelation - lag 6 / weighted by van der Waals volumes,2D
Mse,-0.0003875838590149,ConstitutionalDescriptor,Mean atomic Sanderson electronegativities (scaled on carbon atom),2D
RDF80s,-0.0003881967862431,RDFDescriptor,Radial distribution function - 080 / weighted by relative I-state,3D
PubchemFP725,-0.0003893248110039,SMARTS patterns 2,Sc1ccc(N)cc1,FP
nS,-0.0003911066476393,AtomCountDescriptor,Number of sulphur atoms,2D
THSA,-0.0003913869056603,CPSADescriptor,Sum of solvent accessible surface areas of atoms with absolute value of partial charges less than 0.2 ,3D
TDB4e,-0.0003962111761499,Autocorrelation3DDescriptor,3D topological distance based autocorrelation - lag 4 / weighted by Sanderson electronegativities,3D
ATS3e,-0.0003998219907382,AutocorrelationDescriptor,Broto-Moreau autocorrelation - lag 3 / weighted by Sanderson electronegativities,2D
PubchemFP674,-0.0004005239121961,SMARTS patterns,N-C-N-C:C,FP
ATSC8m,-0.000401705162735,AutocorrelationDescriptor,Centered Broto-Moreau autocorrelation - lag 8 / weighted by mass,2D
ATS5v,-0.0004023067474514,AutocorrelationDescriptor,Broto-Moreau autocorrelation - lag 5 / weighted by van der Waals volumes,2D
PubchemFP488,-0.0004028019989295,SMARTS patterns,N-C=N-[#1],FP
AATSC3i,-0.0004030155961765,AutocorrelationDescriptor,Average centered Broto-Moreau autocorrelation - lag 3 / weighted by first ionization potential,2D
PubchemFP643,-0.0004030663599805,SMARTS patterns,[#1]-C-C-N-[#1],FP
maxHother,-0.0004030989925455,ElectrotopologicalStateAtomTypeDescriptor,"Maximum atom-type H E-State: H on aaCH, dCH2 or dsCH",2D
SpMax1_Bhm,-0.0004039921485886,BurdenModifiedEigenvaluesDescriptor,Largest absolute eigenvalue of Burden modified matrix - n 1 / weighted by relative mass,2D
RDF10m,-0.0004040972593309,RDFDescriptor,Radial distribution function - 010 / weighted by relative mass,3D
RDF120i,-0.0004044739679821,RDFDescriptor,Radial distribution function - 120 / weighted by relative first ionization potential,3D
PubchemFP680,-0.0004052905739151,SMARTS patterns,O-C-C-C-C-C,FP
minsCl,-0.0004054259727823,ElectrotopologicalStateAtomTypeDescriptor,Minimum atom-type E-State: -Cl,2D
SdssC,-0.0004074355483264,ElectrotopologicalStateAtomTypeDescriptor,Sum of atom-type E-State: =C<,2D
maxHCsats,-0.0004090185264942,ElectrotopologicalStateAtomTypeDescriptor,"Maximum atom-type H E-State: H bonded to B, Si, P, Ge, As, Se, Sn or Pb",2D
MLFER_E,-0.0004090911489253,MLFERDescriptor,Excessive molar refraction,2D
SpMax8_Bhp,-0.0004107471563648,BurdenModifiedEigenvaluesDescriptor,Largest absolute eigenvalue of Burden modified matrix - n 8 / weighted by relative polarizabilities,2D
MIC4,-0.0004132651839129,InformationContentDescriptor,Modified information content index (neighborhood symmetry of 4-order),2D
BCUTp-1h,-0.0004173865945465,BCUTDescriptor,nlow highest polarizability weighted BCUTS ,2D
SpMax1_Bhs,-0.0004184930005742,BurdenModifiedEigenvaluesDescriptor,Largest absolute eigenvalue of Burden modified matrix - n 1 / weighted by relative I-state,2D
VE3_Dzv,-0.0004214599676282,BaryszMatrixDescriptor,Logarithmic coefficient sum of the last eigenvector from Barysz matrix / weighted by van der Waals volumes,2D
MAXDN,-0.0004229661449917,ElectrotopologicalStateAtomTypeDescriptor,"Maximum negative intrinsic state difference in the molecule (related to the nucleophilicity of the molecule). Using deltaV = (Zv-maxBondedHydrogens) /(atomicNumber-Zv-1). Gramatica, P., Corradi, M., and Consonni, V. (2000). Modelling and prediction of soil sorption coefficients of non-ionic organic pesticides by molecular descriptors. Chemosphere 41, 763-777.",2D
PubchemFP544,-0.0004250874806194,SMARTS patterns,O-C:C-O,FP
PubchemFP653,-0.0004269508628481,SMARTS patterns,O-C:C:C-O,FP
SpAbs_Dzp,-0.0004284415470872,BaryszMatrixDescriptor,Graph energy from Barysz matrix / weighted by polarizabilities,2D
TDB8s,-0.0004299434566287,Autocorrelation3DDescriptor,3D topological distance based autocorrelation - lag 8 / weighted by I-state,3D
naasN,-0.0004324761435137,ElectrotopologicalStateAtomTypeDescriptor,Count of atom-type E-State: :N:-,2D
piPC6,-0.0004332536212466,PathCountDescriptor,Conventional bond order ID number of order 6 (ln(1+x),2D
PubchemFP685,-0.0004351339391885,SMARTS patterns,O=C-C-C-C-N,FP
RDF95e,-0.0004358116054633,RDFDescriptor,Radial distribution function - 095 / weighted by relative Sanderson electronegativities,3D
maxHBd,-0.0004374381451645,ElectrotopologicalStateAtomTypeDescriptor,Maximum E-States for (strong) Hydrogen Bond donors,2D
PubchemFP590,-0.00043880064636,SMARTS patterns,C-C:C-O-[#1],FP
ETA_EtaP_L,-0.0004401086472573,ExtendedTopochemicalAtomDescriptor,Local index Eta_local relative to molecular size,2D
AATSC2i,-0.0004428903949204,AutocorrelationDescriptor,Average centered Broto-Moreau autocorrelation - lag 2 / weighted by first ionization potential,2D
AATS4v,-0.0004461120730677,AutocorrelationDescriptor,Average Broto-Moreau autocorrelation - lag 4 / weighted by van der Waals volumes,2D
SM1_DzZ,-0.0004470202701432,BaryszMatrixDescriptor,Spectral moment of order 1 from Barysz matrix / weighted by atomic number,2D
SpMax8_Bhv,-0.0004470761348897,BurdenModifiedEigenvaluesDescriptor,Largest absolute eigenvalue of Burden modified matrix - n 8 / weighted by relative van der Waals volumes,2D
PubchemFP286,-0.0004489536951093,Atom Pairs,C-O,FP
RDF110m,-0.000449589605731,RDFDescriptor,Radial distribution function - 110 / weighted by relative mass,3D
PubchemFP340,-0.0004529998096201,"Atom Nearest Neighbors (""~"" bond, "":""bond aromaticity)",C(~C)(~C)(~N),FP
ATSC7v,-0.0004589600825654,AutocorrelationDescriptor,Centered Broto-Moreau autocorrelation - lag 7 / weighted by van der Waals volumes,2D
EE_Dzv,-0.0004599527147608,BaryszMatrixDescriptor,Estrada-like index from Barysz matrix / weighted by van der Waals volumes (ln(1+x)),2D
nHBAcc_Lipinski,-0.0004605090413957,PaDELHBondAcceptorCountDescriptor,Number of hydrogen bond acceptors (using Lipinski's definition: any nitrogen; any oxygen),2D
PubchemFP738,-0.0004620076120021,SMARTS patterns 2,Cc1cc(Cl)ccc1,FP
AATSC2c,-0.0004624421482961,AutocorrelationDescriptor,Average centered Broto-Moreau autocorrelation - lag 2 / weighted by charges,2D
GATS8v,-0.0004627434442114,AutocorrelationDescriptor,Geary autocorrelation - lag 8 / weighted by van der Waals volumes,2D
TDB2u,-0.0004662893326099,Autocorrelation3DDescriptor,3D topological distance based autocorrelation - lag 2 / unweighted,3D
minsssN,-0.0004683481375462,ElectrotopologicalStateAtomTypeDescriptor,Minimum atom-type E-State: >N-,2D
minwHBa,-0.0004712880524245,ElectrotopologicalStateAtomTypeDescriptor,Minimum E-States for weak Hydrogen Bond acceptors,2D
RDF40m,-0.0004721973182978,RDFDescriptor,Radial distribution function - 040 / weighted by relative mass,3D
Am,-0.0004774526537972,PaDELWHIMDescriptor,A total size index / weighted by relative mass,3D
AATSC5s,-0.0004774571922216,AutocorrelationDescriptor,Average centered Broto-Moreau autocorrelation - lag 5 / weighted by I-state,2D
SM1_Dzi,-0.0004781937118276,BaryszMatrixDescriptor,Spectral moment of order 1 from Barysz matrix / weighted by first ionization potential,2D
nHBd,-0.0004783612689976,ElectrotopologicalStateAtomTypeDescriptor,Count of E-States for (strong) Hydrogen Bond donors,2D
PubchemFP718,-0.0004805706819962,SMARTS patterns 2,Cc1ccc(Br)cc1,FP
E1m,-0.0004873723006981,PaDELWHIMDescriptor,1st component accessibility directional WHIM index / weighted by relative mass,3D
SsssCH,-0.0004887262797682,ElectrotopologicalStateAtomTypeDescriptor,Sum of atom-type E-State: >CH-,2D
PubchemFP756,-0.0004899629737831,SMARTS patterns 2,Cc1c(O)cccc1,FP
nssO,-0.0004902731461891,ElectrotopologicalStateAtomTypeDescriptor,Count of atom-type E-State: -O-,2D
ATSC7m,-0.0004912421205592,AutocorrelationDescriptor,Centered Broto-Moreau autocorrelation - lag 7 / weighted by mass,2D
PubchemFP185,-0.0004947106903192,Chemical Rings,>= 2 any ring size 6,FP
gmin,-0.0004970660539087,ElectrotopologicalStateAtomTypeDescriptor,Minimum E-State,2D
PubchemFP437,-0.0004972411928308,"Atom Neighborhoods (""-"", ""="", and ""#"" matches a single, double, and triple bond order)",C(-C)(-N)(=C),FP
GATS4v,-0.0004976106079676,AutocorrelationDescriptor,Geary autocorrelation - lag 4 / weighted by van der Waals volumes,2D
GATS3m,-0.0004986952744678,AutocorrelationDescriptor,Geary autocorrelation - lag 3 / weighted by mass,2D
AATS4e,-0.000500300653206,AutocorrelationDescriptor,Average Broto-Moreau autocorrelation - lag 4 / weighted by Sanderson electronegativities,2D
PubchemFP548,-0.0005049056690102,SMARTS patterns,O-C-C:C,FP
RDF60i,-0.0005067315515175,RDFDescriptor,Radial distribution function - 060 / weighted by relative first ionization potential,3D
VR2_Dzv,-0.0005072374045792,BaryszMatrixDescriptor,Normalized Randic-like eigenvector-based index from Barysz matrix / weighted by van der Waals volumes,2D
ATS7v,-0.0005114870085977,AutocorrelationDescriptor,Broto-Moreau autocorrelation - lag 7 / weighted by van der Waals volumes,2D
RotBtFrac,-0.0005146197681698,PaDELRotatableBondsCountDescriptor,"Fraction of rotatable bonds, including terminal bonds",2D
nF9HeteroRing,-0.0005183820541157,RingCountDescriptor,"Number of 9-membered fused rings containing heteroatoms (N, O, P, S, or halogens)",2D
AATSC2e,-0.0005240479015525,AutocorrelationDescriptor,Average centered Broto-Moreau autocorrelation - lag 2 / weighted by Sanderson electronegativities,2D
AATSC6v,-0.0005250137297945,AutocorrelationDescriptor,Average centered Broto-Moreau autocorrelation - lag 6 / weighted by van der Waals volumes,2D
ATSC2c,-0.0005305643322997,AutocorrelationDescriptor,Centered Broto-Moreau autocorrelation - lag 2 / weighted by charges,2D
PubchemFP623,-0.0005342960960784,SMARTS patterns,O=C-C:C-C,FP
piPC2,-0.0005343774049652,PathCountDescriptor,Conventional bond order ID number of order 2 (ln(1+x),2D
SpMax_DzZ,-0.0005346066772476,BaryszMatrixDescriptor,Leading eigenvalue from Barysz matrix / weighted by atomic number,2D
RDF55i,-0.0005394232239104,RDFDescriptor,Radial distribution function - 055 / weighted by relative first ionization potential,3D
ATSC5s,-0.0005402813896735,AutocorrelationDescriptor,Centered Broto-Moreau autocorrelation - lag 5 / weighted by I-state,2D
ETA_Epsilon_4,-0.0005434346946722,ExtendedTopochemicalAtomDescriptor,A measure of electronegative atom count,2D
ZMIC5,-0.0005435045791328,InformationContentDescriptor,Z-modified information content index (neighborhood symmetry of 5-order),2D
RDF100u,-0.0005455776817522,RDFDescriptor,Radial distribution function - 100 / unweighted,3D
ATSC7p,-0.0005461682394246,AutocorrelationDescriptor,Centered Broto-Moreau autocorrelation - lag 7 / weighted by polarizabilities,2D
SpAD_Dzm,-0.0005472451356803,BaryszMatrixDescriptor,Spectral absolute deviation from Barysz matrix / weighted by mass,2D
VE1_Dzv,-0.0005496748935849,BaryszMatrixDescriptor,Coefficient sum of the last eigenvector from Barysz matrix / weighted by van der Waals volumes,2D
maxHssNH,-0.0005502590545921,ElectrotopologicalStateAtomTypeDescriptor,Maximum atom-type H E-State: -NH-,2D
PubchemFP647,-0.0005523199806966,SMARTS patterns,O=C-N-C-N,FP
TDB4s,-0.0005525649939765,Autocorrelation3DDescriptor,3D topological distance based autocorrelation - lag 4 / weighted by I-state,3D
naasC,-0.0005565681692757,ElectrotopologicalStateAtomTypeDescriptor,Count of atom-type E-State: :C:-,2D
ETA_EtaP_F_L,-0.0005592424378504,ExtendedTopochemicalAtomDescriptor,Local functionality contribution EtaF_local relative to molecular size,2D
ATS8m,-0.0005605376222938,AutocorrelationDescriptor,Broto-Moreau autocorrelation - lag 8 / weighted by mass,2D
SM1_Dze,-0.0005624683402488,BaryszMatrixDescriptor,Spectral moment of order 1 from Barysz matrix / weighted by Sanderson electronegativities,2D
AATS6e,-0.0005644597912558,AutocorrelationDescriptor,Average Broto-Moreau autocorrelation - lag 6 / weighted by Sanderson electronegativities,2D
GATS2p,-0.0005682257949093,AutocorrelationDescriptor,Geary autocorrelation - lag 2 / weighted by polarizabilities,2D
JGI9,-0.0005682768600219,TopologicalChargeDescriptor,Mean topological charge index of order 9,2D
VCH-7,-0.00056852765507,ChiChainDescriptor,"Valence chain, order 7",2D
PubchemFP567,-0.0005714573797966,SMARTS patterns,O-C-C-O,FP
TopoPSA,-0.0005720045357218,TPSADescriptor,Topological polar surface area,2D
SpMin7_Bhm,-0.0005723027875675,BurdenModifiedEigenvaluesDescriptor,Smallest absolute eigenvalue of Burden modified matrix - n 7 / weighted by relative mass,2D
E3e,-0.0005728449907958,PaDELWHIMDescriptor,3rd component accessibility directional WHIM index / weighted by relative Sanderson electronegativities,3D
PubchemFP261,-0.0005766640973584,Chemical Rings,>= 4 aromatic rings,FP
AATS3i,-0.0005821890870498,AutocorrelationDescriptor,Average Broto-Moreau autocorrelation - lag 3 / weighted by first ionization potential,2D
SpMAD_Dzi,-0.0005857321501589,BaryszMatrixDescriptor,Spectral mean absolute deviation from Barysz matrix / weighted by first ionization potential,2D
SRW10,-0.000588408887021,WalkCountDescriptor,Self-returning walk count of order 10 (ln(1+x),2D
ETA_BetaP_ns,-0.0005902704942302,ExtendedTopochemicalAtomDescriptor,A measure of electron-richness of the molecule relative to molecular size,2D
PubchemFP673,-0.0005928286148528,SMARTS patterns,O=C-C=C-N,FP
MPC2,-0.0005932649975106,PathCountDescriptor,Molecular path count of order 2,2D
SsCH3,-0.000595017404936,ElectrotopologicalStateAtomTypeDescriptor,Sum of atom-type E-State: -CH3,2D
E3u,-0.0005950657976823,PaDELWHIMDescriptor,3rd component accessibility directional WHIM index / unweighted,3D
GRAV-2,-0.000599952932991,GravitationalIndexDescriptor,Square root of gravitational index of heavy atoms ,3D
AATSC3m,-0.0006002340288442,AutocorrelationDescriptor,Average centered Broto-Moreau autocorrelation - lag 3 / weighted by mass,2D
SHBint5,-0.0006010708218197,ElectrotopologicalStateAtomTypeDescriptor,Sum of E-State descriptors of strength for potential hydrogen bonds of path length 5,2D
PetitjeanNumber,-0.0006034349636902,PetitjeanNumberDescriptor,Petitjean number,2D
GATS5s,-0.0006040755976918,AutocorrelationDescriptor,Geary autocorrelation - lag 5 / weighted by I-state,2D
GGI6,-0.0006051405461868,TopologicalChargeDescriptor,Topological charge index of order 6,2D
Sv,-0.0006054852781593,ConstitutionalDescriptor,Sum of atomic van der Waals volumes (scaled on carbon atom),2D
SC-4,-0.0006056748450868,ChiClusterDescriptor,"Simple cluster, order 4",2D
FPSA-2,-0.0006068346630288,CPSADescriptor,PPSA-2 / total molecular surface area,3D
minHssNH,-0.0006075781787201,ElectrotopologicalStateAtomTypeDescriptor,Minimum atom-type H E-State: -NH-,2D
PubchemFP382,-0.0006079773198156,"Atom Nearest Neighbors (""~"" bond, "":""bond aromaticity)",C(~O)(:C)(:C),FP
RDF55v,-0.000608178220049,RDFDescriptor,Radial distribution function - 055 / weighted by relative van der Waals volumes,3D
SpMin1_Bhs,-0.0006099816556219,BurdenModifiedEigenvaluesDescriptor,Smallest absolute eigenvalue of Burden modified matrix - n 1 / weighted by relative I-state,2D
VE3_Dzm,-0.0006109490700186,BaryszMatrixDescriptor,Logarithmic coefficient sum of the last eigenvector from Barysz matrix / weighted by mass,2D
SpMAD_DzZ,-0.0006122970668778,BaryszMatrixDescriptor,Spectral mean absolute deviation from Barysz matrix / weighted by atomic number,2D
SssssC,-0.0006157926084723,ElectrotopologicalStateAtomTypeDescriptor,Sum of atom-type E-State: >C<,2D
PubchemFP701,-0.0006214071788402,SMARTS patterns,O-C-C-C-C-C(O)-C,FP
TDB5u,-0.0006236133418416,Autocorrelation3DDescriptor,3D topological distance based autocorrelation - lag 5 / unweighted,3D
AATS5m,-0.0006258736265811,AutocorrelationDescriptor,Average Broto-Moreau autocorrelation - lag 5 / weighted by mass,2D
minHCsats,-0.0006278385222134,ElectrotopologicalStateAtomTypeDescriptor,"Minimum atom-type H E-State: H bonded to B, Si, P, Ge, As, Se, Sn or Pb",2D
ATSC4v,-0.0006281847363634,AutocorrelationDescriptor,Centered Broto-Moreau autocorrelation - lag 4 / weighted by van der Waals volumes,2D
MDEC-13,-0.0006289838747493,MDEDescriptor,Molecular distance edge between all primary and tertiary carbons,2D
SpMax2_Bhv,-0.0006293082437676,BurdenModifiedEigenvaluesDescriptor,Largest absolute eigenvalue of Burden modified matrix - n 2 / weighted by relative van der Waals volumes,2D
AATSC0v,-0.0006295567590066,AutocorrelationDescriptor,Average centered Broto-Moreau autocorrelation - lag 0 / weighted by van der Waals volumes,2D
RDF55p,-0.0006302109869661,RDFDescriptor,Radial distribution function - 055 / weighted by relative polarizabilities,3D
TDB1r,-0.0006310337050433,Autocorrelation3DDescriptor,3D topological distance based autocorrelation - lag 1 / weighted by covalent radius,3D
C3SP2,-0.0006372476248424,PaDELCarbonTypesDescriptor,Doubly bound carbon bound to three other carbons ,2D
nBondsT,-0.000638757040271,PaDELBondCountDescriptor,Number of triple bonds,2D
PubchemFP451,-0.0006401744132514,"Atom Neighborhoods (""-"", ""="", and ""#"" matches a single, double, and triple bond order)",C(-N)(=O),FP
PubchemFP662,-0.0006410173723877,SMARTS patterns,O-C-C-O-C,FP
topoShape,-0.0006436153817273,TopologicalDescriptor,Petitjean topological shape index ,2D
LipinskiFailures,-0.0006437730612799,RuleOfFiveDescriptor,Number failures of the Lipinski's Rule Of 5,2D
nAcid,-0.0006437955398705,AcidicGroupCountDescriptor,"Number of acidic groups. The list of acidic groups is defined by these SMARTS ""$([O;H1]-[C,S,P]=O)"", ""$([*;-;!$(*~[*;+])])"", ""$([NH](S(=O)=O)C(F)(F)F)"", and ""$(n1nnnc1)"" originally presented in JOELib",2D
RDF30u,-0.0006454317385815,RDFDescriptor,Radial distribution function - 030 / unweighted,3D
WPSA-3,-0.0006475866150988,CPSADescriptor,PPSA-3 * total molecular surface area / 1000,3D
ATSC2p,-0.0006499483241998,AutocorrelationDescriptor,Centered Broto-Moreau autocorrelation - lag 2 / weighted by polarizabilities,2D
MATS2v,-0.0006510390944257,AutocorrelationDescriptor,Moran autocorrelation - lag 2 / weighted by van der Waals volumes,2D
AATS7e,-0.0006584656516673,AutocorrelationDescriptor,Average Broto-Moreau autocorrelation - lag 7 / weighted by Sanderson electronegativities,2D
PubchemFP575,-0.0006626969418099,SMARTS patterns,O-C-C:C-O,FP
PubchemFP400,-0.0006735214966242,"Atom Nearest Neighbors (""~"" bond, "":""bond aromaticity)",N(~H)(:C)(:C),FP
minaaNH,-0.0006738563172595,ElectrotopologicalStateAtomTypeDescriptor,Minimum atom-type E-State: :NH:,2D
MATS1p,-0.0006741120237604,AutocorrelationDescriptor,Moran autocorrelation - lag 1 / weighted by polarizabilities,2D
PPSA-3,-0.0006755554753849,CPSADescriptor,Charge weighted partial positive surface area,3D
SCH-6,-0.0006779514804046,ChiChainDescriptor,"Simple chain, order 6",2D
MATS1i,-0.0006822592663002,AutocorrelationDescriptor,Moran autocorrelation - lag 1 / weighted by first ionization potential,2D
mindsN,-0.0006838086958363,ElectrotopologicalStateAtomTypeDescriptor,Minimum atom-type E-State: =N-,2D
nssssC,-0.0006845619258401,ElectrotopologicalStateAtomTypeDescriptor,Count of atom-type E-State: >C<,2D
PubchemFP192,-0.0006863385401432,Chemical Rings,>= 3 any ring size 6,FP
MATS2e,-0.0006866108958551,AutocorrelationDescriptor,Moran autocorrelation - lag 2 / weighted by Sanderson electronegativities,2D
GATS8m,-0.000687900862513,AutocorrelationDescriptor,Geary autocorrelation - lag 8 / weighted by mass,2D
MATS5m,-0.0006900847158513,AutocorrelationDescriptor,Moran autocorrelation - lag 5 / weighted by mass,2D
PubchemFP379,-0.0006913899293001,"Atom Nearest Neighbors (""~"" bond, "":""bond aromaticity)",C(~N)(:N),FP
PubchemFP553,-0.0006937900665334,SMARTS patterns,O=C-C=C,FP
AATS7i,-0.0006979991162204,AutocorrelationDescriptor,Average Broto-Moreau autocorrelation - lag 7 / weighted by first ionization potential,2D
RDF80v,-0.0007021202833101,RDFDescriptor,Radial distribution function - 080 / weighted by relative van der Waals volumes,3D
PubchemFP385,-0.000703321002563,"Atom Nearest Neighbors (""~"" bond, "":""bond aromaticity)",C(:C)(:C)(:C),FP
minHaaCH,-0.000707525940074,ElectrotopologicalStateAtomTypeDescriptor,Minimum atom-type H E-State: :CH:,2D
TDB2r,-0.0007105649719734,Autocorrelation3DDescriptor,3D topological distance based autocorrelation - lag 2 / weighted by covalent radius,3D
E3m,-0.0007110370836179,PaDELWHIMDescriptor,3rd component accessibility directional WHIM index / weighted by relative mass,3D
TDB9p,-0.0007122133860547,Autocorrelation3DDescriptor,3D topological distance based autocorrelation - lag 9 / weighted by polarizabilities,3D
ETA_dAlpha_A,-0.0007129319531038,ExtendedTopochemicalAtomDescriptor,A measure of count of non-hydrogen heteroatoms,2D
MATS7v,-0.0007160522825852,AutocorrelationDescriptor,Moran autocorrelation - lag 7 / weighted by van der Waals volumes,2D
maxHaaCH,-0.0007164394414662,ElectrotopologicalStateAtomTypeDescriptor,Maximum atom-type H E-State: :CH:,2D
PubchemFP650,-0.0007228743481633,SMARTS patterns,O=C-N-C=O,FP
PubchemFP342,-0.0007294526277493,"Atom Nearest Neighbors (""~"" bond, "":""bond aromaticity)",C(~C)(~Cl),FP
PubchemFP430,-0.0007337413586158,"Atom Neighborhoods (""-"", ""="", and ""#"" matches a single, double, and triple bond order)",C(-C)(-C)(=C),FP
E2s,-0.0007367887232031,PaDELWHIMDescriptor,2nd component accessibility directional WHIM index / weighted by relative I-state,3D
MATS7p,-0.0007392974727241,AutocorrelationDescriptor,Moran autocorrelation - lag 7 / weighted by polarizabilities,2D
GGI9,-0.0007408049831262,TopologicalChargeDescriptor,Topological charge index of order 9,2D
VE1_Dzp,-0.0007409666203884,BaryszMatrixDescriptor,Coefficient sum of the last eigenvector from Barysz matrix / weighted by polarizabilities,2D
AATS8p,-0.0007418979181963,AutocorrelationDescriptor,Average Broto-Moreau autocorrelation - lag 8 / weighted by polarizabilities,2D
SIC1,-0.0007468221429212,InformationContentDescriptor,Structural information content index (neighborhood symmetry of 1-order),2D
PubchemFP691,-0.0007564141598495,SMARTS patterns,O-C-C-C-C-C-N,FP
MATS3e,-0.0007610518114043,AutocorrelationDescriptor,Moran autocorrelation - lag 3 / weighted by Sanderson electronegativities,2D
nsCH3,-0.0007636480917945,ElectrotopologicalStateAtomTypeDescriptor,Count of atom-type E-State: -CH3,2D
PubchemFP356,-0.0007705122438163,"Atom Nearest Neighbors (""~"" bond, "":""bond aromaticity)",C(~C)(:C)(:C),FP
ATS8e,-0.0007728004215107,AutocorrelationDescriptor,Broto-Moreau autocorrelation - lag 8 / weighted by Sanderson electronegativities,2D
VE2_Dze,-0.0007738868807148,BaryszMatrixDescriptor,Average coefficient sum of the last eigenvector from Barysz matrix / weighted by Sanderson electronegativities,2D
CIC5,-0.0007782727421776,InformationContentDescriptor,Complementary information content index (neighborhood symmetry of 5-order),2D
PubchemFP389,-0.000778837142853,"Atom Nearest Neighbors (""~"" bond, "":""bond aromaticity)",C(:N)(:N),FP
WPATH,-0.000784810364184,WienerNumbersDescriptor,Weiner path number ,2D
MATS6s,-0.000786433076571,AutocorrelationDescriptor,Moran autocorrelation - lag 6 / weighted by I-state,2D
PubchemFP571,-0.0007944722409874,SMARTS patterns,[#1]-C-O-[#1],FP
C1SP2,-0.0007963217187215,PaDELCarbonTypesDescriptor,Doubly bound carbon bound to one other carbon ,2D
minHBint4,-0.0007966128024002,ElectrotopologicalStateAtomTypeDescriptor,Minimum E-State descriptors of strength for potential Hydrogen Bonds of path length 4,2D
VE2_Dzi,-0.0007989282927787,BaryszMatrixDescriptor,Average coefficient sum of the last eigenvector from Barysz matrix / weighted by first ionization potential,2D
RDF30v,-0.0008051274496801,RDFDescriptor,Radial distribution function - 030 / weighted by relative van der Waals volumes,3D
maxaaO,-0.0008102222738823,ElectrotopologicalStateAtomTypeDescriptor,Maximum atom-type E-State: :O:,2D
PubchemFP527,-0.0008110554653027,SMARTS patterns,C:C:N-[#1],FP
minHaaNH,-0.0008141387348657,ElectrotopologicalStateAtomTypeDescriptor,Minimum atom-type H E-State: :NH:,2D
nX,-0.0008166603873423,AtomCountDescriptor,"Number of halogen atoms (F, Cl, Br, I, At, Uus)",2D
AATSC6p,-0.0008238541186209,AutocorrelationDescriptor,Average centered Broto-Moreau autocorrelation - lag 6 / weighted by polarizabilities,2D
BIC5,-0.0008315249944682,InformationContentDescriptor,Bond information content index (neighborhood symmetry of 5-order),2D
PubchemFP377,-0.0008373696044087,"Atom Nearest Neighbors (""~"" bond, "":""bond aromaticity)",C(~N)(:C)(:C),FP
PubchemFP612,-0.0008434240043987,SMARTS patterns,N-C-O-C-C,FP
TDB1v,-0.0008509891105649,Autocorrelation3DDescriptor,3D topological distance based autocorrelation - lag 1 / weighted by van der Waals volumes,3D
PubchemFP682,-0.0008518215162739,SMARTS patterns,O-C-C-C-C-N,FP
SsssN,-0.0008548698226666,ElectrotopologicalStateAtomTypeDescriptor,Sum of atom-type E-State: >N-,2D
PubchemFP145,-0.0008605215147568,Chemical Rings,>= 1 saturated or aromatic nitrogen-containing ring size 5,FP
ATSC2v,-0.0008611936647657,AutocorrelationDescriptor,Centered Broto-Moreau autocorrelation - lag 2 / weighted by van der Waals volumes,2D
MDEC-24,-0.0008749143057447,MDEDescriptor,Molecular distance edge between all secondary and quaternary carbons ,2D
PubchemFP37,-0.0008778025996531,Element Counts,>= 1 Cl,FP
GATS2v,-0.0008787927219677,AutocorrelationDescriptor,Geary autocorrelation - lag 2 / weighted by van der Waals volumes,2D
PubchemFP625,-0.0008791417853082,SMARTS patterns,O=C-C:C-O,FP
RDF45m,-0.0008888412344119,RDFDescriptor,Radial distribution function - 045 / weighted by relative mass,3D
PubchemFP542,-0.0008944460545761,SMARTS patterns,O-C:C-[#1],FP
nHBint3,-0.0009072510691593,ElectrotopologicalStateAtomTypeDescriptor,Count of E-State descriptors of strength for potential Hydrogen Bonds of path length 3,2D
minHBint7,-0.0009215100647134,ElectrotopologicalStateAtomTypeDescriptor,Minimum E-State descriptors of strength for potential Hydrogen Bonds of path length 7,2D
GATS6p,-0.0009226350434681,AutocorrelationDescriptor,Geary autocorrelation - lag 6 / weighted by polarizabilities,2D
SHBint10,-0.0009239927903572,ElectrotopologicalStateAtomTypeDescriptor,Sum of E-State descriptors of strength for potential hydrogen bonds of path length 10,2D
PubchemFP614,-0.0009326151147891,SMARTS patterns,C-C-O-C-C,FP
MDEN-23,-0.0009334090183931,MDEDescriptor,Molecular distance edge between all secondary and tertiary nitrogens ,2D
maxHBint10,-0.000939835683024,ElectrotopologicalStateAtomTypeDescriptor,Maximum E-State descriptors of strength for potential Hydrogen Bonds of path length 10,2D
TDB5e,-0.0009408555467291,Autocorrelation3DDescriptor,3D topological distance based autocorrelation - lag 5 / weighted by Sanderson electronegativities,3D
PubchemFP365,-0.0009419003780487,"Atom Nearest Neighbors (""~"" bond, "":""bond aromaticity)",C(~H)(~N),FP
GGI3,-0.0009419052874415,TopologicalChargeDescriptor,Topological charge index of order 3,2D
PubchemFP363,-0.0009444796303138,"Atom Nearest Neighbors (""~"" bond, "":""bond aromaticity)",C(~F)(~F),FP
TDB6u,-0.0009473528754921,Autocorrelation3DDescriptor,3D topological distance based autocorrelation - lag 6 / unweighted,3D
GATS4p,-0.0009488868117037,AutocorrelationDescriptor,Geary autocorrelation - lag 4 / weighted by polarizabilities,2D
IC1,-0.0009523971132505,InformationContentDescriptor,Information content index (neighborhood symmetry of 1-order),2D
nHCsats,-0.000959524397295,ElectrotopologicalStateAtomTypeDescriptor,"Count of atom-type H E-State: H bonded to B, Si, P, Ge, As, Se, Sn or Pb",2D
L2s,-0.0009677202497126,PaDELWHIMDescriptor,2nd component size directional WHIM index / weighted by relative I-state,3D
AATSC5e,-0.0009713609759696,AutocorrelationDescriptor,Average centered Broto-Moreau autocorrelation - lag 5 / weighted by Sanderson electronegativities,2D
VC-4,-0.000987895496192,ChiClusterDescriptor,"Valence cluster, order 4",2D
AATS8e,-0.0010008340082351,AutocorrelationDescriptor,Average Broto-Moreau autocorrelation - lag 8 / weighted by Sanderson electronegativities,2D
maxHBint4,-0.001005191005281,ElectrotopologicalStateAtomTypeDescriptor,Maximum E-State descriptors of strength for potential Hydrogen Bonds of path length 4,2D
PubchemFP700,-0.001007651575499,SMARTS patterns,O-C-C-C-C-C-O-C,FP
PubchemFP763,-0.0010089263747144,SMARTS patterns 2,Oc1c(N)cccc1,FP
nHssNH,-0.0010157977147096,ElectrotopologicalStateAtomTypeDescriptor,Count of atom-type H E-State: -NH-,2D
PubchemFP712,-0.001018678551297,SMARTS patterns,C-C(C)-C(C)-C,FP
PubchemFP543,-0.0010217176852876,SMARTS patterns,O-C:C-N,FP
VCH-6,-0.0010251506033831,ChiChainDescriptor,"Valence chain, order 6",2D
RDF55m,-0.0010303680154074,RDFDescriptor,Radial distribution function - 055 / weighted by relative mass,3D
naaO,-0.0010331430638874,ElectrotopologicalStateAtomTypeDescriptor,Count of atom-type E-State: :O:,2D
PubchemFP333,-0.0010493448295974,"Atom Nearest Neighbors (""~"" bond, "":""bond aromaticity)",C(~C)(~C)(~C),FP
AATSC8v,-0.0010575364229165,AutocorrelationDescriptor,Average centered Broto-Moreau autocorrelation - lag 8 / weighted by van der Waals volumes,2D
PubchemFP409,-0.0010619154292586,"Atom Nearest Neighbors (""~"" bond, "":""bond aromaticity)",O(:C)(:C),FP
GATS4s,-0.0010629405488429,AutocorrelationDescriptor,Geary autocorrelation - lag 4 / weighted by I-state,2D
AATSC1i,-0.0010655766365744,AutocorrelationDescriptor,Average centered Broto-Moreau autocorrelation - lag 1 / weighted by first ionization potential,2D
PubchemFP547,-0.0010664882282173,SMARTS patterns,N-C:C-N,FP
nsssN,-0.0010794726530603,ElectrotopologicalStateAtomTypeDescriptor,Count of atom-type E-State: >N-,2D
RDF55s,-0.0010804879872055,RDFDescriptor,Radial distribution function - 055 / weighted by relative I-state,3D
AATSC7m,-0.0010858766089015,AutocorrelationDescriptor,Average centered Broto-Moreau autocorrelation - lag 7 / weighted by mass,2D
ATSC8v,-0.0010865602578591,AutocorrelationDescriptor,Centered Broto-Moreau autocorrelation - lag 8 / weighted by van der Waals volumes,2D
BCUTw-1h,-0.001097508787741,BCUTDescriptor,nlow highest atom weighted BCUTS ,2D
PubchemFP477,-0.0011094853322426,SMARTS patterns,N-N-C:C,FP
PubchemFP707,-0.0011184520571079,SMARTS patterns,O=C-C-C-C-C(N)-C,FP
PubchemFP399,-0.0011184799621861,"Atom Nearest Neighbors (""~"" bond, "":""bond aromaticity)",N(~H)(:C),FP
minaaO,-0.0011205925121003,ElectrotopologicalStateAtomTypeDescriptor,Minimum atom-type E-State: :O:,2D
PubchemFP492,-0.0011297564508154,SMARTS patterns,N-C:O:C,FP
VR1_Dzp,-0.0011304526638657,BaryszMatrixDescriptor,Randic-like eigenvector-based index from Barysz matrix / weighted by polarizabilities,2D
maxHaaNH,-0.0011370465530012,ElectrotopologicalStateAtomTypeDescriptor,Maximum atom-type H E-State: :NH:,2D
PubchemFP346,-0.0011476914495965,"Atom Nearest Neighbors (""~"" bond, "":""bond aromaticity)",C(~C)(~H)(~O),FP
PubchemFP448,-0.0011541052887379,"Atom Neighborhoods (""-"", ""="", and ""#"" matches a single, double, and triple bond order)",C(-H)(=O),FP
ATSC0i,-0.0011580292249348,AutocorrelationDescriptor,Centered Broto-Moreau autocorrelation - lag 0 / weighted by first ionization potential,2D
PubchemFP436,-0.0011945009827942,"Atom Neighborhoods (""-"", ""="", and ""#"" matches a single, double, and triple bond order)",C(-C)(-H)(=O),FP
PubchemFP576,-0.0011957479947955,SMARTS patterns,N=C-C:C-[#1],FP
PubchemFP391,-0.0012088125324731,"Atom Nearest Neighbors (""~"" bond, "":""bond aromaticity)",N(~C)(~C)(~C),FP
VE2_Dzp,-0.0012169249280868,BaryszMatrixDescriptor,Average coefficient sum of the last eigenvector from Barysz matrix / weighted by polarizabilities,2D
nHBint7,-0.0012205759980712,ElectrotopologicalStateAtomTypeDescriptor,Count of E-State descriptors of strength for potential Hydrogen Bonds of path length 7,2D
PubchemFP422,-0.0012218011749375,"Atom Neighborhoods (""-"", ""="", and ""#"" matches a single, double, and triple bond order)",N=N,FP
maxwHBa,-0.0012232377997029,ElectrotopologicalStateAtomTypeDescriptor,Maximum E-States for weak Hydrogen Bond acceptors,2D
GATS5c,-0.0012319646354398,AutocorrelationDescriptor,Geary autocorrelation - lag 5 / weighted by charges,2D
SpMin8_Bhs,-0.0012376162486944,BurdenModifiedEigenvaluesDescriptor,Smallest absolute eigenvalue of Burden modified matrix - n 8 / weighted by relative I-state,2D
AATS4i,-0.0012390466306003,AutocorrelationDescriptor,Average Broto-Moreau autocorrelation - lag 4 / weighted by first ionization potential,2D
MATS5c,-0.0012432631532258,AutocorrelationDescriptor,Moran autocorrelation - lag 5 / weighted by charges,2D
PubchemFP24,-0.0012515889996192,Element Counts,>= 2 F,FP
minHBd,-0.0012685019900473,ElectrotopologicalStateAtomTypeDescriptor,Minimum E-States for (strong) Hydrogen Bond donors,2D
minssNH,-0.0012792222548035,ElectrotopologicalStateAtomTypeDescriptor,Minimum atom-type E-State: -NH-,2D
ATSC3m,-0.0012836759652957,AutocorrelationDescriptor,Centered Broto-Moreau autocorrelation - lag 3 / weighted by mass,2D
SdsN,-0.001358186686483,ElectrotopologicalStateAtomTypeDescriptor,Sum of atom-type E-State: =N-,2D
ATSC3i,-0.0013709951458693,AutocorrelationDescriptor,Centered Broto-Moreau autocorrelation - lag 3 / weighted by first ionization potential,2D
maxsCl,-0.0013735662217004,ElectrotopologicalStateAtomTypeDescriptor,Maximum atom-type E-State: -Cl,2D
SHssNH,-0.0013878988187879,ElectrotopologicalStateAtomTypeDescriptor,Sum of atom-type H E-State: -NH-,2D
SRW7,-0.0013977852211509,WalkCountDescriptor,Self-returning walk count of order 7 (ln(1+x),2D
ATSC1i,-0.0014021660138772,AutocorrelationDescriptor,Centered Broto-Moreau autocorrelation - lag 1 / weighted by first ionization potential,2D
RDF70i,-0.0014100686256857,RDFDescriptor,Radial distribution function - 070 / weighted by relative first ionization potential,3D
VCH-5,-0.0014333345789887,ChiChainDescriptor,"Valence chain, order 5",2D
MDEN-13,-0.001435224609366,MDEDescriptor,Molecular distance edge between all primary and tertiary niroqens ,2D
PubchemFP392,-0.0014400269879044,"Atom Nearest Neighbors (""~"" bond, "":""bond aromaticity)",N(~C)(~C)(~H),FP
SaaO,-0.0014448179391712,ElectrotopologicalStateAtomTypeDescriptor,Sum of atom-type E-State: :O:,2D
ndsN,-0.001505223804713,ElectrotopologicalStateAtomTypeDescriptor,Count of atom-type E-State: =N-,2D
C2SP3,-0.001506676033979,PaDELCarbonTypesDescriptor,Singly bound carbon bound to two other carbons ,2D
maxsssN,-0.0015528058960165,ElectrotopologicalStateAtomTypeDescriptor,Maximum atom-type E-State: >N-,2D
SHBint7,-0.0015857581622269,ElectrotopologicalStateAtomTypeDescriptor,Sum of E-State descriptors of strength for potential hydrogen bonds of path length 7,2D
VR2_Dzp,-0.0016179635275063,BaryszMatrixDescriptor,Normalized Randic-like eigenvector-based index from Barysz matrix / weighted by polarizabilities,2D
PubchemFP690,-0.0016492245404108,SMARTS patterns,O-C-C-C-C-C-O,FP
PubchemFP638,-0.0017130078125091,SMARTS patterns,O-C-C-C-N,FP
PubchemFP503,-0.0017288381661318,SMARTS patterns,Cl-C:C-[#1],FP
PubchemFP615,-0.0017361751451428,SMARTS patterns,N-C-C-O-C,FP
PubchemFP713,-0.0017737363680681,SMARTS patterns 2,Cc1ccc(C)cc1,FP
ECCEN,-0.0018262164694332,EccentricConnectivityIndexDescriptor,A topological descriptor combining distance and adjacency information,2D
PubchemFP143,-0.0018371426045206,Chemical Rings,>= 1 any ring size 5,FP
PubchemFP714,-0.0018635036129481,SMARTS patterns 2,Cc1ccc(O)cc1,FP
PubchemFP721,-0.0018650846657067,SMARTS patterns 2,Oc1ccc(N)cc1,FP
nF9Ring,-0.0018709058379655,RingCountDescriptor,Number of 9-membered fused rings,2D
PubchemFP146,-0.0018894576244157,Chemical Rings,>= 1 saturated or aromatic heteroatom-containing ring size 5,FP
maxdsN,-0.0019704400976623,ElectrotopologicalStateAtomTypeDescriptor,Maximum atom-type E-State: =N-,2D
AATSC5c,-0.0019714815102925,AutocorrelationDescriptor,Average centered Broto-Moreau autocorrelation - lag 5 / weighted by charges,2D
n5Ring,-0.0019980768295683,RingCountDescriptor,Number of 5-membered rings,2D
maxssNH,-0.0020222384320241,ElectrotopologicalStateAtomTypeDescriptor,Maximum atom-type E-State: -NH-,2D
MDEC-14,-0.0020383126220487,MDEDescriptor,Molecular distance edge between all primary and quaternary carbons ,2D
SCH-5,-0.0020745038562662,ChiChainDescriptor,"Simple chain, order 5",2D
PubchemFP659,-0.0021520064201144,SMARTS patterns,O-C-C-N-C,FP
PubchemFP328,-0.0021527494964906,"Atom Nearest Neighbors (""~"" bond, "":""bond aromaticity)",C(~Br)(~C)(~C),FP
SRW9,-0.0021717960713525,WalkCountDescriptor,Self-returning walk count of order 9 (ln(1+x),2D
nCl,-0.0022502488072877,AtomCountDescriptor,Number of chlorine atoms,2D
SRW5,-0.0022530542565825,WalkCountDescriptor,Self-returning walk count of order 5 (ln(1+x),2D
PubchemFP566,-0.0023979325718355,SMARTS patterns,O-C-C-N,FP
PubchemFP515,-0.0024724639533015,SMARTS patterns,N-N-C-C,FP
PubchemFP771,-0.0025234692157362,SMARTS patterns 2,Nc1c(Cl)cccc1,FP
PubchemFP502,-0.0025918029479447,SMARTS patterns,N-C=C-[#1],FP
n5HeteroRing,-0.0027334025623512,RingCountDescriptor,"Number of 5-membered rings containing heteroatoms (N, O, P, S, or halogens)",2D
PubchemFP300,-0.0027475851348934,Atom Pairs,N-N,FP
PubchemFP717,-0.0028994222088084,SMARTS patterns 2,Cc1ccc(Cl)cc1,FP
