"Molecule ChEMBL ID";"Molecule Name";"Molecule Max Phase";"Molecular Weight";"#RO5 Violations";"AlogP";"Compound Key";"Smiles";"Standard Type";"Standard Relation";"Standard Value";"Standard Units";"pChEMBL Value";"Data Validity Comment";"Comment";"Uo Units";"Ligand Efficiency BEI";"Ligand Efficiency LE";"Ligand Efficiency LLE";"Ligand Efficiency SEI";"Potential Duplicate";"Assay ChEMBL ID";"Assay Description";"Assay Type";"BAO Format ID";"BAO Label";"Assay Organism";"Assay Tissue ChEMBL ID";"Assay Tissue Name";"Assay Cell Type";"Assay Subcellular Fraction";"Assay Parameters";"Assay Variant Accession";"Assay Variant Mutation";"Target ChEMBL ID";"Target Name";"Target Organism";"Target Type";"Document ChEMBL ID";"Source ID";"Source Description";"Document Journal";"Document Year";"Cell ChEMBL ID";"Properties";"Action Type";"Standard Text Value"
"CHEMBL66077";"";"None";"226.24";"0";"1.18";"18";"Nc1nc(N)c2[nH]c(-c3ccccc3)nc2n1";"IC50";"'='";"28183.83";"nM";"4.55";"";"";"UO_0000065";"20.11";"0.37";"3.37";"4.27";"0";"CHEMBL1071424";"Inhibition of Toxoplasma gondii DHFR by spectrophotometric assay";"B";"BAO_0000357";"single protein format";"Toxoplasma gondii";"None";"None";"None";"None";"";"";"";"CHEMBL2425";"Dihydrofolate reductase";"Toxoplasma gondii";"SINGLE PROTEIN";"CHEMBL1156926";"1";"Scientific Literature";"Bioorg Med Chem";"2010";"None";"";"";""
"CHEMBL22623";"";"None";"354.41";"0";"2.15";"3b";"COc1cc(OC)cc(N(C)Cc2cnc3nc(N)nc(N)c3c2C)c1";"IC50";"'='";"58.0";"nM";"7.24";"";"";"UO_0000065";"20.42";"0.38";"5.09";"6.44";"0";"CHEMBL664916";"Inhibitory activity against Dihydrofolate reductase from Toxoplasma gondii";"B";"BAO_0000357";"single protein format";"Toxoplasma gondii";"None";"None";"None";"None";"";"";"";"CHEMBL2425";"Dihydrofolate reductase";"Toxoplasma gondii";"SINGLE PROTEIN";"CHEMBL1128680";"1";"Scientific Literature";"J Med Chem";"1995";"None";"";"";""
"CHEMBL601520";"";"None";"372.43";"0";"4.13";"49";"CCn1c2ccccc2c2cc(NCc3coc4nc(N)nc(N)c34)ccc21";"IC50";"'='";"4500.0";"nM";"5.35";"";"";"UO_0000065";"14.36";"0.26";"1.22";"4.95";"0";"CHEMBL1071424";"Inhibition of Toxoplasma gondii DHFR by spectrophotometric assay";"B";"BAO_0000357";"single protein format";"Toxoplasma gondii";"None";"None";"None";"None";"";"";"";"CHEMBL2425";"Dihydrofolate reductase";"Toxoplasma gondii";"SINGLE PROTEIN";"CHEMBL1156926";"1";"Scientific Literature";"Bioorg Med Chem";"2010";"None";"";"";""
"CHEMBL69363";"";"None";"342.40";"0";"2.53";"7";"CCOc1ccc(OCC)c(NCc2c[nH]c3nc(N)nc(N)c23)c1";"IC50";"'='";"5300.0";"nM";"5.28";"";"";"UO_0000065";"15.41";"0.29";"2.75";"4.25";"1";"CHEMBL1071424";"Inhibition of Toxoplasma gondii DHFR by spectrophotometric assay";"B";"BAO_0000357";"single protein format";"Toxoplasma gondii";"None";"None";"None";"None";"";"";"";"CHEMBL2425";"Dihydrofolate reductase";"Toxoplasma gondii";"SINGLE PROTEIN";"CHEMBL1156926";"1";"Scientific Literature";"Bioorg Med Chem";"2010";"None";"";"";""
"CHEMBL609914";"";"None";"325.44";"0";"3.46";"59";"Cc1c(Sc2cccc3c2CCCC3)[nH]c2nc(N)nc(N)c12";"IC50";"'='";"160.0";"nM";"6.80";"";"";"UO_0000065";"20.88";"0.40";"3.34";"7.26";"0";"CHEMBL1071424";"Inhibition of Toxoplasma gondii DHFR by spectrophotometric assay";"B";"BAO_0000357";"single protein format";"Toxoplasma gondii";"None";"None";"None";"None";"";"";"";"CHEMBL2425";"Dihydrofolate reductase";"Toxoplasma gondii";"SINGLE PROTEIN";"CHEMBL1156926";"1";"Scientific Literature";"Bioorg Med Chem";"2010";"None";"";"";""
"CHEMBL277217";"";"None";"327.41";"0";"2.80";"13f";"COc1cccc(SCc2cnc3nc(N)nc(N)c3c2C)c1";"IC50";"'='";"110.0";"nM";"6.96";"";"";"UO_0000065";"21.25";"0.41";"4.16";"6.96";"0";"CHEMBL665590";"Inhibitory activity against Toxoplasma gondii dihydrofolate reductase";"B";"BAO_0000357";"single protein format";"Toxoplasma gondii";"None";"None";"None";"None";"";"";"";"CHEMBL2425";"Dihydrofolate reductase";"Toxoplasma gondii";"SINGLE PROTEIN";"CHEMBL1129525";"1";"Scientific Literature";"J Med Chem";"1996";"None";"";"";""
"CHEMBL522678";"";"None";"343.43";"0";"3.97";"7";"CCN(Cc1ccc2ccccc2c1)c1ccc2nc(N)nc(N)c2c1";"IC50";"'='";"12.0";"nM";"7.92";"";"";"UO_0000065";"23.06";"0.42";"3.95";"9.77";"0";"CHEMBL1027390";"Inhibition of Toxoplasma gondii dihydrofolate reductase";"B";"BAO_0000357";"single protein format";"Toxoplasma gondii";"None";"None";"None";"None";"";"";"";"CHEMBL2425";"Dihydrofolate reductase";"Toxoplasma gondii";"SINGLE PROTEIN";"CHEMBL1140088";"1";"Scientific Literature";"J Med Chem";"2008";"None";"";"";""
"CHEMBL22623";"";"None";"354.41";"0";"2.15";"14f";"COc1cc(OC)cc(N(C)Cc2cnc3nc(N)nc(N)c3c2C)c1";"IC50";"'='";"4.0";"nM";"8.40";"";"";"UO_0000065";"23.70";"0.44";"6.25";"7.47";"0";"CHEMBL665590";"Inhibitory activity against Toxoplasma gondii dihydrofolate reductase";"B";"BAO_0000357";"single protein format";"Toxoplasma gondii";"None";"None";"None";"None";"";"";"";"CHEMBL2425";"Dihydrofolate reductase";"Toxoplasma gondii";"SINGLE PROTEIN";"CHEMBL1129525";"1";"Scientific Literature";"J Med Chem";"1996";"None";"";"";""
"CHEMBL22";"TRIMETHOPRIM";"4.0";"290.32";"0";"1.26";"1";"COc1cc(Cc2cnc(N)nc2N)cc(OC)c1OC";"IC50";"'='";"2700.0";"nM";"5.57";"";"";"UO_0000065";"19.18";"0.36";"4.31";"5.28";"1";"CHEMBL665602";"The ability to inhibit Toxoplasma gondii Dihydrofolate reductase was tested";"B";"BAO_0000357";"single protein format";"Toxoplasma gondii";"None";"None";"None";"None";"";"";"";"CHEMBL2425";"Dihydrofolate reductase";"Toxoplasma gondii";"SINGLE PROTEIN";"CHEMBL1132605";"1";"Scientific Literature";"J Med Chem";"1999";"None";"";"";""
"CHEMBL342555";"";"None";"384.40";"0";"1.38";"34";"COc1cc(N(C=O)Cc2cnc3nc(N)nc(N)c3c2)cc(OC)c1OC";"IC50";"'='";"1100.0";"nM";"5.96";"";"";"UO_0000065";"15.50";"0.29";"4.58";"4.30";"1";"CHEMBL828662";"Inhibition of Toxoplasma gondii dihydrofolate reductase";"B";"BAO_0000357";"single protein format";"Toxoplasma gondii";"None";"None";"None";"None";"";"";"";"CHEMBL2425";"Dihydrofolate reductase";"Toxoplasma gondii";"SINGLE PROTEIN";"CHEMBL1145190";"1";"Scientific Literature";"J Med Chem";"2005";"None";"";"";""
"CHEMBL32769";"";"None";"326.36";"0";"1.82";"172";"COc1ccc(CNc2cnc3nc(N)nc(N)c3c2)cc1OC";"IC50";"'='";"729.96";"nM";"6.14";"";"";"UO_0000065";"18.80";"0.35";"4.32";"5.06";"0";"CHEMBL830839";"Inhibition of Toxoplasma gondii dihydrofolate reductase";"B";"BAO_0000357";"single protein format";"Toxoplasma gondii";"None";"None";"None";"None";"";"";"";"CHEMBL2425";"Dihydrofolate reductase";"Toxoplasma gondii";"SINGLE PROTEIN";"CHEMBL1145190";"1";"Scientific Literature";"J Med Chem";"2005";"None";"";"";""
"CHEMBL34337";"";"None";"294.36";"0";"1.87";"162";"CN(CCc1ccccc1)c1cnc2nc(N)nc(N)c2c1";"IC50";"'='";"920.0";"nM";"6.04";"";"";"UO_0000065";"20.51";"0.37";"4.17";"6.42";"1";"CHEMBL828662";"Inhibition of Toxoplasma gondii dihydrofolate reductase";"B";"BAO_0000357";"single protein format";"Toxoplasma gondii";"None";"None";"None";"None";"";"";"";"CHEMBL2425";"Dihydrofolate reductase";"Toxoplasma gondii";"SINGLE PROTEIN";"CHEMBL1145190";"1";"Scientific Literature";"J Med Chem";"2005";"None";"";"";""
"CHEMBL113999";"";"None";"355.40";"0";"2.43";"91";"COc1cc(CNc2ccc3nc(N)nc(N)c3c2)cc(OC)c1OC";"IC50";"'='";"84.0";"nM";"7.08";"";"";"UO_0000065";"19.91";"0.37";"4.65";"6.02";"1";"CHEMBL830839";"Inhibition of Toxoplasma gondii dihydrofolate reductase";"B";"BAO_0000357";"single protein format";"Toxoplasma gondii";"None";"None";"None";"None";"";"";"";"CHEMBL2425";"Dihydrofolate reductase";"Toxoplasma gondii";"SINGLE PROTEIN";"CHEMBL1145190";"1";"Scientific Literature";"J Med Chem";"2005";"None";"";"";""
"CHEMBL286700";"";"None";"266.31";"0";"1.80";"177";"Nc1nc(N)c2cc(NCc3ccccc3)cnc2n1";"IC50";"'='";"520.0";"nM";"6.28";"";"";"UO_0000065";"23.60";"0.43";"4.48";"6.12";"1";"CHEMBL830839";"Inhibition of Toxoplasma gondii dihydrofolate reductase";"B";"BAO_0000357";"single protein format";"Toxoplasma gondii";"None";"None";"None";"None";"";"";"";"CHEMBL2425";"Dihydrofolate reductase";"Toxoplasma gondii";"SINGLE PROTEIN";"CHEMBL1145190";"1";"Scientific Literature";"J Med Chem";"2005";"None";"";"";""
"CHEMBL106070";"";"None";"286.30";"0";"1.20";"7";"COc1ccc(OC)c(-c2nc3c(N)nc(N)nc3[nH]2)c1";"IC50";"'='";"1700.0";"nM";"5.77";"";"";"UO_0000065";"20.15";"0.38";"4.57";"4.62";"0";"CHEMBL664911";"Inhibition of Toxoplasma gondii dihydrofolate reductase";"B";"BAO_0000357";"single protein format";"Toxoplasma gondii";"None";"None";"None";"None";"";"";"";"CHEMBL2425";"Dihydrofolate reductase";"Toxoplasma gondii";"SINGLE PROTEIN";"CHEMBL1130150";"1";"Scientific Literature";"J Med Chem";"1997";"None";"";"";""
"CHEMBL116815";"";"None";"325.37";"0";"2.42";"93";"COc1cc(CNc2ccc3nc(N)nc(N)c3c2)cc(OC)c1";"IC50";"'='";"120.0";"nM";"6.92";"";"";"UO_0000065";"21.27";"0.39";"4.50";"6.39";"1";"CHEMBL828662";"Inhibition of Toxoplasma gondii dihydrofolate reductase";"B";"BAO_0000357";"single protein format";"Toxoplasma gondii";"None";"None";"None";"None";"";"";"";"CHEMBL2425";"Dihydrofolate reductase";"Toxoplasma gondii";"SINGLE PROTEIN";"CHEMBL1145190";"1";"Scientific Literature";"J Med Chem";"2005";"None";"";"";""
"CHEMBL476744";"";"None";"359.46";"0";"3.24";"15";"CCCc1c(Sc2cc(OC)ccc2OC)[nH]c2nc(N)nc(N)c12";"Inhibition";"'='";"0.0";"%";"";"";"";"UO_0000187";"";"";"";"";"0";"CHEMBL983749";"Inhibition of Toxoplasma gondii thymidylate synthase at >12 uM";"B";"BAO_0000357";"single protein format";"Toxoplasma gondii";"None";"None";"None";"None";"";"";"";"CHEMBL2425";"Dihydrofolate reductase";"Toxoplasma gondii";"SINGLE PROTEIN";"CHEMBL1155823";"1";"Scientific Literature";"J Med Chem";"2008";"None";"";"";""
"CHEMBL516128";"";"None";"359.46";"0";"3.41";"23";"COc1ccc(OC)c(Sc2[nH]c3nc(N)nc(N)c3c2C(C)C)c1";"Inhibition";"'='";"0.0";"%";"";"";"";"UO_0000187";"";"";"";"";"0";"CHEMBL983755";"Inhibition of Toxoplasma gondii thymidylate synthase at >2.3 uM";"B";"BAO_0000357";"single protein format";"Toxoplasma gondii";"None";"None";"None";"None";"";"";"";"CHEMBL2425";"Dihydrofolate reductase";"Toxoplasma gondii";"SINGLE PROTEIN";"CHEMBL1155823";"1";"Scientific Literature";"J Med Chem";"2008";"None";"";"";""
"CHEMBL477150";"";"None";"349.46";"0";"4.55";"26";"CC(C)c1c(Sc2ccc3ccccc3c2)[nH]c2nc(N)nc(N)c12";"Inhibition";"'='";"0.0";"%";"";"";"";"UO_0000187";"";"";"";"";"0";"CHEMBL983756";"Inhibition of Toxoplasma gondii thymidylate synthase at >2.4 uM";"B";"BAO_0000357";"single protein format";"Toxoplasma gondii";"None";"None";"None";"None";"";"";"";"CHEMBL2425";"Dihydrofolate reductase";"Toxoplasma gondii";"SINGLE PROTEIN";"CHEMBL1155823";"1";"Scientific Literature";"J Med Chem";"2008";"None";"";"";""
"CHEMBL22";"TRIMETHOPRIM";"4.0";"290.32";"0";"1.26";"TMP";"COc1cc(Cc2cnc(N)nc2N)cc(OC)c1OC";"IC50";"'='";"2800.0";"nM";"5.55";"";"";"UO_0000065";"19.13";"0.36";"4.29";"5.26";"0";"CHEMBL664919";"Inhibitory activity against Dihydrohydrofolate reductase(DHFR) of Toxoplasma gondii";"B";"BAO_0000357";"single protein format";"Toxoplasma gondii";"None";"None";"None";"None";"";"";"";"CHEMBL2425";"Dihydrofolate reductase";"Toxoplasma gondii";"SINGLE PROTEIN";"CHEMBL1136782";"1";"Scientific Literature";"J Med Chem";"2003";"None";"";"";""
"CHEMBL80065";"";"None";"359.23";"0";"2.87";"110";"Cc1c(CNc2ccc(Br)cc2)cnc2nc(N)nc(N)c12";"IC50";"'='";"9.5";"nM";"8.02";"";"";"UO_0000065";"22.33";"0.50";"5.15";"7.81";"1";"CHEMBL828662";"Inhibition of Toxoplasma gondii dihydrofolate reductase";"B";"BAO_0000357";"single protein format";"Toxoplasma gondii";"None";"None";"None";"None";"";"";"";"CHEMBL2425";"Dihydrofolate reductase";"Toxoplasma gondii";"SINGLE PROTEIN";"CHEMBL1145190";"1";"Scientific Literature";"J Med Chem";"2005";"None";"";"";""
"CHEMBL264386";"";"None";"324.39";"0";"2.14";"111";"COc1ccc(N(C)Cc2cnc3nc(N)nc(N)c3c2C)cc1";"IC50";"'='";"7.3";"nM";"8.14";"";"";"UO_0000065";"25.08";"0.46";"6.00";"7.89";"1";"CHEMBL828662";"Inhibition of Toxoplasma gondii dihydrofolate reductase";"B";"BAO_0000357";"single protein format";"Toxoplasma gondii";"None";"None";"None";"None";"";"";"";"CHEMBL2425";"Dihydrofolate reductase";"Toxoplasma gondii";"SINGLE PROTEIN";"CHEMBL1145190";"1";"Scientific Literature";"J Med Chem";"2005";"None";"";"";""
"CHEMBL55727";"";"None";"330.40";"0";"2.98";"67";"CN(Cc1ccc2nc(N)nc(N)c2n1)c1ccc2ccccc2c1";"IC50";"'='";"16.0";"nM";"7.80";"";"";"UO_0000065";"23.60";"0.43";"4.82";"8.30";"1";"CHEMBL830839";"Inhibition of Toxoplasma gondii dihydrofolate reductase";"B";"BAO_0000357";"single protein format";"Toxoplasma gondii";"None";"None";"None";"None";"";"";"";"CHEMBL2425";"Dihydrofolate reductase";"Toxoplasma gondii";"SINGLE PROTEIN";"CHEMBL1145190";"1";"Scientific Literature";"J Med Chem";"2005";"None";"";"";""
"CHEMBL35569";"";"None";"356.39";"0";"1.83";"164";"COc1ccc(CNc2cnc3nc(N)nc(N)c3c2)c(OC)c1OC";"IC50";"'='";"350.03";"nM";"6.46";"";"";"UO_0000065";"18.11";"0.34";"4.63";"4.95";"0";"CHEMBL830839";"Inhibition of Toxoplasma gondii dihydrofolate reductase";"B";"BAO_0000357";"single protein format";"Toxoplasma gondii";"None";"None";"None";"None";"";"";"";"CHEMBL2425";"Dihydrofolate reductase";"Toxoplasma gondii";"SINGLE PROTEIN";"CHEMBL1145190";"1";"Scientific Literature";"J Med Chem";"2005";"None";"";"";""
"CHEMBL22";"TRIMETHOPRIM";"4.0";"290.32";"0";"1.26";"trimethoprim";"COc1cc(Cc2cnc(N)nc2N)cc(OC)c1OC";"IC50";"";"";"";"";"";"Not Determined";"";"";"";"";"";"0";"CHEMBL1034982";"Inhibition of Toxoplasma gondii thymidylate synthase";"B";"BAO_0000357";"single protein format";"Toxoplasma gondii";"None";"None";"None";"None";"";"";"";"CHEMBL2425";"Dihydrofolate reductase";"Toxoplasma gondii";"SINGLE PROTEIN";"CHEMBL1140135";"1";"Scientific Literature";"J Med Chem";"2008";"None";"";"";""
"CHEMBL79890";"";"None";"316.41";"0";"2.81";"3a";"CCCCCOc1ccc(OC)c(Cc2cnc(N)nc2N)c1";"IC50";"'='";"6500.0";"nM";"5.19";"";"";"UO_0000065";"16.39";"0.31";"2.38";"5.39";"0";"CHEMBL662241";"Inhibition of partially purified dihydrofolate reductase (DHFR) from Toxoplasma gondii (Tg)";"B";"BAO_0000357";"single protein format";"Toxoplasma gondii";"None";"None";"None";"None";"";"";"";"CHEMBL2425";"Dihydrofolate reductase";"Toxoplasma gondii";"SINGLE PROTEIN";"CHEMBL1135399";"1";"Scientific Literature";"J Med Chem";"2002";"None";"";"";""
"CHEMBL23297";"";"None";"347.38";"0";"3.79";"44";"Nc1nc(N)c2c(CNc3ccc(Oc4ccccc4)cc3)coc2n1";"IC50";"'='";"32400.0";"nM";"4.49";"";"";"UO_0000065";"12.92";"0.24";"0.70";"4.00";"1";"CHEMBL828662";"Inhibition of Toxoplasma gondii dihydrofolate reductase";"B";"BAO_0000357";"single protein format";"Toxoplasma gondii";"None";"None";"None";"None";"";"";"";"CHEMBL2425";"Dihydrofolate reductase";"Toxoplasma gondii";"SINGLE PROTEIN";"CHEMBL1145190";"1";"Scientific Literature";"J Med Chem";"2005";"None";"";"";""
"CHEMBL292427";"";"None";"335.20";"0";"3.11";"48";"Nc1nc(N)c2nc(CNc3ccc(Cl)c(Cl)c3)ccc2n1";"IC50";"'='";"57.0";"nM";"7.24";"";"";"UO_0000065";"21.61";"0.45";"4.13";"7.05";"1";"CHEMBL830839";"Inhibition of Toxoplasma gondii dihydrofolate reductase";"B";"BAO_0000357";"single protein format";"Toxoplasma gondii";"None";"None";"None";"None";"";"";"";"CHEMBL2425";"Dihydrofolate reductase";"Toxoplasma gondii";"SINGLE PROTEIN";"CHEMBL1145190";"1";"Scientific Literature";"J Med Chem";"2005";"None";"";"";""
"CHEMBL54913";"";"None";"335.20";"0";"3.11";"59";"Nc1nc(N)c2nc(CNc3c(Cl)cccc3Cl)ccc2n1";"IC50";"'='";"28.0";"nM";"7.55";"";"";"UO_0000065";"22.53";"0.47";"4.44";"7.35";"1";"CHEMBL828662";"Inhibition of Toxoplasma gondii dihydrofolate reductase";"B";"BAO_0000357";"single protein format";"Toxoplasma gondii";"None";"None";"None";"None";"";"";"";"CHEMBL2425";"Dihydrofolate reductase";"Toxoplasma gondii";"SINGLE PROTEIN";"CHEMBL1145190";"1";"Scientific Literature";"J Med Chem";"2005";"None";"";"";""
"CHEMBL32583";"";"None";"370.41";"0";"2.39";"178";"COc1cc(C(C)Nc2cnc3nc(N)nc(N)c3c2)cc(OC)c1OC";"IC50";"'='";"194.0";"nM";"6.71";"";"";"UO_0000065";"18.12";"0.34";"4.32";"5.15";"1";"CHEMBL828662";"Inhibition of Toxoplasma gondii dihydrofolate reductase";"B";"BAO_0000357";"single protein format";"Toxoplasma gondii";"None";"None";"None";"None";"";"";"";"CHEMBL2425";"Dihydrofolate reductase";"Toxoplasma gondii";"SINGLE PROTEIN";"CHEMBL1145190";"1";"Scientific Literature";"J Med Chem";"2005";"None";"";"";""
"CHEMBL299174";"";"None";"340.39";"0";"1.84";"65";"COc1ccc(N(C)Cc2ccc3nc(N)nc(N)c3n2)c(OC)c1";"IC50";"'='";"14.0";"nM";"7.85";"";"";"UO_0000065";"23.07";"0.43";"6.01";"6.99";"1";"CHEMBL830839";"Inhibition of Toxoplasma gondii dihydrofolate reductase";"B";"BAO_0000357";"single protein format";"Toxoplasma gondii";"None";"None";"None";"None";"";"";"";"CHEMBL2425";"Dihydrofolate reductase";"Toxoplasma gondii";"SINGLE PROTEIN";"CHEMBL1145190";"1";"Scientific Literature";"J Med Chem";"2005";"None";"";"";""
"CHEMBL114839";"";"None";"319.41";"0";"3.29";"10";"Nc1nc(N)c2cc(NCc3cccc4c3CCCC4)ccc2n1";"IC50";"'='";"90.0";"nM";"7.05";"";"";"UO_0000065";"22.06";"0.40";"3.76";"7.84";"0";"CHEMBL665585";"Inhibition of recombinant Dihydrofolate reductase from Toxoplasma gondii (tgDHFR)";"B";"BAO_0000357";"single protein format";"Toxoplasma gondii";"None";"None";"None";"None";"";"";"";"CHEMBL2425";"Dihydrofolate reductase";"Toxoplasma gondii";"SINGLE PROTEIN";"CHEMBL1131583";"1";"Scientific Literature";"J Med Chem";"1998";"None";"";"";""
"CHEMBL22";"TRIMETHOPRIM";"4.0";"290.32";"0";"1.26";"TMP";"COc1cc(Cc2cnc(N)nc2N)cc(OC)c1OC";"Activity";"'='";"2.8";"uM";"";"";"";"UO_0000064";"";"";"";"";"0";"CHEMBL1108182";"Inhibition of Toxoplasma gondii DHFR by continuous spectrophotometric assay";"B";"BAO_0000357";"single protein format";"Toxoplasma gondii";"None";"None";"None";"None";"";"";"";"CHEMBL2425";"Dihydrofolate reductase";"Toxoplasma gondii";"SINGLE PROTEIN";"CHEMBL1157930";"1";"Scientific Literature";"Bioorg Med Chem";"2010";"None";"";"";""
"CHEMBL301769";"";"None";"367.42";"0";"3.41";"I";"Nc1nc(N)c2nc(CN3c4ccccc4C=Cc4ccccc43)cnc2n1";"Activity";"'='";"0.043";"uM";"";"";"";"UO_0000064";"";"";"";"";"0";"CHEMBL1108182";"Inhibition of Toxoplasma gondii DHFR by continuous spectrophotometric assay";"B";"BAO_0000357";"single protein format";"Toxoplasma gondii";"None";"None";"None";"None";"";"";"";"CHEMBL2425";"Dihydrofolate reductase";"Toxoplasma gondii";"SINGLE PROTEIN";"CHEMBL1157930";"1";"Scientific Literature";"Bioorg Med Chem";"2010";"None";"";"";""
"CHEMBL34259";"METHOTREXATE";"4.0";"454.45";"0";"0.27";"methotrexate";"CN(Cc1cnc2nc(N)nc(N)c2n1)c1ccc(C(=O)N[C@@H](CCC(=O)O)C(=O)O)cc1";"IC50";"'='";"22.0";"nM";"7.66";"";"";"UO_0000065";"16.85";"0.32";"7.39";"3.64";"1";"CHEMBL665592";"Inhibitory concentration against Toxoplasma gondii Dihydrofolate reductase";"B";"BAO_0000357";"single protein format";"Toxoplasma gondii";"None";"None";"None";"None";"";"";"";"CHEMBL2425";"Dihydrofolate reductase";"Toxoplasma gondii";"SINGLE PROTEIN";"CHEMBL1133617";"1";"Scientific Literature";"J Med Chem";"2000";"None";"";"";""
"CHEMBL23146";"";"None";"314.37";"0";"1.89";"12g";"COc1ccc(SCc2cnc3nc(N)nc(N)c3n2)cc1";"IC50";"'='";"14000.0";"nM";"4.85";"";"";"UO_0000065";"15.44";"0.30";"2.96";"4.30";"0";"CHEMBL665590";"Inhibitory activity against Toxoplasma gondii dihydrofolate reductase";"B";"BAO_0000357";"single protein format";"Toxoplasma gondii";"None";"None";"None";"None";"";"";"";"CHEMBL2425";"Dihydrofolate reductase";"Toxoplasma gondii";"SINGLE PROTEIN";"CHEMBL1129525";"1";"Scientific Literature";"J Med Chem";"1996";"None";"";"";""
"CHEMBL68439";"";"None";"314.35";"0";"1.75";"39";"COc1ccc(NCc2c[nH]c3nc(N)nc(N)c23)cc1OC";"IC50";"'='";"4300.0";"nM";"5.37";"";"";"UO_0000065";"17.07";"0.32";"3.62";"4.32";"1";"CHEMBL828662";"Inhibition of Toxoplasma gondii dihydrofolate reductase";"B";"BAO_0000357";"single protein format";"Toxoplasma gondii";"None";"None";"None";"None";"";"";"";"CHEMBL2425";"Dihydrofolate reductase";"Toxoplasma gondii";"SINGLE PROTEIN";"CHEMBL1145190";"1";"Scientific Literature";"J Med Chem";"2005";"None";"";"";""
"CHEMBL23021";"";"None";"340.39";"0";"2.13";"10";"COc1ccc(OC)c(NCc2cnc3nc(N)nc(N)c3c2C)c1";"IC50";"'='";"16.0";"nM";"7.80";"";"";"UO_0000065";"22.90";"0.43";"5.67";"6.43";"1";"CHEMBL830839";"Inhibition of Toxoplasma gondii dihydrofolate reductase";"B";"BAO_0000357";"single protein format";"Toxoplasma gondii";"None";"None";"None";"None";"";"";"";"CHEMBL2425";"Dihydrofolate reductase";"Toxoplasma gondii";"SINGLE PROTEIN";"CHEMBL1145190";"1";"Scientific Literature";"J Med Chem";"2005";"None";"";"";""
"CHEMBL116815";"";"None";"325.37";"0";"2.42";"4";"COc1cc(CNc2ccc3nc(N)nc(N)c3c2)cc(OC)c1";"IC50";"'='";"840.0";"nM";"6.08";"";"";"UO_0000065";"18.67";"0.35";"3.66";"5.61";"0";"CHEMBL665585";"Inhibition of recombinant Dihydrofolate reductase from Toxoplasma gondii (tgDHFR)";"B";"BAO_0000357";"single protein format";"Toxoplasma gondii";"None";"None";"None";"None";"";"";"";"CHEMBL2425";"Dihydrofolate reductase";"Toxoplasma gondii";"SINGLE PROTEIN";"CHEMBL1131583";"1";"Scientific Literature";"J Med Chem";"1998";"None";"";"";""
"CHEMBL312688";"";"None";"295.13";"0";"2.49";"11";"Nc1nc(N)c2nc(-c3ccc(Cl)c(Cl)c3)[nH]c2n1";"IC50";"'='";"6700.0";"nM";"5.17";"";"";"UO_0000065";"17.53";"0.37";"2.68";"4.86";"0";"CHEMBL664911";"Inhibition of Toxoplasma gondii dihydrofolate reductase";"B";"BAO_0000357";"single protein format";"Toxoplasma gondii";"None";"None";"None";"None";"";"";"";"CHEMBL2425";"Dihydrofolate reductase";"Toxoplasma gondii";"SINGLE PROTEIN";"CHEMBL1130150";"1";"Scientific Literature";"J Med Chem";"1997";"None";"";"";""
"CHEMBL23532";"";"None";"370.41";"0";"2.14";"1a";"COc1cc(NCc2cnc3nc(N)nc(N)c3c2C)cc(OC)c1OC";"IC50";"'='";"7.4";"nM";"8.13";"";"";"UO_0000065";"21.95";"0.41";"5.99";"6.23";"1";"CHEMBL664916";"Inhibitory activity against Dihydrofolate reductase from Toxoplasma gondii";"B";"BAO_0000357";"single protein format";"Toxoplasma gondii";"None";"None";"None";"None";"";"";"";"CHEMBL2425";"Dihydrofolate reductase";"Toxoplasma gondii";"SINGLE PROTEIN";"CHEMBL1128680";"1";"Scientific Literature";"J Med Chem";"1995";"None";"";"";""
"CHEMBL61927";"";"None";"329.36";"0";"1.90";"15";"COc1ccc(OC)c(N(C)Cc2c[nH]c3nc(N)nc(O)c23)c1";"IC50";"'='";"10300.0";"nM";"4.99";"";"";"UO_0000065";"15.14";"0.28";"3.09";"4.55";"0";"CHEMBL664920";"Inhibitory activity against Toxoplasma gondii dihydrofolate reductase";"B";"BAO_0000357";"single protein format";"Toxoplasma gondii";"None";"None";"None";"None";"";"";"";"CHEMBL2425";"Dihydrofolate reductase";"Toxoplasma gondii";"SINGLE PROTEIN";"CHEMBL1134503";"1";"Scientific Literature";"J Med Chem";"2001";"None";"";"";""
"CHEMBL105906";"";"None";"276.30";"0";"2.34";"17";"Nc1nc(N)c2nc(-c3ccc4ccccc4c3)[nH]c2n1";"IC50";"'='";"27000.0";"nM";"4.57";"";"";"UO_0000065";"16.54";"0.30";"2.23";"4.29";"0";"CHEMBL664911";"Inhibition of Toxoplasma gondii dihydrofolate reductase";"B";"BAO_0000357";"single protein format";"Toxoplasma gondii";"None";"None";"None";"None";"";"";"";"CHEMBL2425";"Dihydrofolate reductase";"Toxoplasma gondii";"SINGLE PROTEIN";"CHEMBL1130150";"1";"Scientific Literature";"J Med Chem";"1997";"None";"";"";""
"CHEMBL318601";"";"None";"295.13";"0";"2.49";"12";"Nc1nc(N)c2[nH]c(-c3c(Cl)cccc3Cl)nc2n1";"IC50";"'='";"11000.0";"nM";"4.96";"";"";"UO_0000065";"16.80";"0.36";"2.47";"4.66";"0";"CHEMBL664911";"Inhibition of Toxoplasma gondii dihydrofolate reductase";"B";"BAO_0000357";"single protein format";"Toxoplasma gondii";"None";"None";"None";"None";"";"";"";"CHEMBL2425";"Dihydrofolate reductase";"Toxoplasma gondii";"SINGLE PROTEIN";"CHEMBL1130150";"1";"Scientific Literature";"J Med Chem";"1997";"None";"";"";""
"CHEMBL114354";"";"None";"333.44";"0";"3.31";"15";"CN(Cc1cccc2c1CCCC2)c1ccc2nc(N)nc(N)c2c1";"IC50";"'='";"4.1";"nM";"8.39";"";"";"UO_0000065";"25.15";"0.46";"5.08";"10.35";"0";"CHEMBL665585";"Inhibition of recombinant Dihydrofolate reductase from Toxoplasma gondii (tgDHFR)";"B";"BAO_0000357";"single protein format";"Toxoplasma gondii";"None";"None";"None";"None";"";"";"";"CHEMBL2425";"Dihydrofolate reductase";"Toxoplasma gondii";"SINGLE PROTEIN";"CHEMBL1131583";"1";"Scientific Literature";"J Med Chem";"1998";"None";"";"";""
"CHEMBL116816";"";"None";"325.37";"0";"2.42";"3";"COc1ccc(OC)c(CNc2ccc3nc(N)nc(N)c3c2)c1";"IC50";"'='";"1100.0";"nM";"5.96";"";"";"UO_0000065";"18.31";"0.34";"3.54";"5.50";"0";"CHEMBL665585";"Inhibition of recombinant Dihydrofolate reductase from Toxoplasma gondii (tgDHFR)";"B";"BAO_0000357";"single protein format";"Toxoplasma gondii";"None";"None";"None";"None";"";"";"";"CHEMBL2425";"Dihydrofolate reductase";"Toxoplasma gondii";"SINGLE PROTEIN";"CHEMBL1131583";"1";"Scientific Literature";"J Med Chem";"1998";"None";"";"";""
"CHEMBL284839";"";"None";"408.46";"0";"2.95";"26";"COc1ccc(CCCOc2cccc(C(=O)O)c2)cc1Cc1cnc(N)nc1N";"IC50";"'='";"210.0";"nM";"6.68";"";"";"UO_0000065";"16.35";"0.30";"3.73";"5.00";"0";"CHEMBL665598";"Inhibitory concentration against dihydrofolate reductase of Toxoplasma gondii";"B";"BAO_0000357";"single protein format";"Toxoplasma gondii";"None";"None";"None";"None";"";"";"";"CHEMBL2425";"Dihydrofolate reductase";"Toxoplasma gondii";"SINGLE PROTEIN";"CHEMBL1149100";"1";"Scientific Literature";"J Med Chem";"2004";"None";"";"";""
"CHEMBL121319";"";"None";"338.24";"0";"3.16";"11";"Nc1nc(N)c2c(n1)CCC(CNc1cc(Cl)ccc1Cl)C2";"IC50";"'='";"97.0";"nM";"7.01";"";"";"UO_0000065";"20.73";"0.44";"3.85";"7.81";"0";"CHEMBL665604";"Inhibitory activity against purified DHFR (Dihydrofolate reductase) from Toxoplasma gondii.";"B";"BAO_0000357";"single protein format";"Toxoplasma gondii";"None";"None";"None";"None";"";"";"";"CHEMBL2425";"Dihydrofolate reductase";"Toxoplasma gondii";"SINGLE PROTEIN";"CHEMBL1128550";"1";"Scientific Literature";"J Med Chem";"1995";"None";"";"";""
"CHEMBL439816";"";"None";"375.26";"0";"3.05";"8";"Nc1nc(N)c2cc3c(nc2n1)CCN(Cc1ccc(Cl)c(Cl)c1)C3";"IC50";"'='";"5100.0";"nM";"5.29";"";"";"UO_0000065";"14.10";"0.29";"2.24";"5.63";"0";"CHEMBL665701";"Inhibitory activity against Toxoplasma gondii (tg) Dihydrofolate reductase (DHFR)";"B";"BAO_0000357";"single protein format";"Toxoplasma gondii";"None";"None";"None";"None";"";"";"";"CHEMBL2425";"Dihydrofolate reductase";"Toxoplasma gondii";"SINGLE PROTEIN";"CHEMBL1135650";"1";"Scientific Literature";"J Med Chem";"2002";"None";"";"";""
"CHEMBL275309";"";"None";"439.43";"1";"0.85";"5-deaza aminopterin";"Nc1nc(N)c2cc(CNc3ccc(C(=O)NC(CCC(=O)O)C(=O)O)cc3)cnc2n1";"IC50";"'='";"0.0021";"nM";"";"Outside typical range";"";"UO_0000065";"";"";"";"";"0";"CHEMBL665694";"Inhibition against Toxoplasma gondii Dihydrofolate reductase";"B";"BAO_0000357";"single protein format";"Toxoplasma gondii";"None";"None";"None";"None";"";"";"";"CHEMBL2425";"Dihydrofolate reductase";"Toxoplasma gondii";"SINGLE PROTEIN";"CHEMBL1126566";"1";"Scientific Literature";"J Med Chem";"1993";"None";"";"";""
"CHEMBL80746";"";"None";"265.32";"0";"2.41";"11a";"Nc1nc(N)c2cc(CNc3ccccc3)ccc2n1";"IC50";"'='";"100.0";"nM";"7.00";"";"";"UO_0000065";"26.38";"0.48";"4.59";"7.79";"0";"CHEMBL665597";"Inhibitory concentration against dihydrofolate reductase DHFR from Toxoplasma gondii";"B";"BAO_0000357";"single protein format";"Toxoplasma gondii";"None";"None";"None";"None";"";"";"";"CHEMBL2425";"Dihydrofolate reductase";"Toxoplasma gondii";"SINGLE PROTEIN";"CHEMBL1134533";"1";"Scientific Literature";"J Med Chem";"2001";"None";"";"";""
"CHEMBL119";"TRIMETREXATE";"4.0";"369.43";"0";"2.74";"TMQ";"COc1cc(NCc2ccc3nc(N)nc(N)c3c2C)cc(OC)c1OC";"IC50";"'='";"10.0";"nM";"8.00";"";"";"UO_0000065";"21.65";"0.40";"5.26";"6.81";"1";"CHEMBL1073069";"Inhibition of Toxoplasma gondii DHFR at 37 degC by spectrophotometry";"B";"BAO_0000357";"single protein format";"Toxoplasma gondii";"None";"None";"None";"None";"";"";"";"CHEMBL2425";"Dihydrofolate reductase";"Toxoplasma gondii";"SINGLE PROTEIN";"CHEMBL1159120";"1";"Scientific Literature";"Bioorg Med Chem";"2010";"None";"";"";""
"CHEMBL53903";"";"None";"360.42";"0";"3.27";"5b";"COc1ccc(NCc2cnc3nc(N)nc(N)c3c2C)c2ccccc12";"IC50";"'='";"23.0";"nM";"7.64";"";"";"UO_0000065";"21.19";"0.39";"4.37";"6.82";"0";"CHEMBL664916";"Inhibitory activity against Dihydrofolate reductase from Toxoplasma gondii";"B";"BAO_0000357";"single protein format";"Toxoplasma gondii";"None";"None";"None";"None";"";"";"";"CHEMBL2425";"Dihydrofolate reductase";"Toxoplasma gondii";"SINGLE PROTEIN";"CHEMBL1128680";"1";"Scientific Literature";"J Med Chem";"1995";"None";"";"";""
"CHEMBL61415";"";"None";"329.36";"0";"1.90";"16";"COc1cc(OC)cc(N(C)Cc2c[nH]c3nc(N)nc(O)c23)c1";"IC50";"'='";"4200.0";"nM";"5.38";"";"";"UO_0000065";"16.32";"0.31";"3.48";"4.91";"0";"CHEMBL664920";"Inhibitory activity against Toxoplasma gondii dihydrofolate reductase";"B";"BAO_0000357";"single protein format";"Toxoplasma gondii";"None";"None";"None";"None";"";"";"";"CHEMBL2425";"Dihydrofolate reductase";"Toxoplasma gondii";"SINGLE PROTEIN";"CHEMBL1134503";"1";"Scientific Literature";"J Med Chem";"2001";"None";"";"";""
"CHEMBL87423";"";"None";"535.96";"2";"5.61";"10q";"CCc1nc(N)nc(N)c1-c1ccc(Cl)c(/N=N/N(CCOC(C)=O)Cc2ccc(C(F)(F)F)cc2)c1";"IC50";"'='";"2540.0";"nM";"5.59";"";"";"UO_0000065";"10.44";"0.21";"-0.01";"4.24";"0";"CHEMBL664922";"Inhibitory activity against dihydrofolate reductase DHFR in Toxoplasma gondii.";"B";"BAO_0000357";"single protein format";"Toxoplasma gondii";"None";"None";"None";"None";"";"";"";"CHEMBL2425";"Dihydrofolate reductase";"Toxoplasma gondii";"SINGLE PROTEIN";"CHEMBL1134547";"1";"Scientific Literature";"J Med Chem";"2001";"None";"";"";""
"CHEMBL106383";"";"None";"306.33";"0";"2.30";"18";"COc1ccc(-c2nc3[nH]c(N)nc(N)c-3n2)c2ccccc12";"Inhibition";"'='";"10.0";"%";"";"";"";"UO_0000187";"";"";"";"";"0";"CHEMBL665609";"Percent inhibition against Toxoplasma gondii Dihydrofolate reductase";"B";"BAO_0000357";"single protein format";"Toxoplasma gondii";"None";"None";"None";"None";"";"";"";"CHEMBL2425";"Dihydrofolate reductase";"Toxoplasma gondii";"SINGLE PROTEIN";"CHEMBL1130150";"1";"Scientific Literature";"J Med Chem";"1997";"None";"";"";""
"CHEMBL7492";"PIRITREXIM";"2.0";"325.37";"0";"2.11";"Piritrexim (PTX)";"COc1ccc(OC)c(Cc2cnc3nc(N)nc(N)c3c2C)c1";"IC50";"'='";"17.0";"nM";"7.77";"";"";"UO_0000065";"23.88";"0.44";"5.66";"7.12";"1";"CHEMBL664911";"Inhibition of Toxoplasma gondii dihydrofolate reductase";"B";"BAO_0000357";"single protein format";"Toxoplasma gondii";"None";"None";"None";"None";"";"";"";"CHEMBL2425";"Dihydrofolate reductase";"Toxoplasma gondii";"SINGLE PROTEIN";"CHEMBL1130150";"1";"Scientific Literature";"J Med Chem";"1997";"None";"";"";""
"CHEMBL55928";"";"None";"326.36";"0";"1.82";"19";"COc1ccc(NCc2ccc3nc(N)nc(N)c3n2)cc1OC";"IC50";"'='";"90.0";"nM";"7.05";"";"";"UO_0000065";"21.59";"0.40";"5.23";"5.81";"0";"CHEMBL665702";"Inhibitory activity against Toxoplasma gondii dihydrofolate reductase.";"B";"BAO_0000357";"single protein format";"Toxoplasma gondii";"None";"None";"None";"None";"";"";"";"CHEMBL2425";"Dihydrofolate reductase";"Toxoplasma gondii";"SINGLE PROTEIN";"CHEMBL1129583";"1";"Scientific Literature";"J Med Chem";"1996";"None";"";"";""
"CHEMBL121348";"";"None";"333.44";"0";"3.04";"131";"CN(CC1CCc2nc(N)nc(N)c2C1)c1cccc2ccccc12";"IC50";"'='";"23.0";"nM";"7.64";"";"";"UO_0000065";"22.91";"0.42";"4.60";"9.42";"1";"CHEMBL828662";"Inhibition of Toxoplasma gondii dihydrofolate reductase";"B";"BAO_0000357";"single protein format";"Toxoplasma gondii";"None";"None";"None";"None";"";"";"";"CHEMBL2425";"Dihydrofolate reductase";"Toxoplasma gondii";"SINGLE PROTEIN";"CHEMBL1145190";"1";"Scientific Literature";"J Med Chem";"2005";"None";"";"";""
"CHEMBL123892";"";"None";"301.38";"0";"2.59";"1g";"COc1ccc(Sc2[nH]c3nc(N)nc(N)c3c2C)cc1";"IC50";"'='";"2690000.0";"nM";"";"Outside typical range";"";"UO_0000065";"";"";"";"";"0";"CHEMBL889609";"Inhibition of Toxoplasma gondii DHFR";"B";"BAO_0000357";"single protein format";"Toxoplasma gondii";"None";"None";"None";"None";"";"";"";"CHEMBL2425";"Dihydrofolate reductase";"Toxoplasma gondii";"SINGLE PROTEIN";"CHEMBL1145401";"1";"Scientific Literature";"J Med Chem";"2007";"None";"";"";""
"CHEMBL221172";"";"None";"344.37";"0";"1.06";"25";"COc1cc(C(O)C#Cc2c(C)nc(N)nc2N)cc(OC)c1OC";"IC50";"'='";"9100.0";"nM";"5.04";"";"";"UO_0000065";"14.64";"0.28";"3.98";"4.01";"0";"CHEMBL919380";"Inhibition of Toxoplasma gondii DHFR-TS";"B";"BAO_0000357";"single protein format";"Toxoplasma gondii";"None";"None";"None";"None";"";"";"";"CHEMBL2425";"Dihydrofolate reductase";"Toxoplasma gondii";"SINGLE PROTEIN";"CHEMBL1142238";"1";"Scientific Literature";"J Med Chem";"2007";"None";"";"";""
"CHEMBL219624";"";"None";"314.35";"0";"1.26";"14";"COc1cc(CC#Cc2cnc(N)nc2N)cc(OC)c1OC";"IC50";"'='";"21700.0";"nM";"4.66";"";"";"UO_0000065";"14.84";"0.28";"3.40";"4.42";"0";"CHEMBL919380";"Inhibition of Toxoplasma gondii DHFR-TS";"B";"BAO_0000357";"single protein format";"Toxoplasma gondii";"None";"None";"None";"None";"";"";"";"CHEMBL2425";"Dihydrofolate reductase";"Toxoplasma gondii";"SINGLE PROTEIN";"CHEMBL1142238";"1";"Scientific Literature";"J Med Chem";"2007";"None";"";"";""
"CHEMBL123892";"";"None";"301.38";"0";"2.59";"9";"COc1ccc(Sc2[nH]c3nc(N)nc(N)c3c2C)cc1";"IC50";"'='";"2690.0";"nM";"5.57";"";"";"UO_0000065";"18.48";"0.36";"2.98";"5.42";"0";"CHEMBL668092";"Inhibitory concentration against Dihydrofolate reductase from Toxoplasma gondii (Toxoplasma gondii)";"B";"BAO_0000357";"single protein format";"Toxoplasma gondii";"None";"None";"None";"None";"";"";"";"CHEMBL2425";"Dihydrofolate reductase";"Toxoplasma gondii";"SINGLE PROTEIN";"CHEMBL1148359";"1";"Scientific Literature";"J Med Chem";"2004";"None";"";"";""
"CHEMBL7542";"";"None";"268.36";"0";"2.30";"5b";"Cc1ccccc1CC1CCc2nc(N)nc(N)c2C1";"IC50";"'='";"23.0";"nM";"7.64";"";"";"UO_0000065";"28.46";"0.52";"5.34";"9.82";"0";"CHEMBL665602";"The ability to inhibit Toxoplasma gondii Dihydrofolate reductase was tested";"B";"BAO_0000357";"single protein format";"Toxoplasma gondii";"None";"None";"None";"None";"";"";"";"CHEMBL2425";"Dihydrofolate reductase";"Toxoplasma gondii";"SINGLE PROTEIN";"CHEMBL1132605";"1";"Scientific Literature";"J Med Chem";"1999";"None";"";"";""
"CHEMBL564004";"";"None";"363.46";"0";"3.30";"2d";"CCc1sc2nc(N)[nH]c(=O)c2c1Sc1cc(OC)ccc1OC";"IC50";"'='";"14.0";"nM";"7.85";"";"";"UO_0000065";"21.61";"0.45";"4.55";"8.70";"0";"CHEMBL1062971";"Inhibition of Toxoplasma gondii dihydrofolate reductase";"B";"BAO_0000357";"single protein format";"Toxoplasma gondii";"None";"None";"None";"None";"";"";"";"CHEMBL2425";"Dihydrofolate reductase";"Toxoplasma gondii";"SINGLE PROTEIN";"CHEMBL1151945";"1";"Scientific Literature";"J Med Chem";"2009";"None";"";"";""
"CHEMBL145005";"";"None";"293.33";"0";"2.37";"28";"COc1ccc(/C=C/c2cnc3nc(N)nc(N)c3c2)cc1";"IC50";"'='";"1499.68";"nM";"5.82";"";"";"UO_0000065";"19.85";"0.36";"3.45";"5.83";"0";"CHEMBL830839";"Inhibition of Toxoplasma gondii dihydrofolate reductase";"B";"BAO_0000357";"single protein format";"Toxoplasma gondii";"None";"None";"None";"None";"";"";"";"CHEMBL2425";"Dihydrofolate reductase";"Toxoplasma gondii";"SINGLE PROTEIN";"CHEMBL1145190";"1";"Scientific Literature";"J Med Chem";"2005";"None";"";"";""
"CHEMBL142624";"";"None";"355.40";"0";"2.00";"29";"COc1cc(CCc2cnc3nc(N)nc(N)c3c2)cc(OC)c1OC";"IC50";"'='";"200.0";"nM";"6.70";"";"";"UO_0000065";"18.85";"0.35";"4.70";"5.66";"1";"CHEMBL828662";"Inhibition of Toxoplasma gondii dihydrofolate reductase";"B";"BAO_0000357";"single protein format";"Toxoplasma gondii";"None";"None";"None";"None";"";"";"";"CHEMBL2425";"Dihydrofolate reductase";"Toxoplasma gondii";"SINGLE PROTEIN";"CHEMBL1145190";"1";"Scientific Literature";"J Med Chem";"2005";"None";"";"";""
"CHEMBL142624";"";"None";"355.40";"0";"2.00";"29";"COc1cc(CCc2cnc3nc(N)nc(N)c3c2)cc(OC)c1OC";"IC50";"'='";"199.99";"nM";"6.70";"";"";"UO_0000065";"18.85";"0.35";"4.70";"5.66";"0";"CHEMBL830839";"Inhibition of Toxoplasma gondii dihydrofolate reductase";"B";"BAO_0000357";"single protein format";"Toxoplasma gondii";"None";"None";"None";"None";"";"";"";"CHEMBL2425";"Dihydrofolate reductase";"Toxoplasma gondii";"SINGLE PROTEIN";"CHEMBL1145190";"1";"Scientific Literature";"J Med Chem";"2005";"None";"";"";""
"CHEMBL180476";"";"None";"416.53";"0";"3.64";"124";"Cc1c(C)c(-n2cccc2)c(C)c(C)c1NNCc1cnc2nc(N)nc(N)c2c1C";"IC50";"'='";"75.0";"nM";"7.12";"";"";"UO_0000065";"17.11";"0.31";"3.48";"5.95";"0";"CHEMBL828662";"Inhibition of Toxoplasma gondii dihydrofolate reductase";"B";"BAO_0000357";"single protein format";"Toxoplasma gondii";"None";"None";"None";"None";"";"";"";"CHEMBL2425";"Dihydrofolate reductase";"Toxoplasma gondii";"SINGLE PROTEIN";"CHEMBL1145190";"1";"Scientific Literature";"J Med Chem";"2005";"None";"";"";""
"CHEMBL180476";"";"None";"416.53";"0";"3.64";"124";"Cc1c(C)c(-n2cccc2)c(C)c(C)c1NNCc1cnc2nc(N)nc(N)c2c1C";"IC50";"'='";"74.99";"nM";"7.12";"";"";"UO_0000065";"17.11";"0.31";"3.48";"5.95";"0";"CHEMBL830839";"Inhibition of Toxoplasma gondii dihydrofolate reductase";"B";"BAO_0000357";"single protein format";"Toxoplasma gondii";"None";"None";"None";"None";"";"";"";"CHEMBL2425";"Dihydrofolate reductase";"Toxoplasma gondii";"SINGLE PROTEIN";"CHEMBL1145190";"1";"Scientific Literature";"J Med Chem";"2005";"None";"";"";""
"CHEMBL57682";"";"None";"394.39";"0";"1.47";"126";"COc1cc(-n2ccc3c4c(N)nc(N)nc4nc(=O)c-3c2)cc(OC)c1OC";"IC50";"'='";"240.0";"nM";"6.62";"";"";"UO_0000065";"16.78";"0.31";"5.15";"4.71";"0";"CHEMBL828662";"Inhibition of Toxoplasma gondii dihydrofolate reductase";"B";"BAO_0000357";"single protein format";"Toxoplasma gondii";"None";"None";"None";"None";"";"";"";"CHEMBL2425";"Dihydrofolate reductase";"Toxoplasma gondii";"SINGLE PROTEIN";"CHEMBL1145190";"1";"Scientific Literature";"J Med Chem";"2005";"None";"";"";""
"CHEMBL57682";"";"None";"394.39";"0";"1.47";"126";"COc1cc(-n2ccc3c4c(N)nc(N)nc4nc(=O)c-3c2)cc(OC)c1OC";"IC50";"'='";"239.99";"nM";"6.62";"";"";"UO_0000065";"16.78";"0.31";"5.15";"4.71";"0";"CHEMBL830839";"Inhibition of Toxoplasma gondii dihydrofolate reductase";"B";"BAO_0000357";"single protein format";"Toxoplasma gondii";"None";"None";"None";"None";"";"";"";"CHEMBL2425";"Dihydrofolate reductase";"Toxoplasma gondii";"SINGLE PROTEIN";"CHEMBL1145190";"1";"Scientific Literature";"J Med Chem";"2005";"None";"";"";""
"CHEMBL337746";"";"None";"331.36";"0";"1.03";"153";"COc1ccccc1S(=O)(=O)c1ccc2nc(N)nc(N)c2n1";"IC50";"'='";"210.0";"nM";"6.68";"";"";"UO_0000065";"20.15";"0.40";"5.65";"4.98";"1";"CHEMBL828662";"Inhibition of Toxoplasma gondii dihydrofolate reductase";"B";"BAO_0000357";"single protein format";"Toxoplasma gondii";"None";"None";"None";"None";"";"";"";"CHEMBL2425";"Dihydrofolate reductase";"Toxoplasma gondii";"SINGLE PROTEIN";"CHEMBL1145190";"1";"Scientific Literature";"J Med Chem";"2005";"None";"";"";""
"CHEMBL368645";"";"None";"380.41";"0";"2.21";"128";"COc1cc(N2C=Cc3c(cnc4nc(N)nc(N)c34)C2)cc(OC)c1OC";"IC50";"'='";"760.0";"nM";"6.12";"";"";"UO_0000065";"16.09";"0.30";"3.91";"5.03";"0";"CHEMBL828662";"Inhibition of Toxoplasma gondii dihydrofolate reductase";"B";"BAO_0000357";"single protein format";"Toxoplasma gondii";"None";"None";"None";"None";"";"";"";"CHEMBL2425";"Dihydrofolate reductase";"Toxoplasma gondii";"SINGLE PROTEIN";"CHEMBL1145190";"1";"Scientific Literature";"J Med Chem";"2005";"None";"";"";""
"CHEMBL333791";"";"None";"338.24";"0";"3.16";"137";"Nc1nc(N)c2c(n1)CCC(CNc1c(Cl)cccc1Cl)C2";"IC50";"'='";"9.9";"nM";"8.00";"";"";"UO_0000065";"23.66";"0.50";"4.84";"8.91";"1";"CHEMBL828662";"Inhibition of Toxoplasma gondii dihydrofolate reductase";"B";"BAO_0000357";"single protein format";"Toxoplasma gondii";"None";"None";"None";"None";"";"";"";"CHEMBL2425";"Dihydrofolate reductase";"Toxoplasma gondii";"SINGLE PROTEIN";"CHEMBL1145190";"1";"Scientific Literature";"J Med Chem";"2005";"None";"";"";""
"CHEMBL53318";"";"None";"314.78";"0";"2.48";"76";"CN(Cc1ccc2nc(N)nc(N)c2n1)c1ccccc1Cl";"IC50";"'='";"15.0";"nM";"7.82";"";"";"UO_0000065";"24.86";"0.49";"5.34";"8.33";"1";"CHEMBL828662";"Inhibition of Toxoplasma gondii dihydrofolate reductase";"B";"BAO_0000357";"single protein format";"Toxoplasma gondii";"None";"None";"None";"None";"";"";"";"CHEMBL2425";"Dihydrofolate reductase";"Toxoplasma gondii";"SINGLE PROTEIN";"CHEMBL1145190";"1";"Scientific Literature";"J Med Chem";"2005";"None";"";"";""
"CHEMBL283518";"";"None";"340.39";"0";"2.13";"16";"COc1ccc(NCc2cnc3nc(N)nc(N)c3c2C)cc1OC";"IC50";"'='";"8.79";"nM";"8.06";"";"";"UO_0000065";"23.67";"0.44";"5.93";"6.65";"1";"CHEMBL830839";"Inhibition of Toxoplasma gondii dihydrofolate reductase";"B";"BAO_0000357";"single protein format";"Toxoplasma gondii";"None";"None";"None";"None";"";"";"";"CHEMBL2425";"Dihydrofolate reductase";"Toxoplasma gondii";"SINGLE PROTEIN";"CHEMBL1145190";"1";"Scientific Literature";"J Med Chem";"2005";"None";"";"";""
"CHEMBL23272";"";"None";"311.41";"0";"3.10";"13d";"Cc1cccc(SCc2cnc3nc(N)nc(N)c3c2C)c1";"IC50";"'='";"65.0";"nM";"7.19";"";"";"UO_0000065";"23.08";"0.45";"4.09";"7.92";"0";"CHEMBL665590";"Inhibitory activity against Toxoplasma gondii dihydrofolate reductase";"B";"BAO_0000357";"single protein format";"Toxoplasma gondii";"None";"None";"None";"None";"";"";"";"CHEMBL2425";"Dihydrofolate reductase";"Toxoplasma gondii";"SINGLE PROTEIN";"CHEMBL1129525";"1";"Scientific Literature";"J Med Chem";"1996";"None";"";"";""
"CHEMBL7492";"PIRITREXIM";"2.0";"325.37";"0";"2.11";"PTX";"COc1ccc(OC)c(Cc2cnc3nc(N)nc(N)c3c2C)c1";"IC50";"'='";"17.0";"nM";"7.77";"";"";"UO_0000065";"23.88";"0.44";"5.66";"7.12";"1";"CHEMBL665617";"Inhibitory activity against Toxoplasma gondii DHFR*";"B";"BAO_0000357";"single protein format";"Toxoplasma gondii";"None";"None";"None";"None";"";"";"";"CHEMBL2425";"Dihydrofolate reductase";"Toxoplasma gondii";"SINGLE PROTEIN";"CHEMBL1136782";"1";"Scientific Literature";"J Med Chem";"2003";"None";"";"";""
"CHEMBL417746";"";"None";"316.37";"0";"2.95";"49";"Nc1nc(N)c2nc(CNc3ccc4ccccc4c3)ccc2n1";"IC50";"'='";"159.99";"nM";"6.80";"";"";"UO_0000065";"21.48";"0.39";"3.85";"6.61";"0";"CHEMBL830839";"Inhibition of Toxoplasma gondii dihydrofolate reductase";"B";"BAO_0000357";"single protein format";"Toxoplasma gondii";"None";"None";"None";"None";"";"";"";"CHEMBL2425";"Dihydrofolate reductase";"Toxoplasma gondii";"SINGLE PROTEIN";"CHEMBL1145190";"1";"Scientific Literature";"J Med Chem";"2005";"None";"";"";""
"CHEMBL54733";"";"None";"266.31";"0";"1.80";"57";"Nc1nc(N)c2nc(CNc3ccccc3)ccc2n1";"IC50";"'='";"85.0";"nM";"7.07";"";"";"UO_0000065";"26.55";"0.48";"5.27";"6.88";"1";"CHEMBL828662";"Inhibition of Toxoplasma gondii dihydrofolate reductase";"B";"BAO_0000357";"single protein format";"Toxoplasma gondii";"None";"None";"None";"None";"";"";"";"CHEMBL2425";"Dihydrofolate reductase";"Toxoplasma gondii";"SINGLE PROTEIN";"CHEMBL1145190";"1";"Scientific Literature";"J Med Chem";"2005";"None";"";"";""
"CHEMBL53420";"";"None";"369.64";"0";"3.76";"58";"Nc1nc(N)c2nc(CNc3cc(Cl)c(Cl)c(Cl)c3)ccc2n1";"IC50";"'='";"87.1";"nM";"7.06";"";"";"UO_0000065";"19.10";"0.42";"3.30";"6.87";"0";"CHEMBL830839";"Inhibition of Toxoplasma gondii dihydrofolate reductase";"B";"BAO_0000357";"single protein format";"Toxoplasma gondii";"None";"None";"None";"None";"";"";"";"CHEMBL2425";"Dihydrofolate reductase";"Toxoplasma gondii";"SINGLE PROTEIN";"CHEMBL1145190";"1";"Scientific Literature";"J Med Chem";"2005";"None";"";"";""
"CHEMBL299927";"";"None";"386.46";"0";"1.70";"129";"COc1cc(N2CCC3c4c(N)nc(N)nc4NCC3C2)cc(OC)c1OC";"IC50";"'='";"290.0";"nM";"6.54";"";"";"UO_0000065";"16.92";"0.32";"4.84";"5.41";"1";"CHEMBL830839";"Inhibition of Toxoplasma gondii dihydrofolate reductase";"B";"BAO_0000357";"single protein format";"Toxoplasma gondii";"None";"None";"None";"None";"";"";"";"CHEMBL2425";"Dihydrofolate reductase";"Toxoplasma gondii";"SINGLE PROTEIN";"CHEMBL1145190";"1";"Scientific Literature";"J Med Chem";"2005";"None";"";"";""
"CHEMBL227007";"";"None";"353.28";"0";"4.87";"9";"CCc1c(Sc2ccc(Cl)c(Cl)c2)[nH]c2nc(C)nc(N)c12";"IC50";"'='";"27600000.0";"nM";"";"Outside typical range";"";"UO_0000065";"";"";"";"";"0";"CHEMBL889609";"Inhibition of Toxoplasma gondii DHFR";"B";"BAO_0000357";"single protein format";"Toxoplasma gondii";"None";"None";"None";"None";"";"";"";"CHEMBL2425";"Dihydrofolate reductase";"Toxoplasma gondii";"SINGLE PROTEIN";"CHEMBL1145401";"1";"Scientific Literature";"J Med Chem";"2007";"None";"";"";""
"CHEMBL389887";"";"None";"330.37";"0";"2.74";"5";"CCc1c(Sc2ccc([N+](=O)[O-])cc2)[nH]c2nc(N)nc(N)c12";"IC50";"'='";"320000.0";"nM";"";"Outside typical range";"";"UO_0000065";"";"";"";"";"0";"CHEMBL889609";"Inhibition of Toxoplasma gondii DHFR";"B";"BAO_0000357";"single protein format";"Toxoplasma gondii";"None";"None";"None";"None";"";"";"";"CHEMBL2425";"Dihydrofolate reductase";"Toxoplasma gondii";"SINGLE PROTEIN";"CHEMBL1145401";"1";"Scientific Literature";"J Med Chem";"2007";"None";"";"";""
"CHEMBL57624";"";"None";"340.39";"0";"1.84";"20";"COc1ccc(N(C)Cc2ccc3nc(N)nc(N)c3n2)cc1OC";"IC50";"'='";"9.8";"nM";"8.01";"";"";"UO_0000065";"23.53";"0.44";"6.17";"7.12";"0";"CHEMBL665702";"Inhibitory activity against Toxoplasma gondii dihydrofolate reductase.";"B";"BAO_0000357";"single protein format";"Toxoplasma gondii";"None";"None";"None";"None";"";"";"";"CHEMBL2425";"Dihydrofolate reductase";"Toxoplasma gondii";"SINGLE PROTEIN";"CHEMBL1129583";"1";"Scientific Literature";"J Med Chem";"1996";"None";"";"";""
"CHEMBL292634";"";"None";"335.20";"0";"3.11";"21";"Nc1nc(N)c2nc(CNc3ccc(Cl)cc3Cl)ccc2n1";"IC50";"'='";"50.0";"nM";"7.30";"";"";"UO_0000065";"21.78";"0.45";"4.19";"7.11";"0";"CHEMBL665702";"Inhibitory activity against Toxoplasma gondii dihydrofolate reductase.";"B";"BAO_0000357";"single protein format";"Toxoplasma gondii";"None";"None";"None";"None";"";"";"";"CHEMBL2425";"Dihydrofolate reductase";"Toxoplasma gondii";"SINGLE PROTEIN";"CHEMBL1129583";"1";"Scientific Literature";"J Med Chem";"1996";"None";"";"";""
"CHEMBL52777";"";"None";"296.33";"0";"1.81";"10";"COc1ccc(NCc2ccc3nc(N)nc(N)c3n2)cc1";"IC50";"'='";"54.0";"nM";"7.27";"";"";"UO_0000065";"24.53";"0.45";"5.46";"6.49";"0";"CHEMBL665702";"Inhibitory activity against Toxoplasma gondii dihydrofolate reductase.";"B";"BAO_0000357";"single protein format";"Toxoplasma gondii";"None";"None";"None";"None";"";"";"";"CHEMBL2425";"Dihydrofolate reductase";"Toxoplasma gondii";"SINGLE PROTEIN";"CHEMBL1129583";"1";"Scientific Literature";"J Med Chem";"1996";"None";"";"";""
"CHEMBL1097862";"";"None";"245.29";"0";"1.26";"5a";"COc1ccc(NCc2cnc(N)nc2N)cc1";"Inhibition";"'='";"7.0";"%";"";"";"";"UO_0000187";"";"";"";"";"0";"CHEMBL1108184";"Inhibition of Toxoplasma gondii DHFR at IC50 by continuous spectrophotometric assay";"B";"BAO_0000357";"single protein format";"Toxoplasma gondii";"None";"None";"None";"None";"";"";"";"CHEMBL2425";"Dihydrofolate reductase";"Toxoplasma gondii";"SINGLE PROTEIN";"CHEMBL1157930";"1";"Scientific Literature";"Bioorg Med Chem";"2010";"None";"";"";""
"CHEMBL342654";"";"None";"331.36";"0";"1.03";"8";"COc1ccc(S(=O)(=O)c2ccc3nc(N)nc(N)c3n2)cc1";"IC50";"'='";"1000.0";"nM";"6.00";"";"";"UO_0000065";"18.11";"0.36";"4.97";"4.47";"0";"CHEMBL661507";"Inhibitory activity against dihydrofolate reductase (DHFR) from Toxoplasma gondii";"B";"BAO_0000357";"single protein format";"Toxoplasma gondii";"None";"None";"None";"None";"";"";"";"CHEMBL2425";"Dihydrofolate reductase";"Toxoplasma gondii";"SINGLE PROTEIN";"CHEMBL1131172";"1";"Scientific Literature";"J Med Chem";"1998";"None";"";"";""
"CHEMBL435479";"";"None";"405.46";"0";"2.92";"7";"COc1cc(-n2cccc2)c(OC)cc1NCc1cnc2nc(N)nc(N)c2c1C";"IC50";"'='";"33.0";"nM";"7.48";"";"";"UO_0000065";"18.45";"0.34";"4.56";"5.93";"0";"CHEMBL664921";"Inhibition of Dihydrofolate Reductase of Toxoplasma gondii.";"B";"BAO_0000357";"single protein format";"Toxoplasma gondii";"None";"None";"None";"None";"";"";"";"CHEMBL2425";"Dihydrofolate reductase";"Toxoplasma gondii";"SINGLE PROTEIN";"CHEMBL1129938";"1";"Scientific Literature";"J Med Chem";"1997";"None";"";"";""
"CHEMBL597383";"";"None";"336.23";"0";"3.60";"74";"Nc1nc(N)c2c(CCCc3cc(Cl)ccc3Cl)c[nH]c2n1";"IC50";"'='";"1240.0";"nM";"5.91";"";"";"UO_0000065";"17.57";"0.37";"2.31";"6.31";"0";"CHEMBL1071424";"Inhibition of Toxoplasma gondii DHFR by spectrophotometric assay";"B";"BAO_0000357";"single protein format";"Toxoplasma gondii";"None";"None";"None";"None";"";"";"";"CHEMBL2425";"Dihydrofolate reductase";"Toxoplasma gondii";"SINGLE PROTEIN";"CHEMBL1156926";"1";"Scientific Literature";"Bioorg Med Chem";"2010";"None";"";"";""
"CHEMBL597885";"";"None";"302.36";"0";"2.86";"11";"COc1ccc(Sc2oc3nc(N)nc(N)c3c2C)cc1";"IC50";"'='";"69400.0";"nM";"4.16";"";"";"UO_0000065";"13.75";"0.27";"1.30";"4.15";"0";"CHEMBL1073069";"Inhibition of Toxoplasma gondii DHFR at 37 degC by spectrophotometry";"B";"BAO_0000357";"single protein format";"Toxoplasma gondii";"None";"None";"None";"None";"";"";"";"CHEMBL2425";"Dihydrofolate reductase";"Toxoplasma gondii";"SINGLE PROTEIN";"CHEMBL1159120";"1";"Scientific Literature";"Bioorg Med Chem";"2010";"None";"";"";""
"CHEMBL596680";"";"None";"341.22";"0";"4.15";"9";"Cc1c(Sc2c(Cl)cccc2Cl)oc2nc(N)nc(N)c12";"IC50";"'='";"25500.0";"nM";"4.59";"";"";"UO_0000065";"13.46";"0.30";"0.44";"5.05";"0";"CHEMBL1073069";"Inhibition of Toxoplasma gondii DHFR at 37 degC by spectrophotometry";"B";"BAO_0000357";"single protein format";"Toxoplasma gondii";"None";"None";"None";"None";"";"";"";"CHEMBL2425";"Dihydrofolate reductase";"Toxoplasma gondii";"SINGLE PROTEIN";"CHEMBL1159120";"1";"Scientific Literature";"Bioorg Med Chem";"2010";"None";"";"";""
"CHEMBL119";"TRIMETREXATE";"4.0";"369.43";"0";"2.74";"TMQ";"COc1cc(NCc2ccc3nc(N)nc(N)c3c2C)cc(OC)c1OC";"IC50";"'='";"10.0";"nM";"8.00";"";"";"UO_0000065";"21.65";"0.40";"5.26";"6.81";"1";"CHEMBL661507";"Inhibitory activity against dihydrofolate reductase (DHFR) from Toxoplasma gondii";"B";"BAO_0000357";"single protein format";"Toxoplasma gondii";"None";"None";"None";"None";"";"";"";"CHEMBL2425";"Dihydrofolate reductase";"Toxoplasma gondii";"SINGLE PROTEIN";"CHEMBL1131172";"1";"Scientific Literature";"J Med Chem";"1998";"None";"";"";""
"CHEMBL313131";"";"None";"481.99";"0";"4.90";"10n";"CCc1nc(N)nc(N)c1-c1ccc(Cl)c(/N=N/N(CCOC(C)=O)Cc2ccccc2C)c1";"IC50";"'='";"830.0";"nM";"6.08";"";"";"UO_0000065";"12.62";"0.24";"1.18";"4.60";"0";"CHEMBL664922";"Inhibitory activity against dihydrofolate reductase DHFR in Toxoplasma gondii.";"B";"BAO_0000357";"single protein format";"Toxoplasma gondii";"None";"None";"None";"None";"";"";"";"CHEMBL2425";"Dihydrofolate reductase";"Toxoplasma gondii";"SINGLE PROTEIN";"CHEMBL1134547";"1";"Scientific Literature";"J Med Chem";"2001";"None";"";"";""
"CHEMBL115788";"";"None";"398.42";"0";"1.69";"3";"COc1cc(N(C=O)Cc2cnc3nc(N)nc(N)c3c2C)cc(OC)c1OC";"IC50";"'='";"13.0";"nM";"7.89";"";"";"UO_0000065";"19.79";"0.37";"6.20";"5.69";"1";"CHEMBL830839";"Inhibition of Toxoplasma gondii dihydrofolate reductase";"B";"BAO_0000357";"single protein format";"Toxoplasma gondii";"None";"None";"None";"None";"";"";"";"CHEMBL2425";"Dihydrofolate reductase";"Toxoplasma gondii";"SINGLE PROTEIN";"CHEMBL1145190";"1";"Scientific Literature";"J Med Chem";"2005";"None";"";"";""
"CHEMBL7263";"";"None";"329.40";"0";"1.88";"139";"COc1ccc(OC)c(NCC2CCc3nc(N)nc(N)c3C2)c1";"IC50";"'='";"181.0";"nM";"6.74";"";"";"UO_0000065";"20.47";"0.38";"4.86";"6.23";"1";"CHEMBL828662";"Inhibition of Toxoplasma gondii dihydrofolate reductase";"B";"BAO_0000357";"single protein format";"Toxoplasma gondii";"None";"None";"None";"None";"";"";"";"CHEMBL2425";"Dihydrofolate reductase";"Toxoplasma gondii";"SINGLE PROTEIN";"CHEMBL1145190";"1";"Scientific Literature";"J Med Chem";"2005";"None";"";"";""
"CHEMBL51706";"";"None";"369.64";"0";"3.76";"63";"Nc1nc(N)c2nc(CNc3c(Cl)cc(Cl)cc3Cl)ccc2n1";"IC50";"'='";"46.0";"nM";"7.34";"";"";"UO_0000065";"19.85";"0.44";"3.58";"7.14";"1";"CHEMBL830839";"Inhibition of Toxoplasma gondii dihydrofolate reductase";"B";"BAO_0000357";"single protein format";"Toxoplasma gondii";"None";"None";"None";"None";"";"";"";"CHEMBL2425";"Dihydrofolate reductase";"Toxoplasma gondii";"SINGLE PROTEIN";"CHEMBL1145190";"1";"Scientific Literature";"J Med Chem";"2005";"None";"";"";""
"CHEMBL299174";"";"None";"340.39";"0";"1.84";"65";"COc1ccc(N(C)Cc2ccc3nc(N)nc(N)c3n2)c(OC)c1";"IC50";"'='";"14.0";"nM";"7.85";"";"";"UO_0000065";"23.07";"0.43";"6.01";"6.99";"1";"CHEMBL828662";"Inhibition of Toxoplasma gondii dihydrofolate reductase";"B";"BAO_0000357";"single protein format";"Toxoplasma gondii";"None";"None";"None";"None";"";"";"";"CHEMBL2425";"Dihydrofolate reductase";"Toxoplasma gondii";"SINGLE PROTEIN";"CHEMBL1145190";"1";"Scientific Literature";"J Med Chem";"2005";"None";"";"";""
"CHEMBL142081";"";"None";"299.36";"0";"2.35";"150";"COc1ccccc1Sc1ccc2nc(N)nc(N)c2n1";"IC50";"'='";"58.0";"nM";"7.24";"";"";"UO_0000065";"24.17";"0.47";"4.89";"7.24";"1";"CHEMBL828662";"Inhibition of Toxoplasma gondii dihydrofolate reductase";"B";"BAO_0000357";"single protein format";"Toxoplasma gondii";"None";"None";"None";"None";"";"";"";"CHEMBL2425";"Dihydrofolate reductase";"Toxoplasma gondii";"SINGLE PROTEIN";"CHEMBL1145190";"1";"Scientific Literature";"J Med Chem";"2005";"None";"";"";""
"CHEMBL137844";"";"None";"299.36";"0";"2.35";"151";"COc1ccc(Sc2ccc3nc(N)nc(N)c3n2)cc1";"IC50";"'='";"45.0";"nM";"7.35";"";"";"UO_0000065";"24.54";"0.48";"5.00";"7.35";"1";"CHEMBL828662";"Inhibition of Toxoplasma gondii dihydrofolate reductase";"B";"BAO_0000357";"single protein format";"Toxoplasma gondii";"None";"None";"None";"None";"";"";"";"CHEMBL2425";"Dihydrofolate reductase";"Toxoplasma gondii";"SINGLE PROTEIN";"CHEMBL1145190";"1";"Scientific Literature";"J Med Chem";"2005";"None";"";"";""
"CHEMBL123276";"";"None";"348.25";"0";"2.62";"136";"Nc1nc(N)c2c(n1)CCC(CNc1cccc(Br)c1)C2";"IC50";"'='";"29.99";"nM";"7.52";"";"";"UO_0000065";"21.60";"0.49";"4.90";"8.37";"0";"CHEMBL830839";"Inhibition of Toxoplasma gondii dihydrofolate reductase";"B";"BAO_0000357";"single protein format";"Toxoplasma gondii";"None";"None";"None";"None";"";"";"";"CHEMBL2425";"Dihydrofolate reductase";"Toxoplasma gondii";"SINGLE PROTEIN";"CHEMBL1145190";"1";"Scientific Literature";"J Med Chem";"2005";"None";"";"";""
"CHEMBL264548";"";"None";"371.49";"0";"2.68";"138";"CCOc1ccc(OCC)c(N(C)CC2CCc3nc(N)nc(N)c3C2)c1";"IC50";"'='";"17.0";"nM";"7.77";"";"";"UO_0000065";"20.91";"0.39";"5.09";"7.81";"1";"CHEMBL828662";"Inhibition of Toxoplasma gondii dihydrofolate reductase";"B";"BAO_0000357";"single protein format";"Toxoplasma gondii";"None";"None";"None";"None";"";"";"";"CHEMBL2425";"Dihydrofolate reductase";"Toxoplasma gondii";"SINGLE PROTEIN";"CHEMBL1145190";"1";"Scientific Literature";"J Med Chem";"2005";"None";"";"";""
"CHEMBL420224";"";"None";"383.67";"0";"4.07";"2a";"Cc1c(CNc2cc(Cl)c(Cl)c(Cl)c2)cnc2nc(N)nc(N)c12";"IC50";"'='";"12.0";"nM";"7.92";"";"";"UO_0000065";"20.64";"0.45";"3.85";"7.71";"1";"CHEMBL665700";"Inhibition of dihydrofolate reductase (DHFR) from Toxoplasma gondii(tg)";"B";"BAO_0000357";"single protein format";"Toxoplasma gondii";"None";"None";"None";"None";"";"";"";"CHEMBL2425";"Dihydrofolate reductase";"Toxoplasma gondii";"SINGLE PROTEIN";"CHEMBL1132261";"1";"Scientific Literature";"J Med Chem";"1999";"None";"";"";""
"CHEMBL312348";"";"None";"310.36";"0";"2.12";"8";"COc1ccc(NCc2cnc3nc(N)nc(N)c3c2C)cc1";"IC50";"'='";"12.0";"nM";"7.92";"";"";"UO_0000065";"25.52";"0.47";"5.80";"7.07";"0";"CHEMBL665700";"Inhibition of dihydrofolate reductase (DHFR) from Toxoplasma gondii(tg)";"B";"BAO_0000357";"single protein format";"Toxoplasma gondii";"None";"None";"None";"None";"";"";"";"CHEMBL2425";"Dihydrofolate reductase";"Toxoplasma gondii";"SINGLE PROTEIN";"CHEMBL1132261";"1";"Scientific Literature";"J Med Chem";"1999";"None";"";"";""
"CHEMBL120821";"";"None";"397.48";"0";"1.91";"3";"C#CCN(CC1CCc2nc(N)nc(N)c2C1)c1cc(OC)c(OC)c(OC)c1";"IC50";"'='";"12.0";"nM";"7.92";"";"";"UO_0000065";"19.93";"0.37";"6.01";"7.28";"0";"CHEMBL665605";"Inhibitory activity against purified Dihydrofolate reductase from Toxoplasma gondii.";"B";"BAO_0000357";"single protein format";"Toxoplasma gondii";"None";"None";"None";"None";"";"";"";"CHEMBL2425";"Dihydrofolate reductase";"Toxoplasma gondii";"SINGLE PROTEIN";"CHEMBL1128550";"1";"Scientific Literature";"J Med Chem";"1995";"None";"";"";""
"CHEMBL52433";"";"None";"398.47";"0";"2.55";"4c";"CCN(Cc1cnc2nc(N)nc(N)c2c1C)c1cc(OC)c(OC)c(OC)c1";"IC50";"'='";"2.7";"nM";"8.57";"";"";"UO_0000065";"21.50";"0.40";"6.02";"7.04";"0";"CHEMBL664916";"Inhibitory activity against Dihydrofolate reductase from Toxoplasma gondii";"B";"BAO_0000357";"single protein format";"Toxoplasma gondii";"None";"None";"None";"None";"";"";"";"CHEMBL2425";"Dihydrofolate reductase";"Toxoplasma gondii";"SINGLE PROTEIN";"CHEMBL1128680";"1";"Scientific Literature";"J Med Chem";"1995";"None";"";"";""
"CHEMBL85958";"";"None";"512.96";"1";"4.50";"10s";"CCc1nc(N)nc(N)c1-c1ccc(Cl)c(/N=N/N(CCOC(C)=O)Cc2ccc([N+](=O)[O-])cc2)c1";"IC50";"'='";"850.0";"nM";"6.07";"";"";"UO_0000065";"11.83";"0.23";"1.57";"3.46";"0";"CHEMBL664922";"Inhibitory activity against dihydrofolate reductase DHFR in Toxoplasma gondii.";"B";"BAO_0000357";"single protein format";"Toxoplasma gondii";"None";"None";"None";"None";"";"";"";"CHEMBL2425";"Dihydrofolate reductase";"Toxoplasma gondii";"SINGLE PROTEIN";"CHEMBL1134547";"1";"Scientific Literature";"J Med Chem";"2001";"None";"";"";""
"CHEMBL23076";"";"None";"392.39";"0";"3.16";"14k";"COc1ccc(C(F)(F)F)cc1N(C)Cc1cnc2nc(N)nc(N)c2c1C";"IC50";"'='";"38.0";"nM";"7.42";"";"";"UO_0000065";"18.91";"0.36";"4.26";"7.19";"0";"CHEMBL665590";"Inhibitory activity against Toxoplasma gondii dihydrofolate reductase";"B";"BAO_0000357";"single protein format";"Toxoplasma gondii";"None";"None";"None";"None";"";"";"";"CHEMBL2425";"Dihydrofolate reductase";"Toxoplasma gondii";"SINGLE PROTEIN";"CHEMBL1129525";"1";"Scientific Literature";"J Med Chem";"1996";"None";"";"";""
"CHEMBL55179";"";"None";"356.39";"0";"1.83";"29";"COc1cc(NCc2ccc3nc(N)nc(N)c3n2)cc(OC)c1OC";"IC50";"'='";"40.0";"nM";"7.40";"";"";"UO_0000065";"20.76";"0.39";"5.57";"5.67";"0";"CHEMBL665702";"Inhibitory activity against Toxoplasma gondii dihydrofolate reductase.";"B";"BAO_0000357";"single protein format";"Toxoplasma gondii";"None";"None";"None";"None";"";"";"";"CHEMBL2425";"Dihydrofolate reductase";"Toxoplasma gondii";"SINGLE PROTEIN";"CHEMBL1129583";"1";"Scientific Literature";"J Med Chem";"1996";"None";"";"";""
"CHEMBL303102";"";"None";"324.17";"0";"3.16";"13";"Nc1nc(O)c2c(CNc3ccc(Cl)cc3Cl)c[nH]c2n1";"IC50";"'='";"2200.0";"nM";"5.66";"";"";"UO_0000065";"17.45";"0.37";"2.50";"5.67";"0";"CHEMBL664920";"Inhibitory activity against Toxoplasma gondii dihydrofolate reductase";"B";"BAO_0000357";"single protein format";"Toxoplasma gondii";"None";"None";"None";"None";"";"";"";"CHEMBL2425";"Dihydrofolate reductase";"Toxoplasma gondii";"SINGLE PROTEIN";"CHEMBL1134503";"1";"Scientific Literature";"J Med Chem";"2001";"None";"";"";""
"CHEMBL137844";"";"None";"299.36";"0";"2.35";"5";"COc1ccc(Sc2ccc3nc(N)nc(N)c3n2)cc1";"IC50";"'='";"45.0";"nM";"7.35";"";"";"UO_0000065";"24.54";"0.48";"5.00";"7.35";"0";"CHEMBL661507";"Inhibitory activity against dihydrofolate reductase (DHFR) from Toxoplasma gondii";"B";"BAO_0000357";"single protein format";"Toxoplasma gondii";"None";"None";"None";"None";"";"";"";"CHEMBL2425";"Dihydrofolate reductase";"Toxoplasma gondii";"SINGLE PROTEIN";"CHEMBL1131172";"1";"Scientific Literature";"J Med Chem";"1998";"None";"";"";""
"CHEMBL23021";"";"None";"340.39";"0";"2.13";"10";"COc1ccc(OC)c(NCc2cnc3nc(N)nc(N)c3c2C)c1";"IC50";"'='";"16.0";"nM";"7.80";"";"";"UO_0000065";"22.90";"0.43";"5.67";"6.43";"1";"CHEMBL828662";"Inhibition of Toxoplasma gondii dihydrofolate reductase";"B";"BAO_0000357";"single protein format";"Toxoplasma gondii";"None";"None";"None";"None";"";"";"";"CHEMBL2425";"Dihydrofolate reductase";"Toxoplasma gondii";"SINGLE PROTEIN";"CHEMBL1145190";"1";"Scientific Literature";"J Med Chem";"2005";"None";"";"";""
"CHEMBL81820";"";"None";"349.23";"0";"3.42";"4";"Cc1c(CNc2ccc(Cl)c(Cl)c2)cnc2nc(N)nc(N)c12";"IC50";"'='";"28.0";"nM";"7.55";"";"";"UO_0000065";"21.63";"0.45";"4.13";"7.35";"1";"CHEMBL828662";"Inhibition of Toxoplasma gondii dihydrofolate reductase";"B";"BAO_0000357";"single protein format";"Toxoplasma gondii";"None";"None";"None";"None";"";"";"";"CHEMBL2425";"Dihydrofolate reductase";"Toxoplasma gondii";"SINGLE PROTEIN";"CHEMBL1145190";"1";"Scientific Literature";"J Med Chem";"2005";"None";"";"";""
"CHEMBL601520";"";"None";"372.43";"0";"4.13";"49";"CCn1c2ccccc2c2cc(NCc3coc4nc(N)nc(N)c34)ccc21";"IC50";"'='";"4466.84";"nM";"5.35";"";"";"UO_0000065";"14.37";"0.26";"1.22";"4.96";"0";"CHEMBL1071424";"Inhibition of Toxoplasma gondii DHFR by spectrophotometric assay";"B";"BAO_0000357";"single protein format";"Toxoplasma gondii";"None";"None";"None";"None";"";"";"";"CHEMBL2425";"Dihydrofolate reductase";"Toxoplasma gondii";"SINGLE PROTEIN";"CHEMBL1156926";"1";"Scientific Literature";"Bioorg Med Chem";"2010";"None";"";"";""
"CHEMBL604090";"";"None";"348.43";"0";"4.35";"54";"Nc1nc(N)c2c(CSc3cccc(-c4ccccc4)c3)coc2n1";"IC50";"'='";"22908.68";"nM";"4.64";"";"";"UO_0000065";"13.32";"0.25";"0.29";"5.10";"0";"CHEMBL1071424";"Inhibition of Toxoplasma gondii DHFR by spectrophotometric assay";"B";"BAO_0000357";"single protein format";"Toxoplasma gondii";"None";"None";"None";"None";"";"";"";"CHEMBL2425";"Dihydrofolate reductase";"Toxoplasma gondii";"SINGLE PROTEIN";"CHEMBL1156926";"1";"Scientific Literature";"Bioorg Med Chem";"2010";"None";"";"";""
"CHEMBL123984";"";"None";"301.38";"0";"2.59";"63";"COc1cccc(Sc2[nH]c3nc(N)nc(N)c3c2C)c1";"IC50";"'='";"4786.3";"nM";"5.32";"";"";"UO_0000065";"17.65";"0.35";"2.73";"5.17";"0";"CHEMBL1071424";"Inhibition of Toxoplasma gondii DHFR by spectrophotometric assay";"B";"BAO_0000357";"single protein format";"Toxoplasma gondii";"None";"None";"None";"None";"";"";"";"CHEMBL2425";"Dihydrofolate reductase";"Toxoplasma gondii";"SINGLE PROTEIN";"CHEMBL1156926";"1";"Scientific Literature";"Bioorg Med Chem";"2010";"None";"";"";""
"CHEMBL33208";"";"None";"356.39";"0";"1.83";"11";"COc1cc(CNc2cnc3nc(N)nc(N)c3c2)cc(OC)c1OC";"IC50";"'='";"350.0";"nM";"6.46";"";"";"UO_0000065";"18.11";"0.34";"4.63";"4.95";"0";"CHEMBL665616";"Inhibitory activity against Toxoplasma gondii dihydrofolate reductase (in 90 uM dihydrofolic acid)";"B";"BAO_0000357";"single protein format";"Toxoplasma gondii";"None";"None";"None";"None";"";"";"";"CHEMBL2425";"Dihydrofolate reductase";"Toxoplasma gondii";"SINGLE PROTEIN";"CHEMBL1129539";"1";"Scientific Literature";"J Med Chem";"1996";"None";"";"";""
"CHEMBL4569184";"";"None";"284.37";"0";"1.28";"10";"Cc1ccccc1N1CCN(c2cnc(N)nc2N)CC1";"IC50";"'>'";"10000.0";"nM";"";"";"";"UO_0000065";"";"";"";"";"0";"CHEMBL4423789";"Inhibition of Toxoplasma gondii DHFR-TS expressed in Escherichia coli BL21 competent cells using DHF as substrate preincubated for 15 mins followed by substrate and NADPH addition and measured after 60 mins by resazurin dye based diaphorase-coupled assay";"B";"BAO_0000219";"cell-based format";"Toxoplasma gondii";"None";"None";"None";"None";"";"";"";"CHEMBL2425";"Dihydrofolate reductase";"Toxoplasma gondii";"SINGLE PROTEIN";"CHEMBL4422638";"1";"Scientific Literature";"J Med Chem";"2019";"None";"";"";""
"CHEMBL119";"TRIMETREXATE";"4.0";"369.43";"0";"2.74";"6";"COc1cc(NCc2ccc3nc(N)nc(N)c3c2C)cc(OC)c1OC";"IC50";"'='";"1.35";"nM";"8.87";"";"";"UO_0000065";"24.01";"0.45";"6.13";"7.55";"0";"CHEMBL4423789";"Inhibition of Toxoplasma gondii DHFR-TS expressed in Escherichia coli BL21 competent cells using DHF as substrate preincubated for 15 mins followed by substrate and NADPH addition and measured after 60 mins by resazurin dye based diaphorase-coupled assay";"B";"BAO_0000219";"cell-based format";"Toxoplasma gondii";"None";"None";"None";"None";"";"";"";"CHEMBL2425";"Dihydrofolate reductase";"Toxoplasma gondii";"SINGLE PROTEIN";"CHEMBL4422638";"1";"Scientific Literature";"J Med Chem";"2019";"None";"";"";""
"CHEMBL7492";"PIRITREXIM";"2.0";"325.37";"0";"2.11";"4";"COc1ccc(OC)c(Cc2cnc3nc(N)nc(N)c3c2C)c1";"IC50";"'='";"17.0";"nM";"7.77";"";"";"UO_0000065";"23.88";"0.44";"5.66";"7.12";"1";"CHEMBL665703";"Compound was tested for inhibition activity against Toxoplasma gondii (Toxoplasma gondii) Dihydrofolate reductase";"B";"BAO_0000357";"single protein format";"Toxoplasma gondii";"None";"None";"None";"None";"";"";"";"CHEMBL2425";"Dihydrofolate reductase";"Toxoplasma gondii";"SINGLE PROTEIN";"CHEMBL1131495";"1";"Scientific Literature";"J Med Chem";"1998";"None";"";"";""
"CHEMBL33038";"";"None";"280.33";"0";"1.83";"10";"CN(Cc1ccccc1)c1cnc2nc(N)nc(N)c2c1";"IC50";"'='";"32.0";"nM";"7.50";"";"";"UO_0000065";"26.74";"0.49";"5.66";"7.98";"0";"CHEMBL665616";"Inhibitory activity against Toxoplasma gondii dihydrofolate reductase (in 90 uM dihydrofolic acid)";"B";"BAO_0000357";"single protein format";"Toxoplasma gondii";"None";"None";"None";"None";"";"";"";"CHEMBL2425";"Dihydrofolate reductase";"Toxoplasma gondii";"SINGLE PROTEIN";"CHEMBL1129539";"1";"Scientific Literature";"J Med Chem";"1996";"None";"";"";""
"CHEMBL32583";"";"None";"370.41";"0";"2.39";"13";"COc1cc(C(C)Nc2cnc3nc(N)nc(N)c3c2)cc(OC)c1OC";"IC50";"'='";"194.0";"nM";"6.71";"";"";"UO_0000065";"18.12";"0.34";"4.32";"5.15";"0";"CHEMBL665616";"Inhibitory activity against Toxoplasma gondii dihydrofolate reductase (in 90 uM dihydrofolic acid)";"B";"BAO_0000357";"single protein format";"Toxoplasma gondii";"None";"None";"None";"None";"";"";"";"CHEMBL2425";"Dihydrofolate reductase";"Toxoplasma gondii";"SINGLE PROTEIN";"CHEMBL1129539";"1";"Scientific Literature";"J Med Chem";"1996";"None";"";"";""
"CHEMBL138452";"";"None";"342.36";"0";"1.96";"16";"COc1cc(Nc2ccc3nc(N)nc(N)c3n2)cc(OC)c1OC";"IC50";"'='";"2400.0";"nM";"5.62";"";"";"UO_0000065";"16.41";"0.31";"3.66";"4.31";"0";"CHEMBL661507";"Inhibitory activity against dihydrofolate reductase (DHFR) from Toxoplasma gondii";"B";"BAO_0000357";"single protein format";"Toxoplasma gondii";"None";"None";"None";"None";"";"";"";"CHEMBL2425";"Dihydrofolate reductase";"Toxoplasma gondii";"SINGLE PROTEIN";"CHEMBL1131172";"1";"Scientific Literature";"J Med Chem";"1998";"None";"";"";""
"CHEMBL55191";"";"None";"349.23";"0";"3.13";"75";"CN(Cc1ccc2nc(N)nc(N)c2n1)c1cc(Cl)ccc1Cl";"IC50";"'='";"25.0";"nM";"7.60";"";"";"UO_0000065";"21.77";"0.45";"4.47";"8.09";"1";"CHEMBL830839";"Inhibition of Toxoplasma gondii dihydrofolate reductase";"B";"BAO_0000357";"single protein format";"Toxoplasma gondii";"None";"None";"None";"None";"";"";"";"CHEMBL2425";"Dihydrofolate reductase";"Toxoplasma gondii";"SINGLE PROTEIN";"CHEMBL1145190";"1";"Scientific Literature";"J Med Chem";"2005";"None";"";"";""
"CHEMBL33187";"";"None";"358.40";"0";"3.59";"170";"Nc1nc(N)c2cc(NCc3ccc(Oc4ccccc4)cc3)cnc2n1";"IC50";"'='";"3700.0";"nM";"5.43";"";"";"UO_0000065";"15.16";"0.27";"1.84";"4.85";"1";"CHEMBL828662";"Inhibition of Toxoplasma gondii dihydrofolate reductase";"B";"BAO_0000357";"single protein format";"Toxoplasma gondii";"None";"None";"None";"None";"";"";"";"CHEMBL2425";"Dihydrofolate reductase";"Toxoplasma gondii";"SINGLE PROTEIN";"CHEMBL1145190";"1";"Scientific Literature";"J Med Chem";"2005";"None";"";"";""
"CHEMBL32266";"";"None";"326.36";"0";"1.82";"174";"COc1cc(CNc2cnc3nc(N)nc(N)c3c2)cc(OC)c1";"IC50";"'='";"1200.05";"nM";"5.92";"";"";"UO_0000065";"18.14";"0.34";"4.10";"4.89";"0";"CHEMBL830839";"Inhibition of Toxoplasma gondii dihydrofolate reductase";"B";"BAO_0000357";"single protein format";"Toxoplasma gondii";"None";"None";"None";"None";"";"";"";"CHEMBL2425";"Dihydrofolate reductase";"Toxoplasma gondii";"SINGLE PROTEIN";"CHEMBL1145190";"1";"Scientific Literature";"J Med Chem";"2005";"None";"";"";""
"CHEMBL22";"TRIMETHOPRIM";"4.0";"290.32";"0";"1.26";"Trimethoprim";"COc1cc(Cc2cnc(N)nc2N)cc(OC)c1OC";"IC50";"'='";"2700.0";"nM";"5.57";"";"";"UO_0000065";"19.18";"0.36";"4.31";"5.28";"1";"CHEMBL664908";"Inhibitory activity against dihydrofolate reductase from Toxoplasma gondii";"B";"BAO_0000357";"single protein format";"Toxoplasma gondii";"None";"None";"None";"None";"";"";"";"CHEMBL2425";"Dihydrofolate reductase";"Toxoplasma gondii";"SINGLE PROTEIN";"CHEMBL1131327";"1";"Scientific Literature";"J Med Chem";"1998";"None";"";"";""
"CHEMBL116200";"";"None";"325.37";"0";"2.42";"5";"COc1ccc(CNc2ccc3nc(N)nc(N)c3c2)c(OC)c1";"IC50";"'='";"170.0";"nM";"6.77";"";"";"UO_0000065";"20.81";"0.39";"4.35";"6.25";"0";"CHEMBL664917";"Inhibitory activity against Dihydrofolate reductase from Toxoplasma gondii (tgDHFR)";"B";"BAO_0000357";"single protein format";"Toxoplasma gondii";"None";"None";"None";"None";"";"";"";"CHEMBL2425";"Dihydrofolate reductase";"Toxoplasma gondii";"SINGLE PROTEIN";"CHEMBL1131583";"1";"Scientific Literature";"J Med Chem";"1998";"None";"";"";""
"CHEMBL23402";"";"None";"327.35";"0";"1.21";"12n";"COc1ccc(OC)c(NCc2cnc3nc(N)nc(N)c3n2)c1";"IC50";"'='";"6900.0";"nM";"5.16";"";"";"UO_0000065";"15.77";"0.29";"3.95";"3.85";"0";"CHEMBL665590";"Inhibitory activity against Toxoplasma gondii dihydrofolate reductase";"B";"BAO_0000357";"single protein format";"Toxoplasma gondii";"None";"None";"None";"None";"";"";"";"CHEMBL2425";"Dihydrofolate reductase";"Toxoplasma gondii";"SINGLE PROTEIN";"CHEMBL1129525";"1";"Scientific Literature";"J Med Chem";"1996";"None";"";"";""
"CHEMBL79182";"";"None";"309.33";"0";"1.85";"2c";"Cc1c(COC(=O)c2ccccc2)cnc2nc(N)nc(N)c12";"IC50";"'='";"56.0";"nM";"7.25";"";"";"UO_0000065";"23.44";"0.43";"5.40";"6.20";"0";"CHEMBL665597";"Inhibitory concentration against dihydrofolate reductase DHFR from Toxoplasma gondii";"B";"BAO_0000357";"single protein format";"Toxoplasma gondii";"None";"None";"None";"None";"";"";"";"CHEMBL2425";"Dihydrofolate reductase";"Toxoplasma gondii";"SINGLE PROTEIN";"CHEMBL1134533";"1";"Scientific Literature";"J Med Chem";"2001";"None";"";"";""
"CHEMBL23454";"";"None";"325.37";"0";"2.42";"16d";"COc1ccc(OC)c(NCc2ccc3nc(N)nc(N)c3c2)c1";"IC50";"'='";"140.0";"nM";"6.85";"";"";"UO_0000065";"21.06";"0.39";"4.43";"6.33";"0";"CHEMBL665590";"Inhibitory activity against Toxoplasma gondii dihydrofolate reductase";"B";"BAO_0000357";"single protein format";"Toxoplasma gondii";"None";"None";"None";"None";"";"";"";"CHEMBL2425";"Dihydrofolate reductase";"Toxoplasma gondii";"SINGLE PROTEIN";"CHEMBL1129525";"1";"Scientific Literature";"J Med Chem";"1996";"None";"";"";""
"CHEMBL52947";"";"None";"326.36";"0";"1.82";"17";"COc1ccc(OC)c(NCc2ccc3nc(N)nc(N)c3n2)c1";"IC50";"'='";"120.0";"nM";"6.92";"";"";"UO_0000065";"21.21";"0.39";"5.10";"5.71";"0";"CHEMBL665702";"Inhibitory activity against Toxoplasma gondii dihydrofolate reductase.";"B";"BAO_0000357";"single protein format";"Toxoplasma gondii";"None";"None";"None";"None";"";"";"";"CHEMBL2425";"Dihydrofolate reductase";"Toxoplasma gondii";"SINGLE PROTEIN";"CHEMBL1129583";"1";"Scientific Literature";"J Med Chem";"1996";"None";"";"";""
"CHEMBL334271";"";"None";"411.68";"0";"3.62";"6c";"Cc1c(CN(C=O)c2cc(Cl)c(Cl)c(Cl)c2)cnc2nc(N)nc(N)c12";"IC50";"'='";"94.0";"nM";"7.03";"";"";"UO_0000065";"17.07";"0.37";"3.41";"6.33";"0";"CHEMBL665696";"Inhibition of Toxoplasma gondii dihydrofolate reductase";"B";"BAO_0000357";"single protein format";"Toxoplasma gondii";"None";"None";"None";"None";"";"";"";"CHEMBL2425";"Dihydrofolate reductase";"Toxoplasma gondii";"SINGLE PROTEIN";"CHEMBL1126886";"1";"Scientific Literature";"J Med Chem";"1993";"None";"";"";""
"CHEMBL117750";"";"None";"369.43";"0";"2.46";"14";"COc1ccc(CN(C)c2ccc3nc(N)nc(N)c3c2)c(OC)c1OC";"IC50";"'='";"17.0";"nM";"7.77";"";"";"UO_0000065";"21.03";"0.39";"5.31";"7.14";"0";"CHEMBL664917";"Inhibitory activity against Dihydrofolate reductase from Toxoplasma gondii (tgDHFR)";"B";"BAO_0000357";"single protein format";"Toxoplasma gondii";"None";"None";"None";"None";"";"";"";"CHEMBL2425";"Dihydrofolate reductase";"Toxoplasma gondii";"SINGLE PROTEIN";"CHEMBL1131583";"1";"Scientific Literature";"J Med Chem";"1998";"None";"";"";""
"CHEMBL117750";"";"None";"369.43";"0";"2.46";"14";"COc1ccc(CN(C)c2ccc3nc(N)nc(N)c3c2)c(OC)c1OC";"IC50";"'='";"5.4";"nM";"8.27";"";"";"UO_0000065";"22.38";"0.42";"5.81";"7.60";"0";"CHEMBL665585";"Inhibition of recombinant Dihydrofolate reductase from Toxoplasma gondii (tgDHFR)";"B";"BAO_0000357";"single protein format";"Toxoplasma gondii";"None";"None";"None";"None";"";"";"";"CHEMBL2425";"Dihydrofolate reductase";"Toxoplasma gondii";"SINGLE PROTEIN";"CHEMBL1131583";"1";"Scientific Literature";"J Med Chem";"1998";"None";"";"";""
"CHEMBL178684";"";"None";"415.54";"0";"2.32";"144";"COCc1cc(N(C)CC2CCc3nc(N)nc(N)c3C2)cc(COC)c1COC";"IC50";"'='";"329.61";"nM";"6.48";"";"";"UO_0000065";"15.60";"0.30";"4.16";"5.96";"0";"CHEMBL830839";"Inhibition of Toxoplasma gondii dihydrofolate reductase";"B";"BAO_0000357";"single protein format";"Toxoplasma gondii";"None";"None";"None";"None";"";"";"";"CHEMBL2425";"Dihydrofolate reductase";"Toxoplasma gondii";"SINGLE PROTEIN";"CHEMBL1145190";"1";"Scientific Literature";"J Med Chem";"2005";"None";"";"";""
"CHEMBL389051";"";"None";"477.48";"0";"1.19";"PDDF";"C#CCN(Cc1ccc2[nH]c(N)nc(=O)c2c1)c1ccc(C(=O)N[C@@H](CCC(=O)O)C(=O)O)cc1";"IC50";"'='";"220.0";"nM";"6.66";"";"";"UO_0000065";"13.94";"0.26";"5.47";"3.73";"0";"CHEMBL1062971";"Inhibition of Toxoplasma gondii dihydrofolate reductase";"B";"BAO_0000357";"single protein format";"Toxoplasma gondii";"None";"None";"None";"None";"";"";"";"CHEMBL2425";"Dihydrofolate reductase";"Toxoplasma gondii";"SINGLE PROTEIN";"CHEMBL1151945";"1";"Scientific Literature";"J Med Chem";"2009";"None";"";"";""
"CHEMBL34259";"METHOTREXATE";"4.0";"454.45";"0";"0.27";"MTX";"CN(Cc1cnc2nc(N)nc(N)c2n1)c1ccc(C(=O)N[C@@H](CCC(=O)O)C(=O)O)cc1";"Activity";"'='";"0.33";"";"";"";"";"";"";"";"";"";"0";"CHEMBL919382";"Ligand efficiency at Toxoplasma gondii DHFR-TS";"B";"BAO_0000357";"single protein format";"Toxoplasma gondii";"None";"None";"None";"None";"";"";"";"CHEMBL2425";"Dihydrofolate reductase";"Toxoplasma gondii";"SINGLE PROTEIN";"CHEMBL1142238";"1";"Scientific Literature";"J Med Chem";"2007";"None";"";"";""
"CHEMBL30403";"";"None";"295.35";"0";"1.95";"1";"Nc1nc(N)c2c3c(oc2n1)CN(Cc1ccccc1)CC3";"IC50";"'='";"1400.0";"nM";"5.85";"";"";"UO_0000065";"19.82";"0.36";"3.90";"6.21";"0";"CHEMBL665601";"Inhibition of Toxoplasma gondii Dihydrofolate reductase";"B";"BAO_0000357";"single protein format";"Toxoplasma gondii";"None";"None";"None";"None";"";"";"";"CHEMBL2425";"Dihydrofolate reductase";"Toxoplasma gondii";"SINGLE PROTEIN";"CHEMBL1131530";"1";"Scientific Literature";"J Med Chem";"1998";"None";"";"";""
"CHEMBL119";"TRIMETREXATE";"4.0";"369.43";"0";"2.74";"TMX";"COc1cc(NCc2ccc3nc(N)nc(N)c3c2C)cc(OC)c1OC";"IC50";"'='";"16.0";"nM";"7.80";"";"";"UO_0000065";"21.10";"0.39";"5.06";"6.63";"1";"CHEMBL876719";"Concentration required to inhibit the Toxoplasma gondii Dihydrofolate reductase by 50% was determined; Range: 8-30";"B";"BAO_0000357";"single protein format";"Toxoplasma gondii";"None";"None";"None";"None";"";"";"";"CHEMBL2425";"Dihydrofolate reductase";"Toxoplasma gondii";"SINGLE PROTEIN";"CHEMBL1149188";"1";"Scientific Literature";"J Med Chem";"2004";"None";"";"";""
"CHEMBL119";"TRIMETREXATE";"4.0";"369.43";"0";"2.74";"Trimetrexate";"COc1cc(NCc2ccc3nc(N)nc(N)c3c2C)cc(OC)c1OC";"IC50";"'='";"10.0";"nM";"8.00";"";"";"UO_0000065";"21.65";"0.40";"5.26";"6.81";"1";"CHEMBL665590";"Inhibitory activity against Toxoplasma gondii dihydrofolate reductase";"B";"BAO_0000357";"single protein format";"Toxoplasma gondii";"None";"None";"None";"None";"";"";"";"CHEMBL2425";"Dihydrofolate reductase";"Toxoplasma gondii";"SINGLE PROTEIN";"CHEMBL1129525";"1";"Scientific Literature";"J Med Chem";"1996";"None";"";"";""
"CHEMBL34259";"METHOTREXATE";"4.0";"454.45";"0";"0.27";"MTX";"CN(Cc1cnc2nc(N)nc(N)c2n1)c1ccc(C(=O)N[C@@H](CCC(=O)O)C(=O)O)cc1";"IC50";"'='";"14.0";"nM";"7.85";"";"";"UO_0000065";"17.28";"0.33";"7.58";"3.73";"1";"CHEMBL665616";"Inhibitory activity against Toxoplasma gondii dihydrofolate reductase (in 90 uM dihydrofolic acid)";"B";"BAO_0000357";"single protein format";"Toxoplasma gondii";"None";"None";"None";"None";"";"";"";"CHEMBL2425";"Dihydrofolate reductase";"Toxoplasma gondii";"SINGLE PROTEIN";"CHEMBL1129539";"1";"Scientific Literature";"J Med Chem";"1996";"None";"";"";""
"CHEMBL119";"TRIMETREXATE";"4.0";"369.43";"0";"2.74";"Trimetrexate (TMQ)";"COc1cc(NCc2ccc3nc(N)nc(N)c3c2C)cc(OC)c1OC";"IC50";"'='";"10.0";"nM";"8.00";"";"";"UO_0000065";"21.65";"0.40";"5.26";"6.81";"1";"CHEMBL664911";"Inhibition of Toxoplasma gondii dihydrofolate reductase";"B";"BAO_0000357";"single protein format";"Toxoplasma gondii";"None";"None";"None";"None";"";"";"";"CHEMBL2425";"Dihydrofolate reductase";"Toxoplasma gondii";"SINGLE PROTEIN";"CHEMBL1130150";"1";"Scientific Literature";"J Med Chem";"1997";"None";"";"";""
"CHEMBL32190";"";"None";"370.41";"0";"1.85";"12";"COc1cc(CN(C)c2cnc3nc(N)nc(N)c3c2)cc(OC)c1OC";"IC50";"'='";"14.0";"nM";"7.85";"";"";"UO_0000065";"21.20";"0.40";"6.00";"6.46";"0";"CHEMBL665616";"Inhibitory activity against Toxoplasma gondii dihydrofolate reductase (in 90 uM dihydrofolic acid)";"B";"BAO_0000357";"single protein format";"Toxoplasma gondii";"None";"None";"None";"None";"";"";"";"CHEMBL2425";"Dihydrofolate reductase";"Toxoplasma gondii";"SINGLE PROTEIN";"CHEMBL1129539";"1";"Scientific Literature";"J Med Chem";"1996";"None";"";"";""
"CHEMBL32754";"";"None";"356.39";"0";"1.83";"16";"COc1cc(OC)c(CNc2cnc3nc(N)nc(N)c3c2)c(OC)c1";"IC50";"'='";"230.0";"nM";"6.64";"";"";"UO_0000065";"18.63";"0.35";"4.81";"5.09";"0";"CHEMBL665616";"Inhibitory activity against Toxoplasma gondii dihydrofolate reductase (in 90 uM dihydrofolic acid)";"B";"BAO_0000357";"single protein format";"Toxoplasma gondii";"None";"None";"None";"None";"";"";"";"CHEMBL2425";"Dihydrofolate reductase";"Toxoplasma gondii";"SINGLE PROTEIN";"CHEMBL1129539";"1";"Scientific Literature";"J Med Chem";"1996";"None";"";"";""
"CHEMBL7586";"";"None";"260.37";"0";"2.05";"11";"Nc1nc(N)c2c(n1)CCC(Cc1ccsc1)C2";"IC50";"'='";"49.0";"nM";"7.31";"";"";"UO_0000065";"28.07";"0.55";"5.26";"9.39";"0";"CHEMBL665602";"The ability to inhibit Toxoplasma gondii Dihydrofolate reductase was tested";"B";"BAO_0000357";"single protein format";"Toxoplasma gondii";"None";"None";"None";"None";"";"";"";"CHEMBL2425";"Dihydrofolate reductase";"Toxoplasma gondii";"SINGLE PROTEIN";"CHEMBL1132605";"1";"Scientific Literature";"J Med Chem";"1999";"None";"";"";""
"CHEMBL550296";"";"None";"353.47";"0";"4.43";"2g";"CCc1sc2nc(N)[nH]c(=O)c2c1Sc1ccc2ccccc2c1";"IC50";"'='";"8.4";"nM";"8.08";"";"";"UO_0000065";"22.85";"0.46";"3.65";"11.25";"0";"CHEMBL1062971";"Inhibition of Toxoplasma gondii dihydrofolate reductase";"B";"BAO_0000357";"single protein format";"Toxoplasma gondii";"None";"None";"None";"None";"";"";"";"CHEMBL2425";"Dihydrofolate reductase";"Toxoplasma gondii";"SINGLE PROTEIN";"CHEMBL1151945";"1";"Scientific Literature";"J Med Chem";"2009";"None";"";"";""
"CHEMBL1096526";"";"None";"315.38";"0";"3.46";"8a";"Nc1ncc(CN2c3ccccc3C=Cc3ccccc32)c(N)n1";"Activity";"'='";"8.07";"uM";"";"";"";"UO_0000064";"";"";"";"";"0";"CHEMBL1108182";"Inhibition of Toxoplasma gondii DHFR by continuous spectrophotometric assay";"B";"BAO_0000357";"single protein format";"Toxoplasma gondii";"None";"None";"None";"None";"";"";"";"CHEMBL2425";"Dihydrofolate reductase";"Toxoplasma gondii";"SINGLE PROTEIN";"CHEMBL1157930";"1";"Scientific Literature";"Bioorg Med Chem";"2010";"None";"";"";""
"CHEMBL1096524";"";"None";"360.42";"0";"3.42";"6b";"Cc1ccc(COc2ccc(C(=O)/C=C/c3cnc(N)nc3N)cc2)cc1";"Inhibition";"'='";"10.0";"%";"";"";"";"UO_0000187";"";"";"";"";"0";"CHEMBL1108184";"Inhibition of Toxoplasma gondii DHFR at IC50 by continuous spectrophotometric assay";"B";"BAO_0000357";"single protein format";"Toxoplasma gondii";"None";"None";"None";"None";"";"";"";"CHEMBL2425";"Dihydrofolate reductase";"Toxoplasma gondii";"SINGLE PROTEIN";"CHEMBL1157930";"1";"Scientific Literature";"Bioorg Med Chem";"2010";"None";"";"";""
"CHEMBL36";"PYRIMETHAMINE";"4.0";"248.72";"0";"2.52";"4 (Pyrimethamine)";"CCc1nc(N)nc(N)c1-c1ccc(Cl)cc1";"IC50";"'='";"390.0";"nM";"6.41";"";"";"UO_0000065";"25.77";"0.51";"3.89";"8.24";"1";"CHEMBL664922";"Inhibitory activity against dihydrofolate reductase DHFR in Toxoplasma gondii.";"B";"BAO_0000357";"single protein format";"Toxoplasma gondii";"None";"None";"None";"None";"";"";"";"CHEMBL2425";"Dihydrofolate reductase";"Toxoplasma gondii";"SINGLE PROTEIN";"CHEMBL1134547";"1";"Scientific Literature";"J Med Chem";"2001";"None";"";"";""
"CHEMBL104020";"";"None";"421.46";"0";"2.75";"26";"CCc1nc(N)nc(N)c1-c1ccc(NCc2ccc(C(=O)NC)cc2)c([N+](=O)[O-])c1";"IC50";"'='";"4.3";"nM";"8.37";"";"";"UO_0000065";"19.85";"0.37";"5.62";"5.16";"0";"CHEMBL884350";"Inhibitory activity against Dihydrofolate reductase from Toxoplasma gondii was evaluated using 90 uM dihydrofolic acid as substrate";"B";"BAO_0000357";"single protein format";"Toxoplasma gondii";"None";"None";"None";"None";"";"";"";"CHEMBL2425";"Dihydrofolate reductase";"Toxoplasma gondii";"SINGLE PROTEIN";"CHEMBL1130351";"1";"Scientific Literature";"J Med Chem";"1997";"None";"";"";""
"CHEMBL58597";"";"None";"494.43";"0";"2.21";"10";"COc1cc(N2C=Cc3c(cnc4nc(N)nc(N)c34)C2)cc(OC)c1OC.O=C(O)C(F)(F)F";"IC50";"'='";"760.0";"nM";"6.12";"";"";"UO_0000065";"16.09";"0.30";"3.91";"5.03";"0";"CHEMBL665593";"Inhibitory concentration against Toxoplasma gondii Dihydrofolate reductase";"B";"BAO_0000357";"single protein format";"Toxoplasma gondii";"None";"None";"None";"None";"";"";"";"CHEMBL2425";"Dihydrofolate reductase";"Toxoplasma gondii";"SINGLE PROTEIN";"CHEMBL1130385";"1";"Scientific Literature";"J Med Chem";"1997";"None";"";"";""
"CHEMBL113816";"";"None";"339.40";"0";"2.45";"12";"COc1cc(CN(C)c2ccc3nc(N)nc(N)c3c2)cc(OC)c1";"IC50";"'='";"9.3";"nM";"8.03";"";"";"UO_0000065";"23.66";"0.44";"5.58";"8.07";"0";"CHEMBL664917";"Inhibitory activity against Dihydrofolate reductase from Toxoplasma gondii (tgDHFR)";"B";"BAO_0000357";"single protein format";"Toxoplasma gondii";"None";"None";"None";"None";"";"";"";"CHEMBL2425";"Dihydrofolate reductase";"Toxoplasma gondii";"SINGLE PROTEIN";"CHEMBL1131583";"1";"Scientific Literature";"J Med Chem";"1998";"None";"";"";""
"CHEMBL34259";"METHOTREXATE";"4.0";"454.45";"0";"0.27";"MTX";"CN(Cc1cnc2nc(N)nc(N)c2n1)c1ccc(C(=O)N[C@@H](CCC(=O)O)C(=O)O)cc1";"IC50";"'='";"18000.0";"nM";"4.75";"";"";"UO_0000065";"10.44";"0.20";"4.47";"2.25";"0";"CHEMBL914521";"Inhibition of Toxoplasma gondii thymidylate synthase";"B";"BAO_0000357";"single protein format";"Toxoplasma gondii";"None";"None";"None";"None";"";"";"";"CHEMBL2425";"Dihydrofolate reductase";"Toxoplasma gondii";"SINGLE PROTEIN";"CHEMBL1139472";"1";"Scientific Literature";"J Med Chem";"2005";"None";"";"";""
"CHEMBL7062";"";"None";"338.33";"0";"2.89";"5i";"Nc1nc(N)c2c(n1)CCC(Cc1ccc(OC(F)(F)F)cc1)C2";"IC50";"'='";"73.0";"nM";"7.14";"";"";"UO_0000065";"21.09";"0.41";"4.25";"8.20";"0";"CHEMBL665602";"The ability to inhibit Toxoplasma gondii Dihydrofolate reductase was tested";"B";"BAO_0000357";"single protein format";"Toxoplasma gondii";"None";"None";"None";"None";"";"";"";"CHEMBL2425";"Dihydrofolate reductase";"Toxoplasma gondii";"SINGLE PROTEIN";"CHEMBL1132605";"1";"Scientific Literature";"J Med Chem";"1999";"None";"";"";""
"CHEMBL279680";"";"None";"354.41";"0";"2.15";"3b";"COc1ccc(N(C)Cc2cnc3nc(N)nc(N)c3c2C)cc1OC";"IC50";"'='";"29.0";"nM";"7.54";"";"";"UO_0000065";"21.27";"0.40";"5.39";"6.71";"1";"CHEMBL884354";"The compound was tested for inhibition of dihydrofolate reductase(DHFR) from Toxoplasma gondii(tg)";"B";"BAO_0000357";"single protein format";"Toxoplasma gondii";"None";"None";"None";"None";"";"";"";"CHEMBL2425";"Dihydrofolate reductase";"Toxoplasma gondii";"SINGLE PROTEIN";"CHEMBL1132261";"1";"Scientific Literature";"J Med Chem";"1999";"None";"";"";""
"CHEMBL149027";"";"None";"375.26";"0";"3.05";"7";"Nc1nc(N)c2cc3c(nc2n1)CCN(Cc1ccc(Cl)cc1Cl)C3";"IC50";"'='";"2100.0";"nM";"5.68";"";"";"UO_0000065";"15.13";"0.31";"2.63";"6.04";"0";"CHEMBL665701";"Inhibitory activity against Toxoplasma gondii (tg) Dihydrofolate reductase (DHFR)";"B";"BAO_0000357";"single protein format";"Toxoplasma gondii";"None";"None";"None";"None";"";"";"";"CHEMBL2425";"Dihydrofolate reductase";"Toxoplasma gondii";"SINGLE PROTEIN";"CHEMBL1135650";"1";"Scientific Literature";"J Med Chem";"2002";"None";"";"";""
"CHEMBL280378";"EPIROPRIM";"2.0";"353.43";"0";"2.82";"Epiroprim";"CCOc1cc(Cc2cnc(N)nc2N)cc(OCC)c1-n1cccc1";"IC50";"'='";"480.0";"nM";"6.32";"";"";"UO_0000065";"17.88";"0.33";"3.50";"6.24";"1";"CHEMBL664908";"Inhibitory activity against dihydrofolate reductase from Toxoplasma gondii";"B";"BAO_0000357";"single protein format";"Toxoplasma gondii";"None";"None";"None";"None";"";"";"";"CHEMBL2425";"Dihydrofolate reductase";"Toxoplasma gondii";"SINGLE PROTEIN";"CHEMBL1131327";"1";"Scientific Literature";"J Med Chem";"1998";"None";"";"";""
"CHEMBL55928";"";"None";"326.36";"0";"1.82";"50";"COc1ccc(NCc2ccc3nc(N)nc(N)c3n2)cc1OC";"IC50";"'='";"90.0";"nM";"7.05";"";"";"UO_0000065";"21.59";"0.40";"5.23";"5.81";"1";"CHEMBL828662";"Inhibition of Toxoplasma gondii dihydrofolate reductase";"B";"BAO_0000357";"single protein format";"Toxoplasma gondii";"None";"None";"None";"None";"";"";"";"CHEMBL2425";"Dihydrofolate reductase";"Toxoplasma gondii";"SINGLE PROTEIN";"CHEMBL1145190";"1";"Scientific Literature";"J Med Chem";"2005";"None";"";"";""
"CHEMBL54523";"";"None";"296.33";"0";"1.81";"53";"COc1ccccc1NCc1ccc2nc(N)nc(N)c2n1";"IC50";"'='";"120.0";"nM";"6.92";"";"";"UO_0000065";"23.36";"0.43";"5.11";"6.18";"1";"CHEMBL828662";"Inhibition of Toxoplasma gondii dihydrofolate reductase";"B";"BAO_0000357";"single protein format";"Toxoplasma gondii";"None";"None";"None";"None";"";"";"";"CHEMBL2425";"Dihydrofolate reductase";"Toxoplasma gondii";"SINGLE PROTEIN";"CHEMBL1145190";"1";"Scientific Literature";"J Med Chem";"2005";"None";"";"";""
"CHEMBL219889";"";"None";"328.37";"0";"1.82";"20";"COc1cc(C(C)C#Cc2cnc(N)nc2N)cc(OC)c1OC";"IC50";"'='";"3100.0";"nM";"5.51";"";"";"UO_0000065";"16.78";"0.31";"3.69";"5.22";"0";"CHEMBL919380";"Inhibition of Toxoplasma gondii DHFR-TS";"B";"BAO_0000357";"single protein format";"Toxoplasma gondii";"None";"None";"None";"None";"";"";"";"CHEMBL2425";"Dihydrofolate reductase";"Toxoplasma gondii";"SINGLE PROTEIN";"CHEMBL1142238";"1";"Scientific Literature";"J Med Chem";"2007";"None";"";"";""
"CHEMBL82936";"";"None";"483.53";"0";"4.04";"11";"Nc1nc(N)c2nc(CN3c4ccccc4C=Cc4cc(OCCCCC(=O)O)ccc43)cnc2n1";"IC50";"'='";"21.0";"nM";"7.68";"";"";"UO_0000065";"15.88";"0.29";"3.64";"5.01";"0";"CHEMBL664377";"Concentration required to inhibit the Toxoplasma gondii Dihydrofolate reductase by 50% was determined; Range: 20-23";"B";"BAO_0000357";"single protein format";"Toxoplasma gondii";"None";"None";"None";"None";"";"";"";"CHEMBL2425";"Dihydrofolate reductase";"Toxoplasma gondii";"SINGLE PROTEIN";"CHEMBL1149188";"1";"Scientific Literature";"J Med Chem";"2004";"None";"";"";""
"CHEMBL279914";"";"None";"305.34";"0";"3.15";"42";"Nc1nc(N)c2c(CNc3ccc4ccccc4c3)coc2n1";"IC50";"'='";"38001.44";"nM";"4.42";"";"";"UO_0000065";"14.48";"0.26";"1.27";"4.29";"0";"CHEMBL830839";"Inhibition of Toxoplasma gondii dihydrofolate reductase";"B";"BAO_0000357";"single protein format";"Toxoplasma gondii";"None";"None";"None";"None";"";"";"";"CHEMBL2425";"Dihydrofolate reductase";"Toxoplasma gondii";"SINGLE PROTEIN";"CHEMBL1145190";"1";"Scientific Literature";"J Med Chem";"2005";"None";"";"";""
"CHEMBL87549";"";"None";"485.95";"0";"4.73";"10j";"CCc1nc(N)nc(N)c1-c1ccc(Cl)c(/N=N/N(CCOC(C)=O)Cc2ccc(F)cc2)c1";"IC50";"'='";"4400.0";"nM";"5.36";"";"";"UO_0000065";"11.02";"0.22";"0.63";"4.06";"0";"CHEMBL664922";"Inhibitory activity against dihydrofolate reductase DHFR in Toxoplasma gondii.";"B";"BAO_0000357";"single protein format";"Toxoplasma gondii";"None";"None";"None";"None";"";"";"";"CHEMBL2425";"Dihydrofolate reductase";"Toxoplasma gondii";"SINGLE PROTEIN";"CHEMBL1134547";"1";"Scientific Literature";"J Med Chem";"2001";"None";"";"";""
"CHEMBL323359";"";"None";"407.43";"0";"2.49";"25";"CCc1nc(N)nc(N)c1-c1ccc(NCc2ccc(C(N)=O)cc2)c([N+](=O)[O-])c1";"IC50";"'='";"3.7";"nM";"8.43";"";"";"UO_0000065";"20.70";"0.38";"5.94";"4.79";"0";"CHEMBL884350";"Inhibitory activity against Dihydrofolate reductase from Toxoplasma gondii was evaluated using 90 uM dihydrofolic acid as substrate";"B";"BAO_0000357";"single protein format";"Toxoplasma gondii";"None";"None";"None";"None";"";"";"";"CHEMBL2425";"Dihydrofolate reductase";"Toxoplasma gondii";"SINGLE PROTEIN";"CHEMBL1130351";"1";"Scientific Literature";"J Med Chem";"1997";"None";"";"";""
"CHEMBL119";"TRIMETREXATE";"4.0";"369.43";"0";"2.74";"TMQ";"COc1cc(NCc2ccc3nc(N)nc(N)c3c2C)cc(OC)c1OC";"IC50";"'='";"10.0";"nM";"8.00";"";"";"UO_0000065";"21.65";"0.40";"5.26";"6.81";"1";"CHEMBL665593";"Inhibitory concentration against Toxoplasma gondii Dihydrofolate reductase";"B";"BAO_0000357";"single protein format";"Toxoplasma gondii";"None";"None";"None";"None";"";"";"";"CHEMBL2425";"Dihydrofolate reductase";"Toxoplasma gondii";"SINGLE PROTEIN";"CHEMBL1130385";"1";"Scientific Literature";"J Med Chem";"1997";"None";"";"";""
"CHEMBL7492";"PIRITREXIM";"2.0";"325.37";"0";"2.11";"3";"COc1ccc(OC)c(Cc2cnc3nc(N)nc(N)c3c2C)c1";"IC50";"'='";"17.0";"nM";"7.77";"";"";"UO_0000065";"23.88";"0.44";"5.66";"7.12";"1";"CHEMBL884350";"Inhibitory activity against Dihydrofolate reductase from Toxoplasma gondii was evaluated using 90 uM dihydrofolic acid as substrate";"B";"BAO_0000357";"single protein format";"Toxoplasma gondii";"None";"None";"None";"None";"";"";"";"CHEMBL2425";"Dihydrofolate reductase";"Toxoplasma gondii";"SINGLE PROTEIN";"CHEMBL1130351";"1";"Scientific Literature";"J Med Chem";"1997";"None";"";"";""
"CHEMBL7492";"PIRITREXIM";"2.0";"325.37";"0";"2.11";"PTX";"COc1ccc(OC)c(Cc2cnc3nc(N)nc(N)c3c2C)c1";"IC50";"'='";"11.0";"nM";"7.96";"";"";"UO_0000065";"24.46";"0.45";"5.85";"7.29";"0";"CHEMBL665696";"Inhibition of Toxoplasma gondii dihydrofolate reductase";"B";"BAO_0000357";"single protein format";"Toxoplasma gondii";"None";"None";"None";"None";"";"";"";"CHEMBL2425";"Dihydrofolate reductase";"Toxoplasma gondii";"SINGLE PROTEIN";"CHEMBL1126886";"1";"Scientific Literature";"J Med Chem";"1993";"None";"";"";""
"CHEMBL331682";"";"None";"440.32";"0";"3.26";"16a";"COc1cc(NCc2c(Br)sc3nc(N)nc(N)c23)cc(OC)c1OC";"IC50";"'='";"34000.0";"nM";"4.47";"";"";"UO_0000065";"10.15";"0.23";"1.21";"3.80";"0";"CHEMBL665695";"Inhibition of Toxoplasma gondii Dihydrofolate Reductase";"B";"BAO_0000357";"single protein format";"Toxoplasma gondii";"None";"None";"None";"None";"";"";"";"CHEMBL2425";"Dihydrofolate reductase";"Toxoplasma gondii";"SINGLE PROTEIN";"CHEMBL1130226";"1";"Scientific Literature";"J Med Chem";"1997";"None";"";"";""
"CHEMBL81294";"";"None";"364.41";"0";"3.39";"5";"CCc1nc(N)nc(N)c1-c1ccc(NCc2ccccc2)c([N+](=O)[O-])c1";"IC50";"'='";"19.0";"nM";"7.72";"";"";"UO_0000065";"21.19";"0.39";"4.33";"5.81";"0";"CHEMBL884350";"Inhibitory activity against Dihydrofolate reductase from Toxoplasma gondii was evaluated using 90 uM dihydrofolic acid as substrate";"B";"BAO_0000357";"single protein format";"Toxoplasma gondii";"None";"None";"None";"None";"";"";"";"CHEMBL2425";"Dihydrofolate reductase";"Toxoplasma gondii";"SINGLE PROTEIN";"CHEMBL1130351";"1";"Scientific Literature";"J Med Chem";"1997";"None";"";"";""
"CHEMBL7375";"";"None";"314.39";"0";"2.01";"5j";"COc1ccc(OC)c(CC2CCc3nc(N)nc(N)c3C2)c1";"IC50";"'='";"21.0";"nM";"7.68";"";"";"UO_0000065";"24.42";"0.46";"5.67";"7.97";"0";"CHEMBL665602";"The ability to inhibit Toxoplasma gondii Dihydrofolate reductase was tested";"B";"BAO_0000357";"single protein format";"Toxoplasma gondii";"None";"None";"None";"None";"";"";"";"CHEMBL2425";"Dihydrofolate reductase";"Toxoplasma gondii";"SINGLE PROTEIN";"CHEMBL1132605";"1";"Scientific Literature";"J Med Chem";"1999";"None";"";"";""
"CHEMBL285448";"";"None";"360.41";"0";"2.26";"3h";"COc1ccc(OCCCCCC(=O)O)cc1Cc1cnc(N)nc1N";"IC50";"'='";"480.0";"nM";"6.32";"";"";"UO_0000065";"17.53";"0.33";"4.06";"4.73";"0";"CHEMBL662241";"Inhibition of partially purified dihydrofolate reductase (DHFR) from Toxoplasma gondii (Tg)";"B";"BAO_0000357";"single protein format";"Toxoplasma gondii";"None";"None";"None";"None";"";"";"";"CHEMBL2425";"Dihydrofolate reductase";"Toxoplasma gondii";"SINGLE PROTEIN";"CHEMBL1135399";"1";"Scientific Literature";"J Med Chem";"2002";"None";"";"";""
"CHEMBL342086";"";"None";"369.43";"0";"3.02";"4b";"Nc1nc(N)c2nc(CN3c4ccccc4CCc4ccccc43)cnc2n1";"IC50";"'='";"910.0";"nM";"6.04";"";"";"UO_0000065";"16.35";"0.29";"3.02";"5.65";"0";"CHEMBL665587";"Inhibitory activity against DHFR (Dihydrofolate reductase) from Toxoplasma gondii.";"B";"BAO_0000357";"single protein format";"Toxoplasma gondii";"None";"None";"None";"None";"";"";"";"CHEMBL2425";"Dihydrofolate reductase";"Toxoplasma gondii";"SINGLE PROTEIN";"CHEMBL1132186";"1";"Scientific Literature";"J Med Chem";"1999";"None";"";"";""
"CHEMBL22";"TRIMETHOPRIM";"4.0";"290.32";"0";"1.26";"3, TMP";"COc1cc(Cc2cnc(N)nc2N)cc(OC)c1OC";"IC50";"'='";"7.2";"nM";"8.14";"";"";"UO_0000065";"28.05";"0.53";"6.88";"7.72";"0";"CHEMBL665586";"Inhibitory activity against recombinant Dihydrofolate reductase from Toxoplasma gondii (tgDHFR)";"B";"BAO_0000357";"single protein format";"Toxoplasma gondii";"None";"None";"None";"None";"";"";"";"CHEMBL2425";"Dihydrofolate reductase";"Toxoplasma gondii";"SINGLE PROTEIN";"CHEMBL1131583";"1";"Scientific Literature";"J Med Chem";"1998";"None";"";"";""
"CHEMBL114833";"";"None";"355.40";"0";"2.43";"101";"COc1cc(OC)c(OC)cc1CNc1ccc2nc(N)nc(N)c2c1";"IC50";"'='";"124.0";"nM";"6.91";"";"";"UO_0000065";"19.43";"0.36";"4.48";"5.88";"1";"CHEMBL828662";"Inhibition of Toxoplasma gondii dihydrofolate reductase";"B";"BAO_0000357";"single protein format";"Toxoplasma gondii";"None";"None";"None";"None";"";"";"";"CHEMBL2425";"Dihydrofolate reductase";"Toxoplasma gondii";"SINGLE PROTEIN";"CHEMBL1145190";"1";"Scientific Literature";"J Med Chem";"2005";"None";"";"";""
"CHEMBL367802";"";"None";"329.41";"0";"3.58";"102";"CN(Cc1cccc2ccccc12)c1ccc2nc(N)nc(N)c2c1";"IC50";"'='";"209.99";"nM";"6.68";"";"";"UO_0000065";"20.27";"0.36";"3.10";"8.24";"0";"CHEMBL830839";"Inhibition of Toxoplasma gondii dihydrofolate reductase";"B";"BAO_0000357";"single protein format";"Toxoplasma gondii";"None";"None";"None";"None";"";"";"";"CHEMBL2425";"Dihydrofolate reductase";"Toxoplasma gondii";"SINGLE PROTEIN";"CHEMBL1145190";"1";"Scientific Literature";"J Med Chem";"2005";"None";"";"";""
"CHEMBL138452";"";"None";"342.36";"0";"1.96";"158";"COc1cc(Nc2ccc3nc(N)nc(N)c3n2)cc(OC)c1OC";"IC50";"'='";"2399.94";"nM";"5.62";"";"";"UO_0000065";"16.41";"0.31";"3.66";"4.31";"0";"CHEMBL830839";"Inhibition of Toxoplasma gondii dihydrofolate reductase";"B";"BAO_0000357";"single protein format";"Toxoplasma gondii";"None";"None";"None";"None";"";"";"";"CHEMBL2425";"Dihydrofolate reductase";"Toxoplasma gondii";"SINGLE PROTEIN";"CHEMBL1145190";"1";"Scientific Literature";"J Med Chem";"2005";"None";"";"";""
"CHEMBL115474";"";"None";"265.32";"0";"2.41";"2";"Nc1nc(N)c2cc(NCc3ccccc3)ccc2n1";"IC50";"'='";"1400.0";"nM";"5.85";"";"";"UO_0000065";"22.06";"0.40";"3.44";"6.52";"0";"CHEMBL665586";"Inhibitory activity against recombinant Dihydrofolate reductase from Toxoplasma gondii (tgDHFR)";"B";"BAO_0000357";"single protein format";"Toxoplasma gondii";"None";"None";"None";"None";"";"";"";"CHEMBL2425";"Dihydrofolate reductase";"Toxoplasma gondii";"SINGLE PROTEIN";"CHEMBL1131583";"1";"Scientific Literature";"J Med Chem";"1998";"None";"";"";""
"CHEMBL37334";"";"None";"340.38";"0";"1.85";"3";"COc1ccc(C#CCCCC(=O)O)cc1Cc1cnc(N)nc1N";"IC50";"'='";"32.0";"nM";"7.50";"";"";"UO_0000065";"22.02";"0.41";"5.64";"6.03";"0";"CHEMBL664919";"Inhibitory activity against Dihydrohydrofolate reductase(DHFR) of Toxoplasma gondii";"B";"BAO_0000357";"single protein format";"Toxoplasma gondii";"None";"None";"None";"None";"";"";"";"CHEMBL2425";"Dihydrofolate reductase";"Toxoplasma gondii";"SINGLE PROTEIN";"CHEMBL1136782";"1";"Scientific Literature";"J Med Chem";"2003";"None";"";"";""
"CHEMBL54538";"";"None";"330.39";"0";"2.98";"68";"CN(Cc1ccc2nc(N)nc(N)c2n1)c1cccc2ccccc12";"IC50";"'='";"18.0";"nM";"7.75";"";"";"UO_0000065";"23.44";"0.42";"4.76";"8.24";"1";"CHEMBL830839";"Inhibition of Toxoplasma gondii dihydrofolate reductase";"B";"BAO_0000357";"single protein format";"Toxoplasma gondii";"None";"None";"None";"None";"";"";"";"CHEMBL2425";"Dihydrofolate reductase";"Toxoplasma gondii";"SINGLE PROTEIN";"CHEMBL1145190";"1";"Scientific Literature";"J Med Chem";"2005";"None";"";"";""
"CHEMBL53974";"";"None";"310.36";"0";"1.83";"69";"COc1ccccc1N(C)Cc1ccc2nc(N)nc(N)c2n1";"IC50";"'='";"26.0";"nM";"7.58";"";"";"UO_0000065";"24.44";"0.45";"5.76";"7.35";"1";"CHEMBL830839";"Inhibition of Toxoplasma gondii dihydrofolate reductase";"B";"BAO_0000357";"single protein format";"Toxoplasma gondii";"None";"None";"None";"None";"";"";"";"CHEMBL2425";"Dihydrofolate reductase";"Toxoplasma gondii";"SINGLE PROTEIN";"CHEMBL1145190";"1";"Scientific Literature";"J Med Chem";"2005";"None";"";"";""
"CHEMBL141260";"";"None";"312.33";"0";"1.95";"157";"COc1ccc(OC)c(Nc2ccc3nc(N)nc(N)c3n2)c1";"IC50";"'='";"729.96";"nM";"6.14";"";"";"UO_0000065";"19.65";"0.36";"4.19";"5.06";"0";"CHEMBL830839";"Inhibition of Toxoplasma gondii dihydrofolate reductase";"B";"BAO_0000357";"single protein format";"Toxoplasma gondii";"None";"None";"None";"None";"";"";"";"CHEMBL2425";"Dihydrofolate reductase";"Toxoplasma gondii";"SINGLE PROTEIN";"CHEMBL1145190";"1";"Scientific Literature";"J Med Chem";"2005";"None";"";"";""
"CHEMBL54792";"";"None";"310.36";"0";"1.83";"66";"COc1cccc(N(C)Cc2ccc3nc(N)nc(N)c3n2)c1";"IC50";"'='";"15.0";"nM";"7.82";"";"";"UO_0000065";"25.21";"0.46";"5.99";"7.58";"1";"CHEMBL830839";"Inhibition of Toxoplasma gondii dihydrofolate reductase";"B";"BAO_0000357";"single protein format";"Toxoplasma gondii";"None";"None";"None";"None";"";"";"";"CHEMBL2425";"Dihydrofolate reductase";"Toxoplasma gondii";"SINGLE PROTEIN";"CHEMBL1145190";"1";"Scientific Literature";"J Med Chem";"2005";"None";"";"";""
"CHEMBL55526";"";"None";"318.81";"0";"2.75";"4b";"CCc1nc(N)nc(N)c1-c1ccc(Cl)c(/N=C/N(C)C)c1";"IC50";"'='";"1600.0";"nM";"5.80";"";"";"UO_0000065";"18.18";"0.36";"3.05";"6.20";"0";"CHEMBL664912";"Inhibitory concentration against Toxoplasma gondii dihydrofolate reductase";"B";"BAO_0000357";"single protein format";"Toxoplasma gondii";"None";"None";"None";"None";"";"";"";"CHEMBL2425";"Dihydrofolate reductase";"Toxoplasma gondii";"SINGLE PROTEIN";"CHEMBL1130062";"1";"Scientific Literature";"J Med Chem";"1997";"None";"";"";""
"CHEMBL119";"TRIMETREXATE";"4.0";"369.43";"0";"2.74";"Trimetrexate";"COc1cc(NCc2ccc3nc(N)nc(N)c3c2C)cc(OC)c1OC";"IC50";"'='";"10.0";"nM";"8.00";"";"";"UO_0000065";"21.65";"0.40";"5.26";"6.81";"1";"CHEMBL664917";"Inhibitory activity against Dihydrofolate reductase from Toxoplasma gondii (tgDHFR)";"B";"BAO_0000357";"single protein format";"Toxoplasma gondii";"None";"None";"None";"None";"";"";"";"CHEMBL2425";"Dihydrofolate reductase";"Toxoplasma gondii";"SINGLE PROTEIN";"CHEMBL1131583";"1";"Scientific Literature";"J Med Chem";"1998";"None";"";"";""
"CHEMBL120826";"";"None";"295.39";"0";"1.81";"18";"Nc1nc(N)c2c(n1)CCC(CN1CCc3ccccc31)C2";"IC50";"'='";"27.0";"nM";"7.57";"";"";"UO_0000065";"25.62";"0.47";"5.76";"9.34";"0";"CHEMBL665604";"Inhibitory activity against purified DHFR (Dihydrofolate reductase) from Toxoplasma gondii.";"B";"BAO_0000357";"single protein format";"Toxoplasma gondii";"None";"None";"None";"None";"";"";"";"CHEMBL2425";"Dihydrofolate reductase";"Toxoplasma gondii";"SINGLE PROTEIN";"CHEMBL1128550";"1";"Scientific Literature";"J Med Chem";"1995";"None";"";"";""
"CHEMBL357973";"";"None";"366.43";"0";"1.76";"6";"COc1cc(CN2CCc3nc4nc(N)nc(N)c4cc3C2)cc(OC)c1";"IC50";"'='";"2700.0";"nM";"5.57";"";"";"UO_0000065";"15.20";"0.28";"3.81";"4.95";"0";"CHEMBL665701";"Inhibitory activity against Toxoplasma gondii (tg) Dihydrofolate reductase (DHFR)";"B";"BAO_0000357";"single protein format";"Toxoplasma gondii";"None";"None";"None";"None";"";"";"";"CHEMBL2425";"Dihydrofolate reductase";"Toxoplasma gondii";"SINGLE PROTEIN";"CHEMBL1135650";"1";"Scientific Literature";"J Med Chem";"2002";"None";"";"";""
"CHEMBL23288";"";"None";"356.39";"0";"1.83";"2";"COc1cc(NCc2cnc3nc(N)nc(N)c3c2)cc(OC)c1OC";"IC50";"'='";"300.0";"nM";"6.52";"";"";"UO_0000065";"18.30";"0.34";"4.69";"5.00";"0";"CHEMBL665591";"Inhibitory concentration against Dihydrofolate reductase from Toxoplasma gondii (tg)";"B";"BAO_0000357";"single protein format";"Toxoplasma gondii";"None";"None";"None";"None";"";"";"";"CHEMBL2425";"Dihydrofolate reductase";"Toxoplasma gondii";"SINGLE PROTEIN";"CHEMBL1129937";"1";"Scientific Literature";"J Med Chem";"1997";"None";"";"";""
"CHEMBL309792";"";"None";"384.39";"0";"2.18";"5a";"COc1ccc(C(=O)OCc2ccc3nc(N)nc(N)c3c2)c(OC)c1OC";"IC50";"'='";"140.0";"nM";"6.85";"";"";"UO_0000065";"17.83";"0.33";"4.67";"5.20";"0";"CHEMBL665597";"Inhibitory concentration against dihydrofolate reductase DHFR from Toxoplasma gondii";"B";"BAO_0000357";"single protein format";"Toxoplasma gondii";"None";"None";"None";"None";"";"";"";"CHEMBL2425";"Dihydrofolate reductase";"Toxoplasma gondii";"SINGLE PROTEIN";"CHEMBL1134533";"1";"Scientific Literature";"J Med Chem";"2001";"None";"";"";""
"CHEMBL286700";"";"None";"266.31";"0";"1.80";"9";"Nc1nc(N)c2cc(NCc3ccccc3)cnc2n1";"IC50";"'='";"520.0";"nM";"6.28";"";"";"UO_0000065";"23.60";"0.43";"4.48";"6.12";"0";"CHEMBL665616";"Inhibitory activity against Toxoplasma gondii dihydrofolate reductase (in 90 uM dihydrofolic acid)";"B";"BAO_0000357";"single protein format";"Toxoplasma gondii";"None";"None";"None";"None";"";"";"";"CHEMBL2425";"Dihydrofolate reductase";"Toxoplasma gondii";"SINGLE PROTEIN";"CHEMBL1129539";"1";"Scientific Literature";"J Med Chem";"1996";"None";"";"";""
"CHEMBL223569";"";"None";"342.40";"0";"2.13";"38(S)";"COc1cc([C@H](C)C#Cc2c(C)nc(N)nc2N)cc(OC)c1OC";"IC50";"'='";"13.0";"nM";"7.89";"";"";"UO_0000065";"23.03";"0.43";"5.76";"7.47";"0";"CHEMBL919380";"Inhibition of Toxoplasma gondii DHFR-TS";"B";"BAO_0000357";"single protein format";"Toxoplasma gondii";"None";"None";"None";"None";"";"";"";"CHEMBL2425";"Dihydrofolate reductase";"Toxoplasma gondii";"SINGLE PROTEIN";"CHEMBL1142238";"1";"Scientific Literature";"J Med Chem";"2007";"None";"";"";""
"CHEMBL22";"TRIMETHOPRIM";"4.0";"290.32";"0";"1.26";"2";"COc1cc(Cc2cnc(N)nc2N)cc(OC)c1OC";"Activity";"'='";"0.33";"";"";"";"";"";"";"";"";"";"0";"CHEMBL919382";"Ligand efficiency at Toxoplasma gondii DHFR-TS";"B";"BAO_0000357";"single protein format";"Toxoplasma gondii";"None";"None";"None";"None";"";"";"";"CHEMBL2425";"Dihydrofolate reductase";"Toxoplasma gondii";"SINGLE PROTEIN";"CHEMBL1142238";"1";"Scientific Literature";"J Med Chem";"2007";"None";"";"";""
"CHEMBL89528";"";"None";"314.78";"0";"2.48";"8";"CN(Cc1ccc2nc(N)nc(N)c2n1)c1ccc(Cl)cc1";"IC50";"'='";"15.0";"nM";"7.82";"";"";"UO_0000065";"24.86";"0.49";"5.34";"8.33";"0";"CHEMBL664909";"Concentration inhibiting Toxoplasma gondii dihydrofolate reductase";"B";"BAO_0000357";"single protein format";"Toxoplasma gondii";"None";"None";"None";"None";"";"";"";"CHEMBL2425";"Dihydrofolate reductase";"Toxoplasma gondii";"SINGLE PROTEIN";"CHEMBL1128717";"1";"Scientific Literature";"J Med Chem";"1995";"None";"";"";""
"CHEMBL422395";"";"None";"477.48";"0";"1.19";"PDDF";"C#CCN(Cc1ccc2[nH]c(N)nc(=O)c2c1)c1ccc(C(=O)NC(CCC(=O)O)C(=O)O)cc1";"IC50";"'='";"18.0";"nM";"7.75";"";"";"UO_0000065";"16.22";"0.30";"6.55";"4.33";"0";"CHEMBL914521";"Inhibition of Toxoplasma gondii thymidylate synthase";"B";"BAO_0000357";"single protein format";"Toxoplasma gondii";"None";"None";"None";"None";"";"";"";"CHEMBL2425";"Dihydrofolate reductase";"Toxoplasma gondii";"SINGLE PROTEIN";"CHEMBL1139472";"1";"Scientific Literature";"J Med Chem";"2005";"None";"";"";""
"CHEMBL6696";"";"None";"192.27";"0";"1.16";"9a";"CCC1CCc2nc(N)nc(N)c2C1";"IC50";"'='";"1100.0";"nM";"5.96";"";"";"UO_0000065";"30.99";"0.58";"4.80";"7.66";"0";"CHEMBL665602";"The ability to inhibit Toxoplasma gondii Dihydrofolate reductase was tested";"B";"BAO_0000357";"single protein format";"Toxoplasma gondii";"None";"None";"None";"None";"";"";"";"CHEMBL2425";"Dihydrofolate reductase";"Toxoplasma gondii";"SINGLE PROTEIN";"CHEMBL1132605";"1";"Scientific Literature";"J Med Chem";"1999";"None";"";"";""
"CHEMBL6899";"";"None";"345.40";"0";"1.23";"22";"COc1cc(CN2CCc3nc(N)nc(N)c3C2)cc(OC)c1OC";"IC50";"'='";"200.0";"nM";"6.70";"";"";"UO_0000065";"19.39";"0.37";"5.47";"6.16";"0";"CHEMBL665602";"The ability to inhibit Toxoplasma gondii Dihydrofolate reductase was tested";"B";"BAO_0000357";"single protein format";"Toxoplasma gondii";"None";"None";"None";"None";"";"";"";"CHEMBL2425";"Dihydrofolate reductase";"Toxoplasma gondii";"SINGLE PROTEIN";"CHEMBL1132605";"1";"Scientific Literature";"J Med Chem";"1999";"None";"";"";""
"CHEMBL317618";"";"None";"227.23";"0";"0.58";"16";"Nc1nc(N)c2[nH]c(-c3ccncc3)nc2n1";"IC50";"'='";"20000.0";"nM";"4.70";"";"";"UO_0000065";"20.68";"0.38";"4.12";"3.94";"0";"CHEMBL664911";"Inhibition of Toxoplasma gondii dihydrofolate reductase";"B";"BAO_0000357";"single protein format";"Toxoplasma gondii";"None";"None";"None";"None";"";"";"";"CHEMBL2425";"Dihydrofolate reductase";"Toxoplasma gondii";"SINGLE PROTEIN";"CHEMBL1130150";"1";"Scientific Literature";"J Med Chem";"1997";"None";"";"";""
"CHEMBL114058";"";"None";"355.40";"0";"2.43";"9";"COc1cc(OC)c(CNc2ccc3nc(N)nc(N)c3c2)c(OC)c1";"IC50";"'='";"750.0";"nM";"6.12";"";"";"UO_0000065";"17.23";"0.32";"3.69";"5.21";"0";"CHEMBL665585";"Inhibition of recombinant Dihydrofolate reductase from Toxoplasma gondii (tgDHFR)";"B";"BAO_0000357";"single protein format";"Toxoplasma gondii";"None";"None";"None";"None";"";"";"";"CHEMBL2425";"Dihydrofolate reductase";"Toxoplasma gondii";"SINGLE PROTEIN";"CHEMBL1131583";"1";"Scientific Literature";"J Med Chem";"1998";"None";"";"";""
"CHEMBL55727";"";"None";"330.40";"0";"2.98";"39";"CN(Cc1ccc2nc(N)nc(N)c2n1)c1ccc2ccccc2c1";"IC50";"'='";"16.0";"nM";"7.80";"";"";"UO_0000065";"23.60";"0.43";"4.82";"8.30";"0";"CHEMBL665702";"Inhibitory activity against Toxoplasma gondii dihydrofolate reductase.";"B";"BAO_0000357";"single protein format";"Toxoplasma gondii";"None";"None";"None";"None";"";"";"";"CHEMBL2425";"Dihydrofolate reductase";"Toxoplasma gondii";"SINGLE PROTEIN";"CHEMBL1129583";"1";"Scientific Literature";"J Med Chem";"1996";"None";"";"";""
"CHEMBL283518";"";"None";"340.39";"0";"2.13";"16";"COc1ccc(NCc2cnc3nc(N)nc(N)c3c2C)cc1OC";"IC50";"'='";"8.8";"nM";"8.06";"";"";"UO_0000065";"23.67";"0.44";"5.93";"6.65";"1";"CHEMBL828662";"Inhibition of Toxoplasma gondii dihydrofolate reductase";"B";"BAO_0000357";"single protein format";"Toxoplasma gondii";"None";"None";"None";"None";"";"";"";"CHEMBL2425";"Dihydrofolate reductase";"Toxoplasma gondii";"SINGLE PROTEIN";"CHEMBL1145190";"1";"Scientific Literature";"J Med Chem";"2005";"None";"";"";""
"CHEMBL279983";"";"None";"340.39";"0";"2.13";"17";"COc1ccc(NCc2cnc3nc(N)nc(N)c3c2C)c(OC)c1";"IC50";"'='";"56.49";"nM";"7.25";"";"";"UO_0000065";"21.29";"0.40";"5.12";"5.98";"1";"CHEMBL830839";"Inhibition of Toxoplasma gondii dihydrofolate reductase";"B";"BAO_0000357";"single protein format";"Toxoplasma gondii";"None";"None";"None";"None";"";"";"";"CHEMBL2425";"Dihydrofolate reductase";"Toxoplasma gondii";"SINGLE PROTEIN";"CHEMBL1145190";"1";"Scientific Literature";"J Med Chem";"2005";"None";"";"";""
"CHEMBL23569";"";"None";"340.39";"0";"2.13";"18";"COc1cc(NCc2cnc3nc(N)nc(N)c3c2C)cc(OC)c1";"IC50";"'='";"4.8";"nM";"8.32";"";"";"UO_0000065";"24.44";"0.45";"6.19";"6.86";"1";"CHEMBL828662";"Inhibition of Toxoplasma gondii dihydrofolate reductase";"B";"BAO_0000357";"single protein format";"Toxoplasma gondii";"None";"None";"None";"None";"";"";"";"CHEMBL2425";"Dihydrofolate reductase";"Toxoplasma gondii";"SINGLE PROTEIN";"CHEMBL1145190";"1";"Scientific Literature";"J Med Chem";"2005";"None";"";"";""
"CHEMBL142741";"";"None";"370.41";"0";"1.85";"25";"COc1cc(N(C)Cc2cnc3nc(N)nc(N)c3c2)cc(OC)c1OC";"IC50";"'='";"8.999";"nM";"8.05";"";"";"UO_0000065";"21.72";"0.41";"6.20";"6.61";"0";"CHEMBL830839";"Inhibition of Toxoplasma gondii dihydrofolate reductase";"B";"BAO_0000357";"single protein format";"Toxoplasma gondii";"None";"None";"None";"None";"";"";"";"CHEMBL2425";"Dihydrofolate reductase";"Toxoplasma gondii";"SINGLE PROTEIN";"CHEMBL1145190";"1";"Scientific Literature";"J Med Chem";"2005";"None";"";"";""
"CHEMBL23844";"";"None";"382.47";"0";"2.93";"13";"CCOc1ccc(OCC)c(N(C)Cc2cnc3nc(N)nc(N)c3c2C)c1";"IC50";"'='";"100.0";"nM";"7.00";"";"";"UO_0000065";"18.30";"0.34";"4.07";"6.23";"1";"CHEMBL828662";"Inhibition of Toxoplasma gondii dihydrofolate reductase";"B";"BAO_0000357";"single protein format";"Toxoplasma gondii";"None";"None";"None";"None";"";"";"";"CHEMBL2425";"Dihydrofolate reductase";"Toxoplasma gondii";"SINGLE PROTEIN";"CHEMBL1145190";"1";"Scientific Literature";"J Med Chem";"2005";"None";"";"";""
"CHEMBL1099117";"";"None";"306.32";"0";"1.25";"11a";"COc1cc(COc2cc(N)nc(N)n2)cc(OC)c1OC";"Activity";"'='";"145.27";"uM";"";"";"";"UO_0000064";"";"";"";"";"0";"CHEMBL1108182";"Inhibition of Toxoplasma gondii DHFR by continuous spectrophotometric assay";"B";"BAO_0000357";"single protein format";"Toxoplasma gondii";"None";"None";"None";"None";"";"";"";"CHEMBL2425";"Dihydrofolate reductase";"Toxoplasma gondii";"SINGLE PROTEIN";"CHEMBL1157930";"1";"Scientific Literature";"Bioorg Med Chem";"2010";"None";"";"";""
"CHEMBL78951";"";"None";"192.18";"0";"-0.92";"18d";"Nc1nc(N)c2nc(CO)cnc2n1";"Inhibition";"'='";"12.0";"%";"";"";"";"UO_0000187";"";"";"";"";"0";"CHEMBL665608";"Inhibitory activity against dihydrofolate reductase DHFR from Toxoplasma gondii at 51 uM concentration";"B";"BAO_0000357";"single protein format";"Toxoplasma gondii";"None";"None";"None";"None";"";"";"";"CHEMBL2425";"Dihydrofolate reductase";"Toxoplasma gondii";"SINGLE PROTEIN";"CHEMBL1134533";"1";"Scientific Literature";"J Med Chem";"2001";"None";"";"";""
"CHEMBL610181";"";"None";"296.33";"0";"2.96";"1a";"COc1ccccc1/C(C)=C/c1coc2nc(N)nc(N)c12";"IC50";"'='";"4000.0";"nM";"5.40";"";"";"UO_0000065";"18.22";"0.34";"2.44";"5.39";"0";"CHEMBL1038908";"Inhibition of Toxoplasma gondii DHFR in presence of saturating levels of NADPH and DHFA";"B";"BAO_0000357";"single protein format";"Toxoplasma gondii";"None";"None";"None";"None";"";"";"";"CHEMBL2425";"Dihydrofolate reductase";"Toxoplasma gondii";"SINGLE PROTEIN";"CHEMBL1152608";"1";"Scientific Literature";"Bioorg Med Chem";"2009";"None";"";"";""
"CHEMBL595497";"";"None";"324.38";"0";"3.57";"2";"CCCC(=Cc1coc2nc(=N)[nH]c(N)c12)c1ccccc1OC";"IC50";"'='";"11800.0";"nM";"4.93";"";"";"UO_0000065";"15.19";"0.28";"1.36";"4.88";"0";"CHEMBL1038908";"Inhibition of Toxoplasma gondii DHFR in presence of saturating levels of NADPH and DHFA";"B";"BAO_0000357";"single protein format";"Toxoplasma gondii";"None";"None";"None";"None";"";"";"";"CHEMBL2425";"Dihydrofolate reductase";"Toxoplasma gondii";"SINGLE PROTEIN";"CHEMBL1152608";"1";"Scientific Literature";"Bioorg Med Chem";"2009";"None";"";"";""
"CHEMBL604879";"";"None";"338.41";"0";"3.96";"5";"CCCCC(=Cc1coc2nc(=N)[nH]c(N)c12)c1ccccc1OC";"IC50";"'='";"30300.0";"nM";"4.52";"";"";"UO_0000065";"13.35";"0.25";"0.56";"4.48";"0";"CHEMBL1038908";"Inhibition of Toxoplasma gondii DHFR in presence of saturating levels of NADPH and DHFA";"B";"BAO_0000357";"single protein format";"Toxoplasma gondii";"None";"None";"None";"None";"";"";"";"CHEMBL2425";"Dihydrofolate reductase";"Toxoplasma gondii";"SINGLE PROTEIN";"CHEMBL1152608";"1";"Scientific Literature";"Bioorg Med Chem";"2009";"None";"";"";""
"CHEMBL291239";"";"None";"297.39";"0";"2.79";"13b";"Cc1c(CSc2ccccc2)cnc2nc(N)nc(N)c12";"IC50";"'='";"34.0";"nM";"7.47";"";"";"UO_0000065";"25.11";"0.49";"4.68";"8.23";"0";"CHEMBL665590";"Inhibitory activity against Toxoplasma gondii dihydrofolate reductase";"B";"BAO_0000357";"single protein format";"Toxoplasma gondii";"None";"None";"None";"None";"";"";"";"CHEMBL2425";"Dihydrofolate reductase";"Toxoplasma gondii";"SINGLE PROTEIN";"CHEMBL1129525";"1";"Scientific Literature";"J Med Chem";"1996";"None";"";"";""
"CHEMBL274278";"";"None";"324.17";"0";"3.31";"2";"Nc1nc(N)c2c(CNc3ccc(Cl)c(Cl)c3)coc2n1";"IC50";"'='";"89125.09";"nM";"4.05";"";"";"UO_0000065";"12.49";"0.26";"0.74";"3.93";"0";"CHEMBL1071424";"Inhibition of Toxoplasma gondii DHFR by spectrophotometric assay";"B";"BAO_0000357";"single protein format";"Toxoplasma gondii";"None";"None";"None";"None";"";"";"";"CHEMBL2425";"Dihydrofolate reductase";"Toxoplasma gondii";"SINGLE PROTEIN";"CHEMBL1156926";"1";"Scientific Literature";"Bioorg Med Chem";"2010";"None";"";"";""
"CHEMBL68673";"";"None";"284.32";"0";"1.74";"5";"COc1ccc(NCc2c[nH]c3nc(N)nc(N)c23)cc1";"IC50";"'='";"6025.6";"nM";"5.22";"";"";"UO_0000065";"18.36";"0.34";"3.48";"4.54";"1";"CHEMBL1071424";"Inhibition of Toxoplasma gondii DHFR by spectrophotometric assay";"B";"BAO_0000357";"single protein format";"Toxoplasma gondii";"None";"None";"None";"None";"";"";"";"CHEMBL2425";"Dihydrofolate reductase";"Toxoplasma gondii";"SINGLE PROTEIN";"CHEMBL1156926";"1";"Scientific Literature";"Bioorg Med Chem";"2010";"None";"";"";""
"CHEMBL103203";"";"None";"302.34";"0";"2.85";"30";"Nc1nc(N)c2nc(-c3ccc(-c4ccccc4)cc3)[nH]c2n1";"IC50";"'='";"33113.11";"nM";"4.48";"";"";"UO_0000065";"14.82";"0.27";"1.63";"4.21";"0";"CHEMBL1071424";"Inhibition of Toxoplasma gondii DHFR by spectrophotometric assay";"B";"BAO_0000357";"single protein format";"Toxoplasma gondii";"None";"None";"None";"None";"";"";"";"CHEMBL2425";"Dihydrofolate reductase";"Toxoplasma gondii";"SINGLE PROTEIN";"CHEMBL1156926";"1";"Scientific Literature";"Bioorg Med Chem";"2010";"None";"";"";""
"CHEMBL105020";"";"None";"302.29";"0";"0.91";"28";"COc1cc(-c2nc3c(N)nc(N)nc3[nH]2)cc(OC)c1O";"IC50";"'='";"1000.0";"nM";"6.00";"";"";"UO_0000065";"19.85";"0.37";"5.09";"4.13";"1";"CHEMBL1071424";"Inhibition of Toxoplasma gondii DHFR by spectrophotometric assay";"B";"BAO_0000357";"single protein format";"Toxoplasma gondii";"None";"None";"None";"None";"";"";"";"CHEMBL2425";"Dihydrofolate reductase";"Toxoplasma gondii";"SINGLE PROTEIN";"CHEMBL1156926";"1";"Scientific Literature";"Bioorg Med Chem";"2010";"None";"";"";""
"CHEMBL105906";"";"None";"276.30";"0";"2.34";"31";"Nc1nc(N)c2nc(-c3ccc4ccccc4c3)[nH]c2n1";"IC50";"'='";"27000.0";"nM";"4.57";"";"";"UO_0000065";"16.54";"0.30";"2.23";"4.29";"1";"CHEMBL1071424";"Inhibition of Toxoplasma gondii DHFR by spectrophotometric assay";"B";"BAO_0000357";"single protein format";"Toxoplasma gondii";"None";"None";"None";"None";"";"";"";"CHEMBL2425";"Dihydrofolate reductase";"Toxoplasma gondii";"SINGLE PROTEIN";"CHEMBL1156926";"1";"Scientific Literature";"Bioorg Med Chem";"2010";"None";"";"";""
"CHEMBL105323";"";"None";"286.30";"0";"1.20";"24";"COc1cc(OC)cc(-c2nc3c(N)nc(N)nc3[nH]2)c1";"IC50";"'='";"3000.0";"nM";"5.52";"";"";"UO_0000065";"19.29";"0.36";"4.32";"4.42";"1";"CHEMBL1071424";"Inhibition of Toxoplasma gondii DHFR by spectrophotometric assay";"B";"BAO_0000357";"single protein format";"Toxoplasma gondii";"None";"None";"None";"None";"";"";"";"CHEMBL2425";"Dihydrofolate reductase";"Toxoplasma gondii";"SINGLE PROTEIN";"CHEMBL1156926";"1";"Scientific Literature";"Bioorg Med Chem";"2010";"None";"";"";""
"CHEMBL596969";"";"None";"389.42";"0";"3.93";"51";"COc1cc2oc3ccccc3c2cc1N(C)Cc1coc2nc(N)nc(N)c12";"IC50";"'='";"392000.0";"nM";"";"Outside typical range";"";"UO_0000065";"";"";"";"";"0";"CHEMBL1071424";"Inhibition of Toxoplasma gondii DHFR by spectrophotometric assay";"B";"BAO_0000357";"single protein format";"Toxoplasma gondii";"None";"None";"None";"None";"";"";"";"CHEMBL2425";"Dihydrofolate reductase";"Toxoplasma gondii";"SINGLE PROTEIN";"CHEMBL1156926";"1";"Scientific Literature";"Bioorg Med Chem";"2010";"None";"";"";""
"CHEMBL605782";"";"None";"325.44";"0";"3.46";"69";"Cc1[nH]c2nc(N)nc(N)c2c1Sc1ccc2c(c1)CCCC2";"IC50";"'='";"30902.95";"nM";"4.51";"";"";"UO_0000065";"13.86";"0.27";"1.05";"4.82";"0";"CHEMBL1071424";"Inhibition of Toxoplasma gondii DHFR by spectrophotometric assay";"B";"BAO_0000357";"single protein format";"Toxoplasma gondii";"None";"None";"None";"None";"";"";"";"CHEMBL2425";"Dihydrofolate reductase";"Toxoplasma gondii";"SINGLE PROTEIN";"CHEMBL1156926";"1";"Scientific Literature";"Bioorg Med Chem";"2010";"None";"";"";""
"CHEMBL22";"TRIMETHOPRIM";"4.0";"290.32";"0";"1.26";"Trimethoprim";"COc1cc(Cc2cnc(N)nc2N)cc(OC)c1OC";"IC50";"'='";"2700.0";"nM";"5.57";"";"";"UO_0000065";"19.18";"0.36";"4.31";"5.28";"1";"CHEMBL664917";"Inhibitory activity against Dihydrofolate reductase from Toxoplasma gondii (tgDHFR)";"B";"BAO_0000357";"single protein format";"Toxoplasma gondii";"None";"None";"None";"None";"";"";"";"CHEMBL2425";"Dihydrofolate reductase";"Toxoplasma gondii";"SINGLE PROTEIN";"CHEMBL1131583";"1";"Scientific Literature";"J Med Chem";"1998";"None";"";"";""
"CHEMBL22";"TRIMETHOPRIM";"4.0";"290.32";"0";"1.26";"2";"COc1cc(Cc2cnc(N)nc2N)cc(OC)c1OC";"IC50";"'='";"8000.0";"nM";"5.10";"";"";"UO_0000065";"17.56";"0.33";"3.84";"4.83";"0";"CHEMBL919380";"Inhibition of Toxoplasma gondii DHFR-TS";"B";"BAO_0000357";"single protein format";"Toxoplasma gondii";"None";"None";"None";"None";"";"";"";"CHEMBL2425";"Dihydrofolate reductase";"Toxoplasma gondii";"SINGLE PROTEIN";"CHEMBL1142238";"1";"Scientific Literature";"J Med Chem";"2007";"None";"";"";""
"CHEMBL220936";"";"None";"344.37";"0";"1.41";"27";"COc1cc(C(C#Cc2cnc(N)nc2N)OC)cc(OC)c1OC";"IC50";"'='";"9800.0";"nM";"5.01";"";"";"UO_0000065";"14.54";"0.27";"3.60";"4.37";"0";"CHEMBL919380";"Inhibition of Toxoplasma gondii DHFR-TS";"B";"BAO_0000357";"single protein format";"Toxoplasma gondii";"None";"None";"None";"None";"";"";"";"CHEMBL2425";"Dihydrofolate reductase";"Toxoplasma gondii";"SINGLE PROTEIN";"CHEMBL1142238";"1";"Scientific Literature";"J Med Chem";"2007";"None";"";"";""
"CHEMBL220159";"";"None";"328.37";"0";"1.57";"16";"COc1cc(CC#Cc2c(C)nc(N)nc2N)cc(OC)c1OC";"Activity";"'='";"0.35";"";"";"";"";"";"";"";"";"";"0";"CHEMBL919384";"Ligand efficiency at Toxoplasma gondii DHFR-TS relative to TMP";"B";"BAO_0000357";"single protein format";"Toxoplasma gondii";"None";"None";"None";"None";"";"";"";"CHEMBL2425";"Dihydrofolate reductase";"Toxoplasma gondii";"SINGLE PROTEIN";"CHEMBL1142238";"1";"Scientific Literature";"J Med Chem";"2007";"None";"";"";""
"CHEMBL49454";"";"None";"408.46";"0";"2.16";"21";"C#CCN(Cc1cnc2nc(N)nc(N)c2c1C)c1cc(OC)c(OC)c(OC)c1";"IC50";"'='";"7.7";"nM";"8.11";"";"";"UO_0000065";"19.86";"0.37";"5.95";"6.67";"1";"CHEMBL830839";"Inhibition of Toxoplasma gondii dihydrofolate reductase";"B";"BAO_0000357";"single protein format";"Toxoplasma gondii";"None";"None";"None";"None";"";"";"";"CHEMBL2425";"Dihydrofolate reductase";"Toxoplasma gondii";"SINGLE PROTEIN";"CHEMBL1145190";"1";"Scientific Literature";"J Med Chem";"2005";"None";"";"";""
"CHEMBL23713";"";"None";"324.39";"0";"2.43";"13l";"COc1ccc(C)c(NCc2cnc3nc(N)nc(N)c3c2C)c1";"IC50";"'='";"23.0";"nM";"7.64";"";"";"UO_0000065";"23.55";"0.43";"5.21";"6.82";"0";"CHEMBL665590";"Inhibitory activity against Toxoplasma gondii dihydrofolate reductase";"B";"BAO_0000357";"single protein format";"Toxoplasma gondii";"None";"None";"None";"None";"";"";"";"CHEMBL2425";"Dihydrofolate reductase";"Toxoplasma gondii";"SINGLE PROTEIN";"CHEMBL1129525";"1";"Scientific Literature";"J Med Chem";"1996";"None";"";"";""
"CHEMBL331456";"";"None";"340.24";"0";"3.89";"65";"Cc1c(Sc2ccc(Cl)cc2Cl)[nH]c2nc(N)nc(N)c12";"IC50";"'='";"20000.0";"nM";"4.70";"";"";"UO_0000065";"13.81";"0.31";"0.81";"5.02";"1";"CHEMBL1071424";"Inhibition of Toxoplasma gondii DHFR by spectrophotometric assay";"B";"BAO_0000357";"single protein format";"Toxoplasma gondii";"None";"None";"None";"None";"";"";"";"CHEMBL2425";"Dihydrofolate reductase";"Toxoplasma gondii";"SINGLE PROTEIN";"CHEMBL1156926";"1";"Scientific Literature";"Bioorg Med Chem";"2010";"None";"";"";""
"CHEMBL604090";"";"None";"348.43";"0";"4.35";"54";"Nc1nc(N)c2c(CSc3cccc(-c4ccccc4)c3)coc2n1";"IC50";"'='";"23000.0";"nM";"4.64";"";"";"UO_0000065";"13.31";"0.25";"0.29";"5.10";"0";"CHEMBL1071424";"Inhibition of Toxoplasma gondii DHFR by spectrophotometric assay";"B";"BAO_0000357";"single protein format";"Toxoplasma gondii";"None";"None";"None";"None";"";"";"";"CHEMBL2425";"Dihydrofolate reductase";"Toxoplasma gondii";"SINGLE PROTEIN";"CHEMBL1156926";"1";"Scientific Literature";"Bioorg Med Chem";"2010";"None";"";"";""
"CHEMBL23846";"";"None";"305.34";"0";"3.15";"39";"Nc1nc(N)c2c(CNc3cccc4ccccc34)coc2n1";"IC50";"'='";"37000.0";"nM";"4.43";"";"";"UO_0000065";"14.51";"0.26";"1.28";"4.30";"1";"CHEMBL1071424";"Inhibition of Toxoplasma gondii DHFR by spectrophotometric assay";"B";"BAO_0000357";"single protein format";"Toxoplasma gondii";"None";"None";"None";"None";"";"";"";"CHEMBL2425";"Dihydrofolate reductase";"Toxoplasma gondii";"SINGLE PROTEIN";"CHEMBL1156926";"1";"Scientific Literature";"Bioorg Med Chem";"2010";"None";"";"";""
"CHEMBL85576";"";"None";"496.02";"1";"5.22";"10b";"CCc1nc(N)nc(N)c1-c1ccc(Cl)c(/N=N/N(CCOC(=O)C(C)C)Cc2ccccc2)c1";"IC50";"'='";"660.0";"nM";"6.18";"";"";"UO_0000065";"12.46";"0.24";"0.96";"4.68";"0";"CHEMBL664922";"Inhibitory activity against dihydrofolate reductase DHFR in Toxoplasma gondii.";"B";"BAO_0000357";"single protein format";"Toxoplasma gondii";"None";"None";"None";"None";"";"";"";"CHEMBL2425";"Dihydrofolate reductase";"Toxoplasma gondii";"SINGLE PROTEIN";"CHEMBL1134547";"1";"Scientific Literature";"J Med Chem";"2001";"None";"";"";""
"CHEMBL55656";"";"None";"333.42";"0";"3.63";"81";"Nc1nc(N)c2nc(CSc3cccc4ccccc34)ccc2n1";"IC50";"'='";"49.0";"nM";"7.31";"";"";"UO_0000065";"21.92";"0.42";"3.68";"8.06";"1";"CHEMBL828662";"Inhibition of Toxoplasma gondii dihydrofolate reductase";"B";"BAO_0000357";"single protein format";"Toxoplasma gondii";"None";"None";"None";"None";"";"";"";"CHEMBL2425";"Dihydrofolate reductase";"Toxoplasma gondii";"SINGLE PROTEIN";"CHEMBL1145190";"1";"Scientific Literature";"J Med Chem";"2005";"None";"";"";""
"CHEMBL32635";"";"None";"316.37";"0";"2.95";"175";"Nc1nc(N)c2cc(NCc3cccc4ccccc34)cnc2n1";"IC50";"'='";"980.0";"nM";"6.01";"";"";"UO_0000065";"18.99";"0.34";"3.06";"5.85";"1";"CHEMBL828662";"Inhibition of Toxoplasma gondii dihydrofolate reductase";"B";"BAO_0000357";"single protein format";"Toxoplasma gondii";"None";"None";"None";"None";"";"";"";"CHEMBL2425";"Dihydrofolate reductase";"Toxoplasma gondii";"SINGLE PROTEIN";"CHEMBL1145190";"1";"Scientific Literature";"J Med Chem";"2005";"None";"";"";""
"CHEMBL32635";"";"None";"316.37";"0";"2.95";"175";"Nc1nc(N)c2cc(NCc3cccc4ccccc34)cnc2n1";"IC50";"'='";"979.94";"nM";"6.01";"";"";"UO_0000065";"18.99";"0.34";"3.06";"5.85";"0";"CHEMBL830839";"Inhibition of Toxoplasma gondii dihydrofolate reductase";"B";"BAO_0000357";"single protein format";"Toxoplasma gondii";"None";"None";"None";"None";"";"";"";"CHEMBL2425";"Dihydrofolate reductase";"Toxoplasma gondii";"SINGLE PROTEIN";"CHEMBL1145190";"1";"Scientific Literature";"J Med Chem";"2005";"None";"";"";""
"CHEMBL34259";"METHOTREXATE";"4.0";"454.45";"0";"0.27";"MTX";"CN(Cc1cnc2nc(N)nc(N)c2n1)c1ccc(C(=O)N[C@@H](CCC(=O)O)C(=O)O)cc1";"IC50";"'='";"22.0";"nM";"7.66";"";"";"UO_0000065";"16.85";"0.32";"7.39";"3.64";"1";"CHEMBL665599";"Inhibitory concentration against isolated Toxoplasma gondii DHFR (dihydrofolate reductase)";"B";"BAO_0000357";"single protein format";"Toxoplasma gondii";"None";"None";"None";"None";"";"";"";"CHEMBL2425";"Dihydrofolate reductase";"Toxoplasma gondii";"SINGLE PROTEIN";"CHEMBL1133086";"1";"Scientific Literature";"J Med Chem";"2000";"None";"";"";""
"CHEMBL279983";"";"None";"340.39";"0";"2.13";"17";"COc1ccc(NCc2cnc3nc(N)nc(N)c3c2C)c(OC)c1";"IC50";"'='";"56.5";"nM";"7.25";"";"";"UO_0000065";"21.29";"0.40";"5.12";"5.98";"1";"CHEMBL828662";"Inhibition of Toxoplasma gondii dihydrofolate reductase";"B";"BAO_0000357";"single protein format";"Toxoplasma gondii";"None";"None";"None";"None";"";"";"";"CHEMBL2425";"Dihydrofolate reductase";"Toxoplasma gondii";"SINGLE PROTEIN";"CHEMBL1145190";"1";"Scientific Literature";"J Med Chem";"2005";"None";"";"";""
"CHEMBL82975";"";"None";"363.25";"0";"3.44";"5b";"Cc1c(CN(C)c2ccc(Cl)c(Cl)c2)cnc2nc(N)nc(N)c12";"IC50";"'='";"27.0";"nM";"7.57";"";"";"UO_0000065";"20.84";"0.43";"4.13";"8.06";"1";"CHEMBL830839";"Inhibition of Toxoplasma gondii dihydrofolate reductase";"B";"BAO_0000357";"single protein format";"Toxoplasma gondii";"None";"None";"None";"None";"";"";"";"CHEMBL2425";"Dihydrofolate reductase";"Toxoplasma gondii";"SINGLE PROTEIN";"CHEMBL1145190";"1";"Scientific Literature";"J Med Chem";"2005";"None";"";"";""
"CHEMBL123276";"";"None";"348.25";"0";"2.62";"15";"Nc1nc(N)c2c(n1)CCC(CNc1cccc(Br)c1)C2";"IC50";"'='";"30.0";"nM";"7.52";"";"";"UO_0000065";"21.60";"0.49";"4.90";"8.37";"0";"CHEMBL665605";"Inhibitory activity against purified Dihydrofolate reductase from Toxoplasma gondii.";"B";"BAO_0000357";"single protein format";"Toxoplasma gondii";"None";"None";"None";"None";"";"";"";"CHEMBL2425";"Dihydrofolate reductase";"Toxoplasma gondii";"SINGLE PROTEIN";"CHEMBL1128550";"1";"Scientific Literature";"J Med Chem";"1995";"None";"";"";""
"CHEMBL123043";"";"None";"317.82";"0";"2.54";"146";"CN(CC1CCc2nc(N)nc(N)c2C1)c1ccc(Cl)cc1";"IC50";"'='";"22.0";"nM";"7.66";"";"";"UO_0000065";"24.09";"0.48";"5.12";"9.45";"1";"CHEMBL828662";"Inhibition of Toxoplasma gondii dihydrofolate reductase";"B";"BAO_0000357";"single protein format";"Toxoplasma gondii";"None";"None";"None";"None";"";"";"";"CHEMBL2425";"Dihydrofolate reductase";"Toxoplasma gondii";"SINGLE PROTEIN";"CHEMBL1145190";"1";"Scientific Literature";"J Med Chem";"2005";"None";"";"";""
"CHEMBL141708";"";"None";"323.36";"0";"2.38";"27";"COc1ccc(/C=C/c2cnc3nc(N)nc(N)c3c2)cc1OC";"IC50";"'='";"1399.59";"nM";"5.85";"";"";"UO_0000065";"18.10";"0.33";"3.47";"5.36";"0";"CHEMBL830839";"Inhibition of Toxoplasma gondii dihydrofolate reductase";"B";"BAO_0000357";"single protein format";"Toxoplasma gondii";"None";"None";"None";"None";"";"";"";"CHEMBL2425";"Dihydrofolate reductase";"Toxoplasma gondii";"SINGLE PROTEIN";"CHEMBL1145190";"1";"Scientific Literature";"J Med Chem";"2005";"None";"";"";""
"CHEMBL337746";"";"None";"331.36";"0";"1.03";"7";"COc1ccccc1S(=O)(=O)c1ccc2nc(N)nc(N)c2n1";"IC50";"'='";"210.0";"nM";"6.68";"";"";"UO_0000065";"20.15";"0.40";"5.65";"4.98";"0";"CHEMBL661507";"Inhibitory activity against dihydrofolate reductase (DHFR) from Toxoplasma gondii";"B";"BAO_0000357";"single protein format";"Toxoplasma gondii";"None";"None";"None";"None";"";"";"";"CHEMBL2425";"Dihydrofolate reductase";"Toxoplasma gondii";"SINGLE PROTEIN";"CHEMBL1131172";"1";"Scientific Literature";"J Med Chem";"1998";"None";"";"";""
"CHEMBL325434";"";"None";"339.40";"0";"2.45";"103";"COc1ccc(OC)c(CN(C)c2ccc3nc(N)nc(N)c3c2)c1";"IC50";"'='";"29.99";"nM";"7.52";"";"";"UO_0000065";"22.17";"0.41";"5.07";"7.56";"0";"CHEMBL830839";"Inhibition of Toxoplasma gondii dihydrofolate reductase";"B";"BAO_0000357";"single protein format";"Toxoplasma gondii";"None";"None";"None";"None";"";"";"";"CHEMBL2425";"Dihydrofolate reductase";"Toxoplasma gondii";"SINGLE PROTEIN";"CHEMBL1145190";"1";"Scientific Literature";"J Med Chem";"2005";"None";"";"";""
"CHEMBL80066";"";"None";"314.78";"0";"2.76";"105";"Cc1c(CNc2cccc(Cl)c2)cnc2nc(N)nc(N)c12";"IC50";"'='";"10.99";"nM";"7.96";"";"";"UO_0000065";"25.28";"0.49";"5.20";"7.75";"0";"CHEMBL830839";"Inhibition of Toxoplasma gondii dihydrofolate reductase";"B";"BAO_0000357";"single protein format";"Toxoplasma gondii";"None";"None";"None";"None";"";"";"";"CHEMBL2425";"Dihydrofolate reductase";"Toxoplasma gondii";"SINGLE PROTEIN";"CHEMBL1145190";"1";"Scientific Literature";"J Med Chem";"2005";"None";"";"";""
"CHEMBL312348";"";"None";"310.36";"0";"2.12";"108";"COc1ccc(NCc2cnc3nc(N)nc(N)c3c2C)cc1";"IC50";"'='";"12.0";"nM";"7.92";"";"";"UO_0000065";"25.52";"0.47";"5.80";"7.07";"1";"CHEMBL830839";"Inhibition of Toxoplasma gondii dihydrofolate reductase";"B";"BAO_0000357";"single protein format";"Toxoplasma gondii";"None";"None";"None";"None";"";"";"";"CHEMBL2425";"Dihydrofolate reductase";"Toxoplasma gondii";"SINGLE PROTEIN";"CHEMBL1145190";"1";"Scientific Literature";"J Med Chem";"2005";"None";"";"";""
"CHEMBL523004";"";"None";"381.48";"0";"3.62";"12";"CCCCN(Cc1cc(OC)ccc1OC)c1ccc2nc(N)nc(N)c2c1";"IC50";"'='";"7.3";"nM";"8.14";"";"";"UO_0000065";"21.33";"0.40";"4.52";"8.18";"0";"CHEMBL1027390";"Inhibition of Toxoplasma gondii dihydrofolate reductase";"B";"BAO_0000357";"single protein format";"Toxoplasma gondii";"None";"None";"None";"None";"";"";"";"CHEMBL2425";"Dihydrofolate reductase";"Toxoplasma gondii";"SINGLE PROTEIN";"CHEMBL1140088";"1";"Scientific Literature";"J Med Chem";"2008";"None";"";"";""
"CHEMBL64785";"";"None";"315.33";"0";"1.88";"8";"COc1cc(NCc2c[nH]c3nc(N)nc(O)c23)cc(OC)c1";"IC50";"'='";"2600.0";"nM";"5.58";"";"";"UO_0000065";"17.71";"0.33";"3.71";"4.72";"0";"CHEMBL664920";"Inhibitory activity against Toxoplasma gondii dihydrofolate reductase";"B";"BAO_0000357";"single protein format";"Toxoplasma gondii";"None";"None";"None";"None";"";"";"";"CHEMBL2425";"Dihydrofolate reductase";"Toxoplasma gondii";"SINGLE PROTEIN";"CHEMBL1134503";"1";"Scientific Literature";"J Med Chem";"2001";"None";"";"";""
"CHEMBL34293";"";"None";"374.40";"0";"2.34";"29";"COc1ccc(C#Cc2ccc(C(=O)O)cc2)cc1Cc1cnc(N)nc1N";"IC50";"'='";"340.0";"nM";"6.47";"";"";"UO_0000065";"17.28";"0.32";"4.13";"5.20";"0";"CHEMBL665598";"Inhibitory concentration against dihydrofolate reductase of Toxoplasma gondii";"B";"BAO_0000357";"single protein format";"Toxoplasma gondii";"None";"None";"None";"None";"";"";"";"CHEMBL2425";"Dihydrofolate reductase";"Toxoplasma gondii";"SINGLE PROTEIN";"CHEMBL1149100";"1";"Scientific Literature";"J Med Chem";"2004";"None";"";"";""
"CHEMBL56977";"";"None";"454.48";"0";"2.78";"3";"CCC(Cc1coc2nc(N)cc(N)c12)c1ccc(C(=O)NC(CCC(=O)O)C(=O)O)cc1";"IC50";"'='";"1100.0";"nM";"5.96";"";"";"UO_0000065";"13.11";"0.25";"3.18";"3.28";"0";"CHEMBL664914";"Inhibition of Toxoplasma gondii dihydrofolate reductase (DHFR)";"B";"BAO_0000357";"single protein format";"Toxoplasma gondii";"None";"None";"None";"None";"";"";"";"CHEMBL2425";"Dihydrofolate reductase";"Toxoplasma gondii";"SINGLE PROTEIN";"CHEMBL1135938";"1";"Scientific Literature";"J Med Chem";"2002";"None";"";"";""
"CHEMBL23466";"";"None";"365.32";"0";"2.22";"12s";"COc1cc(NCc2cnc3nc(N)nc(N)c3n2)cc(C(F)(F)F)c1";"IC50";"'='";"890.0";"nM";"6.05";"";"";"UO_0000065";"16.56";"0.32";"3.83";"4.85";"0";"CHEMBL665590";"Inhibitory activity against Toxoplasma gondii dihydrofolate reductase";"B";"BAO_0000357";"single protein format";"Toxoplasma gondii";"None";"None";"None";"None";"";"";"";"CHEMBL2425";"Dihydrofolate reductase";"Toxoplasma gondii";"SINGLE PROTEIN";"CHEMBL1129525";"1";"Scientific Literature";"J Med Chem";"1996";"None";"";"";""
"CHEMBL23963";"";"None";"378.36";"0";"3.14";"13s";"COc1cc(NCc2cnc3nc(N)nc(N)c3c2C)cc(C(F)(F)F)c1";"IC50";"'='";"18.0";"nM";"7.75";"";"";"UO_0000065";"20.47";"0.39";"4.60";"6.92";"0";"CHEMBL665590";"Inhibitory activity against Toxoplasma gondii dihydrofolate reductase";"B";"BAO_0000357";"single protein format";"Toxoplasma gondii";"None";"None";"None";"None";"";"";"";"CHEMBL2425";"Dihydrofolate reductase";"Toxoplasma gondii";"SINGLE PROTEIN";"CHEMBL1129525";"1";"Scientific Literature";"J Med Chem";"1996";"None";"";"";""
"CHEMBL23383";"";"None";"308.39";"0";"2.73";"14a";"Cc1ccc(C)c(NCc2cnc3nc(N)nc(N)c3c2C)c1";"IC50";"'='";"16.0";"nM";"7.80";"";"";"UO_0000065";"25.28";"0.46";"5.07";"7.59";"0";"CHEMBL665590";"Inhibitory activity against Toxoplasma gondii dihydrofolate reductase";"B";"BAO_0000357";"single protein format";"Toxoplasma gondii";"None";"None";"None";"None";"";"";"";"CHEMBL2425";"Dihydrofolate reductase";"Toxoplasma gondii";"SINGLE PROTEIN";"CHEMBL1129525";"1";"Scientific Literature";"J Med Chem";"1996";"None";"";"";""
"CHEMBL190807";"";"None";"449.47";"0";"3.23";"19";"Nc1nc(N)c2nc(CN3c4ccccc4C=Cc4c(C#CCC(=O)O)cccc43)cnc2n1";"IC50";"'='";"100.0";"nM";"7.00";"";"";"UO_0000065";"15.57";"0.28";"3.77";"4.86";"0";"CHEMBL827820";"Inhibitory concentration against Toxoplasma gondii DHFR";"B";"BAO_0000357";"single protein format";"Toxoplasma gondii";"None";"None";"None";"None";"";"";"";"CHEMBL2425";"Dihydrofolate reductase";"Toxoplasma gondii";"SINGLE PROTEIN";"CHEMBL1145152";"1";"Scientific Literature";"J Med Chem";"2005";"None";"";"";""
"CHEMBL78022";"";"None";"384.39";"0";"2.18";"3a";"COc1cc(C(=O)OCc2ccc3nc(N)nc(N)c3c2)cc(OC)c1OC";"IC50";"'='";"50.0";"nM";"7.30";"";"";"UO_0000065";"18.99";"0.36";"5.12";"5.54";"0";"CHEMBL665597";"Inhibitory concentration against dihydrofolate reductase DHFR from Toxoplasma gondii";"B";"BAO_0000357";"single protein format";"Toxoplasma gondii";"None";"None";"None";"None";"";"";"";"CHEMBL2425";"Dihydrofolate reductase";"Toxoplasma gondii";"SINGLE PROTEIN";"CHEMBL1134533";"1";"Scientific Literature";"J Med Chem";"2001";"None";"";"";""
"CHEMBL283311";"";"None";"322.39";"0";"3.83";"5";"Nc1nc(N)c2c(CSc3ccc4ccccc4c3)coc2n1";"IC50";"'='";"11600.0";"nM";"4.94";"";"";"UO_0000065";"15.31";"0.29";"1.11";"5.43";"0";"CHEMBL664908";"Inhibitory activity against dihydrofolate reductase from Toxoplasma gondii";"B";"BAO_0000357";"single protein format";"Toxoplasma gondii";"None";"None";"None";"None";"";"";"";"CHEMBL2425";"Dihydrofolate reductase";"Toxoplasma gondii";"SINGLE PROTEIN";"CHEMBL1131327";"1";"Scientific Literature";"J Med Chem";"1998";"None";"";"";""
"CHEMBL22477";"";"None";"306.32";"0";"3.12";"41";"Nc1nc(N)c2c(COc3ccc4ccccc4c3)coc2n1";"IC50";"'>'";"42000.0";"nM";"";"";"";"UO_0000065";"";"";"";"";"1";"CHEMBL1071424";"Inhibition of Toxoplasma gondii DHFR by spectrophotometric assay";"B";"BAO_0000357";"single protein format";"Toxoplasma gondii";"None";"None";"None";"None";"";"";"";"CHEMBL2425";"Dihydrofolate reductase";"Toxoplasma gondii";"SINGLE PROTEIN";"CHEMBL1156926";"1";"Scientific Literature";"Bioorg Med Chem";"2010";"None";"";"";""
"CHEMBL17430";"";"None";"340.24";"0";"3.72";"15";"Nc1nc(N)c2c(CSc3ccc(Cl)c(Cl)c3)c[nH]c2n1";"IC50";"'='";"11481.54";"nM";"4.94";"";"";"UO_0000065";"14.52";"0.32";"1.22";"5.28";"1";"CHEMBL1071424";"Inhibition of Toxoplasma gondii DHFR by spectrophotometric assay";"B";"BAO_0000357";"single protein format";"Toxoplasma gondii";"None";"None";"None";"None";"";"";"";"CHEMBL2425";"Dihydrofolate reductase";"Toxoplasma gondii";"SINGLE PROTEIN";"CHEMBL1156926";"1";"Scientific Literature";"Bioorg Med Chem";"2010";"None";"";"";""
"CHEMBL103474";"";"None";"316.32";"0";"1.21";"21";"COc1cc(OC)c(-c2nc3c(N)nc(N)nc3[nH]2)c(OC)c1";"IC50";"'='";"831.76";"nM";"6.08";"";"";"UO_0000065";"19.22";"0.36";"4.87";"4.53";"0";"CHEMBL1071424";"Inhibition of Toxoplasma gondii DHFR by spectrophotometric assay";"B";"BAO_0000357";"single protein format";"Toxoplasma gondii";"None";"None";"None";"None";"";"";"";"CHEMBL2425";"Dihydrofolate reductase";"Toxoplasma gondii";"SINGLE PROTEIN";"CHEMBL1156926";"1";"Scientific Literature";"Bioorg Med Chem";"2010";"None";"";"";""
"CHEMBL225072";"PEMETREXED";"4.0";"427.42";"1";"0.67";"LY-231514, alimta";"Nc1nc2[nH]cc(CCc3ccc(C(=O)N[C@@H](CCC(=O)O)C(=O)O)cc3)c2c(=O)[nH]1";"IC50";"'='";"460.0";"nM";"6.34";"";"";"UO_0000065";"14.83";"0.28";"5.67";"3.31";"1";"CHEMBL1073058";"Inhibition of Toxoplasma gondii DHFR at 30 degC under pH 7.4 by spectrophotometry";"B";"BAO_0000357";"single protein format";"Toxoplasma gondii";"None";"None";"None";"None";"";"";"";"CHEMBL2425";"Dihydrofolate reductase";"Toxoplasma gondii";"SINGLE PROTEIN";"CHEMBL1159120";"1";"Scientific Literature";"Bioorg Med Chem";"2010";"None";"";"";""
"CHEMBL421594";"";"None";"286.30";"0";"1.20";"26";"COc1ccc(-c2nc3c(N)nc(N)nc3[nH]2)c(OC)c1";"IC50";"'='";"2400.0";"nM";"5.62";"";"";"UO_0000065";"19.63";"0.37";"4.42";"4.50";"1";"CHEMBL1071424";"Inhibition of Toxoplasma gondii DHFR by spectrophotometric assay";"B";"BAO_0000357";"single protein format";"Toxoplasma gondii";"None";"None";"None";"None";"";"";"";"CHEMBL2425";"Dihydrofolate reductase";"Toxoplasma gondii";"SINGLE PROTEIN";"CHEMBL1156926";"1";"Scientific Literature";"Bioorg Med Chem";"2010";"None";"";"";""
"CHEMBL81820";"";"None";"349.23";"0";"3.42";"4a";"Cc1c(CNc2ccc(Cl)c(Cl)c2)cnc2nc(N)nc(N)c12";"IC50";"'='";"28.0";"nM";"7.55";"";"";"UO_0000065";"21.63";"0.45";"4.13";"7.35";"1";"CHEMBL665700";"Inhibition of dihydrofolate reductase (DHFR) from Toxoplasma gondii(tg)";"B";"BAO_0000357";"single protein format";"Toxoplasma gondii";"None";"None";"None";"None";"";"";"";"CHEMBL2425";"Dihydrofolate reductase";"Toxoplasma gondii";"SINGLE PROTEIN";"CHEMBL1132261";"1";"Scientific Literature";"J Med Chem";"1999";"None";"";"";""
"CHEMBL189012";"";"None";"477.53";"0";"4.01";"21";"Nc1nc(N)c2nc(CN3c4ccccc4C=Cc4c(C#CCCCC(=O)O)cccc43)cnc2n1";"IC50";"'='";"21.0";"nM";"7.68";"";"";"UO_0000065";"16.08";"0.29";"3.67";"5.33";"0";"CHEMBL827820";"Inhibitory concentration against Toxoplasma gondii DHFR";"B";"BAO_0000357";"single protein format";"Toxoplasma gondii";"None";"None";"None";"None";"";"";"";"CHEMBL2425";"Dihydrofolate reductase";"Toxoplasma gondii";"SINGLE PROTEIN";"CHEMBL1145152";"1";"Scientific Literature";"J Med Chem";"2005";"None";"";"";""
"CHEMBL190199";"";"None";"411.46";"0";"2.73";"7";"COc1ccc(OCCCCC(=O)O)cc1Cc1cnc2nc(N)nc(N)c2c1C";"IC50";"'='";"2.3";"nM";"8.64";"";"";"UO_0000065";"20.99";"0.39";"5.91";"5.90";"0";"CHEMBL827820";"Inhibitory concentration against Toxoplasma gondii DHFR";"B";"BAO_0000357";"single protein format";"Toxoplasma gondii";"None";"None";"None";"None";"";"";"";"CHEMBL2425";"Dihydrofolate reductase";"Toxoplasma gondii";"SINGLE PROTEIN";"CHEMBL1145152";"1";"Scientific Literature";"J Med Chem";"2005";"None";"";"";""
"CHEMBL420384";"";"None";"372.51";"0";"4.37";"3e";"CCCCCCCCCOc1ccc(OC)c(Cc2cnc(N)nc2N)c1";"IC50";"'='";"32000.0";"nM";"4.50";"";"";"UO_0000065";"12.07";"0.23";"0.12";"4.67";"0";"CHEMBL662241";"Inhibition of partially purified dihydrofolate reductase (DHFR) from Toxoplasma gondii (Tg)";"B";"BAO_0000357";"single protein format";"Toxoplasma gondii";"None";"None";"None";"None";"";"";"";"CHEMBL2425";"Dihydrofolate reductase";"Toxoplasma gondii";"SINGLE PROTEIN";"CHEMBL1135399";"1";"Scientific Literature";"J Med Chem";"2002";"None";"";"";""
"CHEMBL23960";"";"None";"331.38";"0";"3.67";"43";"Nc1nc(N)c2c(CNc3ccccc3-c3ccccc3)coc2n1";"IC50";"'='";"45394.16";"nM";"4.34";"";"";"UO_0000065";"13.11";"0.24";"0.67";"4.22";"0";"CHEMBL830839";"Inhibition of Toxoplasma gondii dihydrofolate reductase";"B";"BAO_0000357";"single protein format";"Toxoplasma gondii";"None";"None";"None";"None";"";"";"";"CHEMBL2425";"Dihydrofolate reductase";"Toxoplasma gondii";"SINGLE PROTEIN";"CHEMBL1145190";"1";"Scientific Literature";"J Med Chem";"2005";"None";"";"";""
"CHEMBL22561";"";"None";"319.37";"0";"3.18";"45";"CN(Cc1coc2nc(N)nc(N)c12)c1ccc2ccccc2c1";"IC50";"'='";"23604.78";"nM";"4.63";"";"";"UO_0000065";"14.49";"0.26";"1.45";"4.91";"0";"CHEMBL830839";"Inhibition of Toxoplasma gondii dihydrofolate reductase";"B";"BAO_0000357";"single protein format";"Toxoplasma gondii";"None";"None";"None";"None";"";"";"";"CHEMBL2425";"Dihydrofolate reductase";"Toxoplasma gondii";"SINGLE PROTEIN";"CHEMBL1145190";"1";"Scientific Literature";"J Med Chem";"2005";"None";"";"";""
"CHEMBL33921";"";"None";"344.42";"0";"2.43";"6";"COc1ccc(CCCCCC(=O)O)cc1Cc1cnc(N)nc1N";"IC50";"'='";"8.4";"nM";"8.08";"";"";"UO_0000065";"23.45";"0.44";"5.65";"6.49";"0";"CHEMBL664919";"Inhibitory activity against Dihydrohydrofolate reductase(DHFR) of Toxoplasma gondii";"B";"BAO_0000357";"single protein format";"Toxoplasma gondii";"None";"None";"None";"None";"";"";"";"CHEMBL2425";"Dihydrofolate reductase";"Toxoplasma gondii";"SINGLE PROTEIN";"CHEMBL1136782";"1";"Scientific Literature";"J Med Chem";"2003";"None";"";"";""
"CHEMBL116816";"";"None";"325.37";"0";"2.42";"3";"COc1ccc(OC)c(CNc2ccc3nc(N)nc(N)c3c2)c1";"IC50";"'='";"160.0";"nM";"6.80";"";"";"UO_0000065";"20.89";"0.39";"4.38";"6.27";"0";"CHEMBL664917";"Inhibitory activity against Dihydrofolate reductase from Toxoplasma gondii (tgDHFR)";"B";"BAO_0000357";"single protein format";"Toxoplasma gondii";"None";"None";"None";"None";"";"";"";"CHEMBL2425";"Dihydrofolate reductase";"Toxoplasma gondii";"SINGLE PROTEIN";"CHEMBL1131583";"1";"Scientific Literature";"J Med Chem";"1998";"None";"";"";""
"CHEMBL53420";"";"None";"369.64";"0";"3.76";"58";"Nc1nc(N)c2nc(CNc3cc(Cl)c(Cl)c(Cl)c3)ccc2n1";"IC50";"'='";"87.0";"nM";"7.06";"";"";"UO_0000065";"19.10";"0.42";"3.30";"6.87";"1";"CHEMBL828662";"Inhibition of Toxoplasma gondii dihydrofolate reductase";"B";"BAO_0000357";"single protein format";"Toxoplasma gondii";"None";"None";"None";"None";"";"";"";"CHEMBL2425";"Dihydrofolate reductase";"Toxoplasma gondii";"SINGLE PROTEIN";"CHEMBL1145190";"1";"Scientific Literature";"J Med Chem";"2005";"None";"";"";""
"CHEMBL17873";"";"None";"323.19";"0";"3.04";"37";"Nc1nc(N)c2c(CNc3ccc(Cl)c(Cl)c3)c[nH]c2n1";"IC50";"'='";"1400.0";"nM";"5.85";"";"";"UO_0000065";"18.11";"0.38";"2.81";"5.54";"1";"CHEMBL828662";"Inhibition of Toxoplasma gondii dihydrofolate reductase";"B";"BAO_0000357";"single protein format";"Toxoplasma gondii";"None";"None";"None";"None";"";"";"";"CHEMBL2425";"Dihydrofolate reductase";"Toxoplasma gondii";"SINGLE PROTEIN";"CHEMBL1145190";"1";"Scientific Literature";"J Med Chem";"2005";"None";"";"";""
"CHEMBL283515";"";"None";"322.39";"0";"3.83";"40";"Nc1nc(N)c2c(CSc3cccc4ccccc34)coc2n1";"IC50";"'='";"19010.78";"nM";"4.72";"";"";"UO_0000065";"14.64";"0.28";"0.89";"5.19";"0";"CHEMBL830839";"Inhibition of Toxoplasma gondii dihydrofolate reductase";"B";"BAO_0000357";"single protein format";"Toxoplasma gondii";"None";"None";"None";"None";"";"";"";"CHEMBL2425";"Dihydrofolate reductase";"Toxoplasma gondii";"SINGLE PROTEIN";"CHEMBL1145190";"1";"Scientific Literature";"J Med Chem";"2005";"None";"";"";""
"CHEMBL430821";"";"None";"469.51";"0";"3.65";"10";"Nc1nc(N)c2nc(CN3c4ccccc4C=Cc4cc(OCCCC(=O)O)ccc43)cnc2n1";"IC50";"'='";"9.9";"nM";"8.00";"";"";"UO_0000065";"17.05";"0.31";"4.35";"5.22";"0";"CHEMBL666220";"Concentration required to inhibit the Toxoplasma gondii Dihydrofolate reductase by 50% was determined; Range: 8.9-11";"B";"BAO_0000357";"single protein format";"Toxoplasma gondii";"None";"None";"None";"None";"";"";"";"CHEMBL2425";"Dihydrofolate reductase";"Toxoplasma gondii";"SINGLE PROTEIN";"CHEMBL1149188";"1";"Scientific Literature";"J Med Chem";"2004";"None";"";"";""
"CHEMBL34259";"METHOTREXATE";"4.0";"454.45";"0";"0.27";"MTX";"CN(Cc1cnc2nc(N)nc(N)c2n1)c1ccc(C(=O)N[C@@H](CCC(=O)O)C(=O)O)cc1";"IC50";"'='";"22.0";"nM";"7.66";"";"";"UO_0000065";"16.85";"0.32";"7.39";"3.64";"0";"CHEMBL665613";"Inhibitory activity against Toxoplasma gondii dihydrofolate reductase (in 50 uM dihydrofolic acid)";"B";"BAO_0000357";"single protein format";"Toxoplasma gondii";"None";"None";"None";"None";"";"";"";"CHEMBL2425";"Dihydrofolate reductase";"Toxoplasma gondii";"SINGLE PROTEIN";"CHEMBL1129539";"1";"Scientific Literature";"J Med Chem";"1996";"None";"";"";""
"CHEMBL292634";"";"None";"335.20";"0";"3.11";"80";"Nc1nc(N)c2nc(CNc3ccc(Cl)cc3Cl)ccc2n1";"IC50";"'='";"50.0";"nM";"7.30";"";"";"UO_0000065";"21.78";"0.45";"4.19";"7.11";"1";"CHEMBL830839";"Inhibition of Toxoplasma gondii dihydrofolate reductase";"B";"BAO_0000357";"single protein format";"Toxoplasma gondii";"None";"None";"None";"None";"";"";"";"CHEMBL2425";"Dihydrofolate reductase";"Toxoplasma gondii";"SINGLE PROTEIN";"CHEMBL1145190";"1";"Scientific Literature";"J Med Chem";"2005";"None";"";"";""
"CHEMBL225072";"PEMETREXED";"4.0";"427.42";"1";"0.67";"pemetrexed";"Nc1nc2[nH]cc(CCc3ccc(C(=O)N[C@@H](CCC(=O)O)C(=O)O)cc3)c2c(=O)[nH]1";"IC50";"'='";"2800.0";"nM";"5.55";"";"";"UO_0000065";"12.99";"0.24";"4.88";"2.90";"1";"CHEMBL983744";"Inhibition of Toxoplasma gondii thymidylate synthase";"B";"BAO_0000357";"single protein format";"Toxoplasma gondii";"None";"None";"None";"None";"";"";"";"CHEMBL2425";"Dihydrofolate reductase";"Toxoplasma gondii";"SINGLE PROTEIN";"CHEMBL1155823";"1";"Scientific Literature";"J Med Chem";"2008";"None";"";"";""
"CHEMBL516128";"";"None";"359.46";"0";"3.41";"23";"COc1ccc(OC)c(Sc2[nH]c3nc(N)nc(N)c3c2C(C)C)c1";"IC50";"'>'";"2300.0";"nM";"";"";"";"UO_0000065";"";"";"";"";"0";"CHEMBL983744";"Inhibition of Toxoplasma gondii thymidylate synthase";"B";"BAO_0000357";"single protein format";"Toxoplasma gondii";"None";"None";"None";"None";"";"";"";"CHEMBL2425";"Dihydrofolate reductase";"Toxoplasma gondii";"SINGLE PROTEIN";"CHEMBL1155823";"1";"Scientific Literature";"J Med Chem";"2008";"None";"";"";""
"CHEMBL478404";"";"None";"329.43";"0";"3.41";"22";"COc1ccc(Sc2[nH]c3nc(N)nc(N)c3c2C(C)C)cc1";"IC50";"'>'";"2500.0";"nM";"";"";"";"UO_0000065";"";"";"";"";"0";"CHEMBL983744";"Inhibition of Toxoplasma gondii thymidylate synthase";"B";"BAO_0000357";"single protein format";"Toxoplasma gondii";"None";"None";"None";"None";"";"";"";"CHEMBL2425";"Dihydrofolate reductase";"Toxoplasma gondii";"SINGLE PROTEIN";"CHEMBL1155823";"1";"Scientific Literature";"J Med Chem";"2008";"None";"";"";""
"CHEMBL478403";"";"None";"299.40";"0";"3.40";"21";"CC(C)c1c(Sc2ccccc2)[nH]c2nc(N)nc(N)c12";"IC50";"'>'";"2700.0";"nM";"";"";"";"UO_0000065";"";"";"";"";"0";"CHEMBL983744";"Inhibition of Toxoplasma gondii thymidylate synthase";"B";"BAO_0000357";"single protein format";"Toxoplasma gondii";"None";"None";"None";"None";"";"";"";"CHEMBL2425";"Dihydrofolate reductase";"Toxoplasma gondii";"SINGLE PROTEIN";"CHEMBL1155823";"1";"Scientific Literature";"J Med Chem";"2008";"None";"";"";""
"CHEMBL477790";"";"None";"329.43";"0";"3.23";"14";"CCCc1c(Sc2ccc(OC)cc2)[nH]c2nc(N)nc(N)c12";"IC50";"'>'";"13000.0";"nM";"";"";"";"UO_0000065";"";"";"";"";"0";"CHEMBL983744";"Inhibition of Toxoplasma gondii thymidylate synthase";"B";"BAO_0000357";"single protein format";"Toxoplasma gondii";"None";"None";"None";"None";"";"";"";"CHEMBL2425";"Dihydrofolate reductase";"Toxoplasma gondii";"SINGLE PROTEIN";"CHEMBL1155823";"1";"Scientific Literature";"J Med Chem";"2008";"None";"";"";""
"CHEMBL225072";"PEMETREXED";"4.0";"427.42";"1";"0.67";"pemetrexed";"Nc1nc2[nH]cc(CCc3ccc(C(=O)N[C@@H](CCC(=O)O)C(=O)O)cc3)c2c(=O)[nH]1";"IC50";"'='";"460.0";"nM";"6.34";"";"";"UO_0000065";"14.83";"0.28";"5.67";"3.31";"1";"CHEMBL983765";"Inhibition of Toxoplasma gondii dihydrofolate reductase";"B";"BAO_0000357";"single protein format";"Toxoplasma gondii";"None";"None";"None";"None";"";"";"";"CHEMBL2425";"Dihydrofolate reductase";"Toxoplasma gondii";"SINGLE PROTEIN";"CHEMBL1155823";"1";"Scientific Literature";"J Med Chem";"2008";"None";"";"";""
"CHEMBL516891";"";"None";"299.40";"0";"3.23";"13";"CCCc1c(Sc2ccccc2)[nH]c2nc(N)nc(N)c12";"IC50";"'='";"120.0";"nM";"6.92";"";"";"UO_0000065";"23.12";"0.45";"3.69";"7.39";"0";"CHEMBL983765";"Inhibition of Toxoplasma gondii dihydrofolate reductase";"B";"BAO_0000357";"single protein format";"Toxoplasma gondii";"None";"None";"None";"None";"";"";"";"CHEMBL2425";"Dihydrofolate reductase";"Toxoplasma gondii";"SINGLE PROTEIN";"CHEMBL1155823";"1";"Scientific Literature";"J Med Chem";"2008";"None";"";"";""
"CHEMBL478191";"";"None";"368.29";"0";"4.70";"19";"CC(C)c1c(Sc2c(Cl)cccc2Cl)[nH]c2nc(N)nc(N)c12";"Inhibition";"'='";"0.0";"%";"";"";"";"UO_0000187";"";"";"";"";"0";"CHEMBL983752";"Inhibition of Toxoplasma gondii thymidylate synthase at >2.2 uM";"B";"BAO_0000357";"single protein format";"Toxoplasma gondii";"None";"None";"None";"None";"";"";"";"CHEMBL2425";"Dihydrofolate reductase";"Toxoplasma gondii";"SINGLE PROTEIN";"CHEMBL1155823";"1";"Scientific Literature";"J Med Chem";"2008";"None";"";"";""
"CHEMBL477151";"";"None";"368.29";"0";"4.70";"27";"CC(C)c1c(Sc2ccc(Cl)c(Cl)c2)[nH]c2nc(N)nc(N)c12";"Inhibition";"'='";"0.0";"%";"";"";"";"UO_0000187";"";"";"";"";"0";"CHEMBL983755";"Inhibition of Toxoplasma gondii thymidylate synthase at >2.3 uM";"B";"BAO_0000357";"single protein format";"Toxoplasma gondii";"None";"None";"None";"None";"";"";"";"CHEMBL2425";"Dihydrofolate reductase";"Toxoplasma gondii";"SINGLE PROTEIN";"CHEMBL1155823";"1";"Scientific Literature";"J Med Chem";"2008";"None";"";"";""
"CHEMBL32754";"";"None";"356.39";"0";"1.83";"169";"COc1cc(OC)c(CNc2cnc3nc(N)nc(N)c3c2)c(OC)c1";"IC50";"'='";"229.99";"nM";"6.64";"";"";"UO_0000065";"18.63";"0.35";"4.81";"5.09";"0";"CHEMBL830839";"Inhibition of Toxoplasma gondii dihydrofolate reductase";"B";"BAO_0000357";"single protein format";"Toxoplasma gondii";"None";"None";"None";"None";"";"";"";"CHEMBL2425";"Dihydrofolate reductase";"Toxoplasma gondii";"SINGLE PROTEIN";"CHEMBL1145190";"1";"Scientific Literature";"J Med Chem";"2005";"None";"";"";""
"CHEMBL113999";"";"None";"355.40";"0";"2.43";"91";"COc1cc(CNc2ccc3nc(N)nc(N)c3c2)cc(OC)c1OC";"IC50";"'='";"84.0";"nM";"7.08";"";"";"UO_0000065";"19.91";"0.37";"4.65";"6.02";"1";"CHEMBL828662";"Inhibition of Toxoplasma gondii dihydrofolate reductase";"B";"BAO_0000357";"single protein format";"Toxoplasma gondii";"None";"None";"None";"None";"";"";"";"CHEMBL2425";"Dihydrofolate reductase";"Toxoplasma gondii";"SINGLE PROTEIN";"CHEMBL1145190";"1";"Scientific Literature";"J Med Chem";"2005";"None";"";"";""
"CHEMBL33136";"";"None";"280.33";"0";"1.84";"179";"Nc1nc(N)c2cc(NCCc3ccccc3)cnc2n1";"IC50";"'='";"4450.41";"nM";"5.35";"";"";"UO_0000065";"19.09";"0.35";"3.51";"5.21";"0";"CHEMBL830839";"Inhibition of Toxoplasma gondii dihydrofolate reductase";"B";"BAO_0000357";"single protein format";"Toxoplasma gondii";"None";"None";"None";"None";"";"";"";"CHEMBL2425";"Dihydrofolate reductase";"Toxoplasma gondii";"SINGLE PROTEIN";"CHEMBL1145190";"1";"Scientific Literature";"J Med Chem";"2005";"None";"";"";""
"CHEMBL310880";"";"None";"328.81";"0";"2.79";"114";"Cc1c(CN(C)c2ccc(Cl)cc2)cnc2nc(N)nc(N)c12";"IC50";"'='";"5.4";"nM";"8.27";"";"";"UO_0000065";"25.14";"0.49";"5.48";"8.80";"1";"CHEMBL828662";"Inhibition of Toxoplasma gondii dihydrofolate reductase";"B";"BAO_0000357";"single protein format";"Toxoplasma gondii";"None";"None";"None";"None";"";"";"";"CHEMBL2425";"Dihydrofolate reductase";"Toxoplasma gondii";"SINGLE PROTEIN";"CHEMBL1145190";"1";"Scientific Literature";"J Med Chem";"2005";"None";"";"";""
"CHEMBL178119";"";"None";"369.43";"0";"2.46";"98";"COc1cc(OC)c(CN(C)c2ccc3nc(N)nc(N)c3c2)c(OC)c1";"IC50";"'='";"950.0";"nM";"6.02";"";"";"UO_0000065";"16.30";"0.30";"3.56";"5.54";"0";"CHEMBL828662";"Inhibition of Toxoplasma gondii dihydrofolate reductase";"B";"BAO_0000357";"single protein format";"Toxoplasma gondii";"None";"None";"None";"None";"";"";"";"CHEMBL2425";"Dihydrofolate reductase";"Toxoplasma gondii";"SINGLE PROTEIN";"CHEMBL1145190";"1";"Scientific Literature";"J Med Chem";"2005";"None";"";"";""
"CHEMBL117750";"";"None";"369.43";"0";"2.46";"99";"COc1ccc(CN(C)c2ccc3nc(N)nc(N)c3c2)c(OC)c1OC";"IC50";"'='";"16.98";"nM";"7.77";"";"";"UO_0000065";"21.03";"0.39";"5.31";"7.14";"0";"CHEMBL830839";"Inhibition of Toxoplasma gondii dihydrofolate reductase";"B";"BAO_0000357";"single protein format";"Toxoplasma gondii";"None";"None";"None";"None";"";"";"";"CHEMBL2425";"Dihydrofolate reductase";"Toxoplasma gondii";"SINGLE PROTEIN";"CHEMBL1145190";"1";"Scientific Literature";"J Med Chem";"2005";"None";"";"";""
"CHEMBL337603";"";"None";"326.36";"0";"1.97";"21";"COc1ccc(N(C)c2ccc3nc(N)nc(N)c3n2)cc1OC";"IC50";"'='";"0.88";"nM";"9.06";"";"";"UO_0000065";"27.75";"0.52";"7.09";"8.06";"0";"CHEMBL661507";"Inhibitory activity against dihydrofolate reductase (DHFR) from Toxoplasma gondii";"B";"BAO_0000357";"single protein format";"Toxoplasma gondii";"None";"None";"None";"None";"";"";"";"CHEMBL2425";"Dihydrofolate reductase";"Toxoplasma gondii";"SINGLE PROTEIN";"CHEMBL1131172";"1";"Scientific Literature";"J Med Chem";"1998";"None";"";"";""
"CHEMBL423560";"";"None";"366.43";"0";"2.08";"119";"COc1cc2c(cc1OC)N(Cc1cnc3nc(N)nc(N)c3c1C)CC2";"IC50";"'='";"49.0";"nM";"7.31";"";"";"UO_0000065";"19.95";"0.37";"5.23";"6.50";"1";"CHEMBL828662";"Inhibition of Toxoplasma gondii dihydrofolate reductase";"B";"BAO_0000357";"single protein format";"Toxoplasma gondii";"None";"None";"None";"None";"";"";"";"CHEMBL2425";"Dihydrofolate reductase";"Toxoplasma gondii";"SINGLE PROTEIN";"CHEMBL1145190";"1";"Scientific Literature";"J Med Chem";"2005";"None";"";"";""
"CHEMBL178684";"";"None";"415.54";"0";"2.32";"144";"COCc1cc(N(C)CC2CCc3nc(N)nc(N)c3C2)cc(COC)c1COC";"IC50";"'='";"330.0";"nM";"6.48";"";"";"UO_0000065";"15.60";"0.30";"4.16";"5.96";"0";"CHEMBL828662";"Inhibition of Toxoplasma gondii dihydrofolate reductase";"B";"BAO_0000357";"single protein format";"Toxoplasma gondii";"None";"None";"None";"None";"";"";"";"CHEMBL2425";"Dihydrofolate reductase";"Toxoplasma gondii";"SINGLE PROTEIN";"CHEMBL1145190";"1";"Scientific Literature";"J Med Chem";"2005";"None";"";"";""
"CHEMBL52433";"";"None";"398.47";"0";"2.55";"23";"CCN(Cc1cnc2nc(N)nc(N)c2c1C)c1cc(OC)c(OC)c(OC)c1";"IC50";"'='";"2.7";"nM";"8.57";"";"";"UO_0000065";"21.50";"0.40";"6.02";"7.04";"1";"CHEMBL828662";"Inhibition of Toxoplasma gondii dihydrofolate reductase";"B";"BAO_0000357";"single protein format";"Toxoplasma gondii";"None";"None";"None";"None";"";"";"";"CHEMBL2425";"Dihydrofolate reductase";"Toxoplasma gondii";"SINGLE PROTEIN";"CHEMBL1145190";"1";"Scientific Literature";"J Med Chem";"2005";"None";"";"";""
"CHEMBL52433";"";"None";"398.47";"0";"2.55";"23";"CCN(Cc1cnc2nc(N)nc(N)c2c1C)c1cc(OC)c(OC)c(OC)c1";"IC50";"'='";"2.7";"nM";"8.57";"";"";"UO_0000065";"21.50";"0.40";"6.02";"7.04";"1";"CHEMBL830839";"Inhibition of Toxoplasma gondii dihydrofolate reductase";"B";"BAO_0000357";"single protein format";"Toxoplasma gondii";"None";"None";"None";"None";"";"";"";"CHEMBL2425";"Dihydrofolate reductase";"Toxoplasma gondii";"SINGLE PROTEIN";"CHEMBL1145190";"1";"Scientific Literature";"J Med Chem";"2005";"None";"";"";""
"CHEMBL116816";"";"None";"325.37";"0";"2.42";"92";"COc1ccc(OC)c(CNc2ccc3nc(N)nc(N)c3c2)c1";"IC50";"'='";"160.0";"nM";"6.80";"";"";"UO_0000065";"20.89";"0.39";"4.38";"6.27";"1";"CHEMBL828662";"Inhibition of Toxoplasma gondii dihydrofolate reductase";"B";"BAO_0000357";"single protein format";"Toxoplasma gondii";"None";"None";"None";"None";"";"";"";"CHEMBL2425";"Dihydrofolate reductase";"Toxoplasma gondii";"SINGLE PROTEIN";"CHEMBL1145190";"1";"Scientific Literature";"J Med Chem";"2005";"None";"";"";""
"CHEMBL334198";"";"None";"305.79";"0";"3.24";"5";"Cc1c(Sc2cccc(Cl)c2)[nH]c2nc(N)nc(N)c12";"IC50";"'='";"6940.0";"nM";"5.16";"";"";"UO_0000065";"16.87";"0.35";"1.92";"5.51";"0";"CHEMBL668092";"Inhibitory concentration against Dihydrofolate reductase from Toxoplasma gondii (Toxoplasma gondii)";"B";"BAO_0000357";"single protein format";"Toxoplasma gondii";"None";"None";"None";"None";"";"";"";"CHEMBL2425";"Dihydrofolate reductase";"Toxoplasma gondii";"SINGLE PROTEIN";"CHEMBL1148359";"1";"Scientific Literature";"J Med Chem";"2004";"None";"";"";""
"CHEMBL88430";"";"None";"359.82";"0";"3.08";"8";"COc1ccc(OC)c(NCc2ccc3nc(N)nc(N)c3c2Cl)c1";"IC50";"'='";"30.0";"nM";"7.52";"";"";"UO_0000065";"20.91";"0.41";"4.44";"6.95";"0";"CHEMBL664915";"Inhibition of Dihydrofolate reductase of Toxoplasma gondii";"B";"BAO_0000357";"single protein format";"Toxoplasma gondii";"None";"None";"None";"None";"";"";"";"CHEMBL2425";"Dihydrofolate reductase";"Toxoplasma gondii";"SINGLE PROTEIN";"CHEMBL1127704";"1";"Scientific Literature";"J Med Chem";"1994";"None";"";"";""
"CHEMBL36245";"";"None";"340.39";"0";"1.84";"173";"COc1cc(CN(C)c2cnc3nc(N)nc(N)c3c2)cc(OC)c1";"IC50";"'='";"31.0";"nM";"7.51";"";"";"UO_0000065";"22.06";"0.41";"5.67";"6.68";"0";"CHEMBL830839";"Inhibition of Toxoplasma gondii dihydrofolate reductase";"B";"BAO_0000357";"single protein format";"Toxoplasma gondii";"None";"None";"None";"None";"";"";"";"CHEMBL2425";"Dihydrofolate reductase";"Toxoplasma gondii";"SINGLE PROTEIN";"CHEMBL1145190";"1";"Scientific Literature";"J Med Chem";"2005";"None";"";"";""
"CHEMBL32754";"";"None";"356.39";"0";"1.83";"169";"COc1cc(OC)c(CNc2cnc3nc(N)nc(N)c3c2)c(OC)c1";"IC50";"'='";"230.0";"nM";"6.64";"";"";"UO_0000065";"18.63";"0.35";"4.81";"5.09";"1";"CHEMBL828662";"Inhibition of Toxoplasma gondii dihydrofolate reductase";"B";"BAO_0000357";"single protein format";"Toxoplasma gondii";"None";"None";"None";"None";"";"";"";"CHEMBL2425";"Dihydrofolate reductase";"Toxoplasma gondii";"SINGLE PROTEIN";"CHEMBL1145190";"1";"Scientific Literature";"J Med Chem";"2005";"None";"";"";""
"CHEMBL33187";"";"None";"358.40";"0";"3.59";"170";"Nc1nc(N)c2cc(NCc3ccc(Oc4ccccc4)cc3)cnc2n1";"IC50";"'='";"3698.28";"nM";"5.43";"";"";"UO_0000065";"15.16";"0.27";"1.84";"4.85";"0";"CHEMBL830839";"Inhibition of Toxoplasma gondii dihydrofolate reductase";"B";"BAO_0000357";"single protein format";"Toxoplasma gondii";"None";"None";"None";"None";"";"";"";"CHEMBL2425";"Dihydrofolate reductase";"Toxoplasma gondii";"SINGLE PROTEIN";"CHEMBL1145190";"1";"Scientific Literature";"J Med Chem";"2005";"None";"";"";""
"CHEMBL17430";"";"None";"340.24";"0";"3.72";"87";"Nc1nc(N)c2c(CSc3ccc(Cl)c(Cl)c3)c[nH]c2n1";"IC50";"'='";"11601.12";"nM";"4.94";"";"";"UO_0000065";"14.51";"0.32";"1.22";"5.27";"0";"CHEMBL830839";"Inhibition of Toxoplasma gondii dihydrofolate reductase";"B";"BAO_0000357";"single protein format";"Toxoplasma gondii";"None";"None";"None";"None";"";"";"";"CHEMBL2425";"Dihydrofolate reductase";"Toxoplasma gondii";"SINGLE PROTEIN";"CHEMBL1145190";"1";"Scientific Literature";"J Med Chem";"2005";"None";"";"";""
"CHEMBL275893";"";"None";"321.41";"0";"3.57";"90";"Nc1nc(N)c2c(CSc3ccc4ccccc4c3)c[nH]c2n1";"IC50";"'='";"9204.5";"nM";"5.04";"";"";"UO_0000065";"15.67";"0.30";"1.47";"5.38";"0";"CHEMBL830839";"Inhibition of Toxoplasma gondii dihydrofolate reductase";"B";"BAO_0000357";"single protein format";"Toxoplasma gondii";"None";"None";"None";"None";"";"";"";"CHEMBL2425";"Dihydrofolate reductase";"Toxoplasma gondii";"SINGLE PROTEIN";"CHEMBL1145190";"1";"Scientific Literature";"J Med Chem";"2005";"None";"";"";""
"CHEMBL79347";"";"None";"373.26";"0";"2.90";"115";"Cc1c(CN(C)c2ccc(Br)cc2)cnc2nc(N)nc(N)c12";"IC50";"'='";"30.0";"nM";"7.52";"";"";"UO_0000065";"20.15";"0.45";"4.62";"8.01";"1";"CHEMBL828662";"Inhibition of Toxoplasma gondii dihydrofolate reductase";"B";"BAO_0000357";"single protein format";"Toxoplasma gondii";"None";"None";"None";"None";"";"";"";"CHEMBL2425";"Dihydrofolate reductase";"Toxoplasma gondii";"SINGLE PROTEIN";"CHEMBL1145190";"1";"Scientific Literature";"J Med Chem";"2005";"None";"";"";""
"CHEMBL23960";"";"None";"331.38";"0";"3.67";"11";"Nc1nc(N)c2c(CNc3ccccc3-c3ccccc3)coc2n1";"IC50";"'='";"45400.0";"nM";"4.34";"";"";"UO_0000065";"13.11";"0.24";"0.67";"4.22";"0";"CHEMBL664908";"Inhibitory activity against dihydrofolate reductase from Toxoplasma gondii";"B";"BAO_0000357";"single protein format";"Toxoplasma gondii";"None";"None";"None";"None";"";"";"";"CHEMBL2425";"Dihydrofolate reductase";"Toxoplasma gondii";"SINGLE PROTEIN";"CHEMBL1131327";"1";"Scientific Literature";"J Med Chem";"1998";"None";"";"";""
"CHEMBL119";"TRIMETREXATE";"4.0";"369.43";"0";"2.74";"12";"COc1cc(NCc2ccc3nc(N)nc(N)c3c2C)cc(OC)c1OC";"IC50";"'='";"10.0";"nM";"8.00";"";"";"UO_0000065";"21.65";"0.40";"5.26";"6.81";"1";"CHEMBL665589";"Inhibitory activity against Toxoplasma gondii Dihydrofolate reductase";"B";"BAO_0000357";"single protein format";"Toxoplasma gondii";"None";"None";"None";"None";"";"";"";"CHEMBL2425";"Dihydrofolate reductase";"Toxoplasma gondii";"SINGLE PROTEIN";"CHEMBL1128249";"1";"Scientific Literature";"J Med Chem";"1995";"None";"";"";""
"CHEMBL276954";"";"None";"316.37";"0";"2.52";"12t";"Nc1nc(N)c2nc(CCc3cccc4ccccc34)cnc2n1";"IC50";"'='";"820.0";"nM";"6.09";"";"";"UO_0000065";"19.24";"0.35";"3.57";"5.87";"0";"CHEMBL665590";"Inhibitory activity against Toxoplasma gondii dihydrofolate reductase";"B";"BAO_0000357";"single protein format";"Toxoplasma gondii";"None";"None";"None";"None";"";"";"";"CHEMBL2425";"Dihydrofolate reductase";"Toxoplasma gondii";"SINGLE PROTEIN";"CHEMBL1129525";"1";"Scientific Literature";"J Med Chem";"1996";"None";"";"";""
"CHEMBL140705";"";"None";"282.31";"0";"1.94";"154";"COc1ccccc1Nc1ccc2nc(N)nc(N)c2n1";"IC50";"'='";"460.0";"nM";"6.34";"";"";"UO_0000065";"22.45";"0.41";"4.40";"5.66";"1";"CHEMBL828662";"Inhibition of Toxoplasma gondii dihydrofolate reductase";"B";"BAO_0000357";"single protein format";"Toxoplasma gondii";"None";"None";"None";"None";"";"";"";"CHEMBL2425";"Dihydrofolate reductase";"Toxoplasma gondii";"SINGLE PROTEIN";"CHEMBL1145190";"1";"Scientific Literature";"J Med Chem";"2005";"None";"";"";""
"CHEMBL85188";"";"None";"481.99";"0";"4.90";"10p";"CCc1nc(N)nc(N)c1-c1ccc(Cl)c(/N=N/N(CCOC(C)=O)Cc2ccc(C)cc2)c1";"IC50";"'='";"630.0";"nM";"6.20";"";"";"UO_0000065";"12.86";"0.25";"1.30";"4.69";"0";"CHEMBL664922";"Inhibitory activity against dihydrofolate reductase DHFR in Toxoplasma gondii.";"B";"BAO_0000357";"single protein format";"Toxoplasma gondii";"None";"None";"None";"None";"";"";"";"CHEMBL2425";"Dihydrofolate reductase";"Toxoplasma gondii";"SINGLE PROTEIN";"CHEMBL1134547";"1";"Scientific Literature";"J Med Chem";"2001";"None";"";"";""
"CHEMBL148599";"";"None";"350.38";"0";"1.88";"9";"Nc1nc(N)c2cc3c(nc2n1)CCN(C(=O)OCc1ccccc1)C3";"IC50";"'='";"22000.0";"nM";"4.66";"";"";"UO_0000065";"13.29";"0.24";"2.78";"3.87";"0";"CHEMBL665701";"Inhibitory activity against Toxoplasma gondii (tg) Dihydrofolate reductase (DHFR)";"B";"BAO_0000357";"single protein format";"Toxoplasma gondii";"None";"None";"None";"None";"";"";"";"CHEMBL2425";"Dihydrofolate reductase";"Toxoplasma gondii";"SINGLE PROTEIN";"CHEMBL1135650";"1";"Scientific Literature";"J Med Chem";"2002";"None";"";"";""
"CHEMBL34378";"";"None";"374.40";"0";"2.34";"27";"COc1ccc(C#Cc2ccccc2C(=O)O)cc1Cc1cnc(N)nc1N";"IC50";"'='";"1900.0";"nM";"5.72";"";"";"UO_0000065";"15.28";"0.28";"3.38";"4.60";"0";"CHEMBL665598";"Inhibitory concentration against dihydrofolate reductase of Toxoplasma gondii";"B";"BAO_0000357";"single protein format";"Toxoplasma gondii";"None";"None";"None";"None";"";"";"";"CHEMBL2425";"Dihydrofolate reductase";"Toxoplasma gondii";"SINGLE PROTEIN";"CHEMBL1149100";"1";"Scientific Literature";"J Med Chem";"2004";"None";"";"";""
"CHEMBL22";"TRIMETHOPRIM";"4.0";"290.32";"0";"1.26";"1, TMP";"COc1cc(Cc2cnc(N)nc2N)cc(OC)c1OC";"IC50";"'='";"2700.0";"nM";"5.57";"";"";"UO_0000065";"19.18";"0.36";"4.31";"5.28";"1";"CHEMBL884354";"The compound was tested for inhibition of dihydrofolate reductase(DHFR) from Toxoplasma gondii(tg)";"B";"BAO_0000357";"single protein format";"Toxoplasma gondii";"None";"None";"None";"None";"";"";"";"CHEMBL2425";"Dihydrofolate reductase";"Toxoplasma gondii";"SINGLE PROTEIN";"CHEMBL1132261";"1";"Scientific Literature";"J Med Chem";"1999";"None";"";"";""
"CHEMBL310880";"";"None";"328.81";"0";"2.79";"16";"Cc1c(CN(C)c2ccc(Cl)cc2)cnc2nc(N)nc(N)c12";"IC50";"'='";"5.4";"nM";"8.27";"";"";"UO_0000065";"25.14";"0.49";"5.48";"8.80";"0";"CHEMBL665700";"Inhibition of dihydrofolate reductase (DHFR) from Toxoplasma gondii(tg)";"B";"BAO_0000357";"single protein format";"Toxoplasma gondii";"None";"None";"None";"None";"";"";"";"CHEMBL2425";"Dihydrofolate reductase";"Toxoplasma gondii";"SINGLE PROTEIN";"CHEMBL1132261";"1";"Scientific Literature";"J Med Chem";"1999";"None";"";"";""
"CHEMBL35569";"";"None";"356.39";"0";"1.83";"14";"COc1ccc(CNc2cnc3nc(N)nc(N)c3c2)c(OC)c1OC";"IC50";"'='";"670.0";"nM";"6.17";"";"";"UO_0000065";"17.32";"0.32";"4.34";"4.73";"0";"CHEMBL665616";"Inhibitory activity against Toxoplasma gondii dihydrofolate reductase (in 90 uM dihydrofolic acid)";"B";"BAO_0000357";"single protein format";"Toxoplasma gondii";"None";"None";"None";"None";"";"";"";"CHEMBL2425";"Dihydrofolate reductase";"Toxoplasma gondii";"SINGLE PROTEIN";"CHEMBL1129539";"1";"Scientific Literature";"J Med Chem";"1996";"None";"";"";""
"CHEMBL331292";"";"None";"292.34";"0";"0.56";"TMP";"COc1cc(CC2CN=C(N)N=C2N)cc(OC)c1OC";"IC50";"'='";"2800.0";"nM";"5.55";"";"";"UO_0000065";"18.99";"0.36";"4.99";"5.32";"0";"CHEMBL668092";"Inhibitory concentration against Dihydrofolate reductase from Toxoplasma gondii (Toxoplasma gondii)";"B";"BAO_0000357";"single protein format";"Toxoplasma gondii";"None";"None";"None";"None";"";"";"";"CHEMBL2425";"Dihydrofolate reductase";"Toxoplasma gondii";"SINGLE PROTEIN";"CHEMBL1148359";"1";"Scientific Literature";"J Med Chem";"2004";"None";"";"";""
"CHEMBL121868";"";"None";"343.43";"0";"1.90";"145";"COc1ccc(OC)c(N(C)CC2CCc3nc(N)nc(N)c3C2)c1";"IC50";"'='";"15.0";"nM";"7.82";"";"";"UO_0000065";"22.78";"0.43";"5.92";"7.86";"1";"CHEMBL830839";"Inhibition of Toxoplasma gondii dihydrofolate reductase";"B";"BAO_0000357";"single protein format";"Toxoplasma gondii";"None";"None";"None";"None";"";"";"";"CHEMBL2425";"Dihydrofolate reductase";"Toxoplasma gondii";"SINGLE PROTEIN";"CHEMBL1145190";"1";"Scientific Literature";"J Med Chem";"2005";"None";"";"";""
"CHEMBL123043";"";"None";"317.82";"0";"2.54";"146";"CN(CC1CCc2nc(N)nc(N)c2C1)c1ccc(Cl)cc1";"IC50";"'='";"22.0";"nM";"7.66";"";"";"UO_0000065";"24.09";"0.48";"5.12";"9.45";"1";"CHEMBL830839";"Inhibition of Toxoplasma gondii dihydrofolate reductase";"B";"BAO_0000357";"single protein format";"Toxoplasma gondii";"None";"None";"None";"None";"";"";"";"CHEMBL2425";"Dihydrofolate reductase";"Toxoplasma gondii";"SINGLE PROTEIN";"CHEMBL1145190";"1";"Scientific Literature";"J Med Chem";"2005";"None";"";"";""
"CHEMBL301105";"";"None";"340.39";"0";"1.84";"61";"COc1ccc(OC)c(N(C)Cc2ccc3nc(N)nc(N)c3n2)c1";"IC50";"'='";"25.0";"nM";"7.60";"";"";"UO_0000065";"22.33";"0.42";"5.76";"6.76";"1";"CHEMBL830839";"Inhibition of Toxoplasma gondii dihydrofolate reductase";"B";"BAO_0000357";"single protein format";"Toxoplasma gondii";"None";"None";"None";"None";"";"";"";"CHEMBL2425";"Dihydrofolate reductase";"Toxoplasma gondii";"SINGLE PROTEIN";"CHEMBL1145190";"1";"Scientific Literature";"J Med Chem";"2005";"None";"";"";""
"CHEMBL137981";"";"None";"329.39";"0";"2.36";"152";"COc1ccc(Sc2ccc3nc(N)nc(N)c3n2)cc1OC";"IC50";"'='";"19.0";"nM";"7.72";"";"";"UO_0000065";"23.44";"0.46";"5.36";"7.07";"1";"CHEMBL828662";"Inhibition of Toxoplasma gondii dihydrofolate reductase";"B";"BAO_0000357";"single protein format";"Toxoplasma gondii";"None";"None";"None";"None";"";"";"";"CHEMBL2425";"Dihydrofolate reductase";"Toxoplasma gondii";"SINGLE PROTEIN";"CHEMBL1145190";"1";"Scientific Literature";"J Med Chem";"2005";"None";"";"";""
"CHEMBL137942";"";"None";"389.84";"0";"3.09";"14";"COc1cc(CNc2ccc3nc(N)nc(N)c3c2Cl)cc(OC)c1OC";"IC50";"'='";"7.0";"nM";"8.15";"";"";"UO_0000065";"20.92";"0.41";"5.06";"6.94";"0";"CHEMBL664915";"Inhibition of Dihydrofolate reductase of Toxoplasma gondii";"B";"BAO_0000357";"single protein format";"Toxoplasma gondii";"None";"None";"None";"None";"";"";"";"CHEMBL2425";"Dihydrofolate reductase";"Toxoplasma gondii";"SINGLE PROTEIN";"CHEMBL1127704";"1";"Scientific Literature";"J Med Chem";"1994";"None";"";"";""
"CHEMBL141708";"";"None";"323.36";"0";"2.38";"27";"COc1ccc(/C=C/c2cnc3nc(N)nc(N)c3c2)cc1OC";"IC50";"'='";"1400.0";"nM";"5.85";"";"";"UO_0000065";"18.10";"0.33";"3.47";"5.36";"1";"CHEMBL828662";"Inhibition of Toxoplasma gondii dihydrofolate reductase";"B";"BAO_0000357";"single protein format";"Toxoplasma gondii";"None";"None";"None";"None";"";"";"";"CHEMBL2425";"Dihydrofolate reductase";"Toxoplasma gondii";"SINGLE PROTEIN";"CHEMBL1145190";"1";"Scientific Literature";"J Med Chem";"2005";"None";"";"";""
"CHEMBL178888";"";"None";"401.47";"0";"3.29";"125";"COc1ccc(-c2ccccc2)cc1NNCc1cnc2nc(N)nc(N)c2c1C";"IC50";"'='";"68.0";"nM";"7.17";"";"";"UO_0000065";"17.85";"0.33";"3.88";"5.78";"0";"CHEMBL828662";"Inhibition of Toxoplasma gondii dihydrofolate reductase";"B";"BAO_0000357";"single protein format";"Toxoplasma gondii";"None";"None";"None";"None";"";"";"";"CHEMBL2425";"Dihydrofolate reductase";"Toxoplasma gondii";"SINGLE PROTEIN";"CHEMBL1145190";"1";"Scientific Literature";"J Med Chem";"2005";"None";"";"";""
"CHEMBL299927";"";"None";"386.46";"0";"1.70";"129";"COc1cc(N2CCC3c4c(N)nc(N)nc4NCC3C2)cc(OC)c1OC";"IC50";"'='";"290.0";"nM";"6.54";"";"";"UO_0000065";"16.92";"0.32";"4.84";"5.41";"1";"CHEMBL828662";"Inhibition of Toxoplasma gondii dihydrofolate reductase";"B";"BAO_0000357";"single protein format";"Toxoplasma gondii";"None";"None";"None";"None";"";"";"";"CHEMBL2425";"Dihydrofolate reductase";"Toxoplasma gondii";"SINGLE PROTEIN";"CHEMBL1145190";"1";"Scientific Literature";"J Med Chem";"2005";"None";"";"";""
"CHEMBL120994";"";"None";"338.24";"0";"3.16";"133";"Nc1nc(N)c2c(n1)CCC(CNc1ccc(Cl)c(Cl)c1)C2";"IC50";"'='";"110.0";"nM";"6.96";"";"";"UO_0000065";"20.57";"0.43";"3.80";"7.74";"1";"CHEMBL828662";"Inhibition of Toxoplasma gondii dihydrofolate reductase";"B";"BAO_0000357";"single protein format";"Toxoplasma gondii";"None";"None";"None";"None";"";"";"";"CHEMBL2425";"Dihydrofolate reductase";"Toxoplasma gondii";"SINGLE PROTEIN";"CHEMBL1145190";"1";"Scientific Literature";"J Med Chem";"2005";"None";"";"";""
"CHEMBL120994";"";"None";"338.24";"0";"3.16";"133";"Nc1nc(N)c2c(n1)CCC(CNc1ccc(Cl)c(Cl)c1)C2";"IC50";"'='";"109.9";"nM";"6.96";"";"";"UO_0000065";"20.57";"0.43";"3.80";"7.75";"0";"CHEMBL830839";"Inhibition of Toxoplasma gondii dihydrofolate reductase";"B";"BAO_0000357";"single protein format";"Toxoplasma gondii";"None";"None";"None";"None";"";"";"";"CHEMBL2425";"Dihydrofolate reductase";"Toxoplasma gondii";"SINGLE PROTEIN";"CHEMBL1145190";"1";"Scientific Literature";"J Med Chem";"2005";"None";"";"";""
"CHEMBL17235";"";"None";"358.62";"0";"3.96";"1";"Nc1nc(N)c2c(CNc3cc(Cl)c(Cl)c(Cl)c3)coc2n1";"IC50";"'>'";"3900.0";"nM";"";"";"";"UO_0000065";"";"";"";"";"1";"CHEMBL1071424";"Inhibition of Toxoplasma gondii DHFR by spectrophotometric assay";"B";"BAO_0000357";"single protein format";"Toxoplasma gondii";"None";"None";"None";"None";"";"";"";"CHEMBL2425";"Dihydrofolate reductase";"Toxoplasma gondii";"SINGLE PROTEIN";"CHEMBL1156926";"1";"Scientific Literature";"Bioorg Med Chem";"2010";"None";"";"";""
"CHEMBL278013";"";"None";"337.21";"0";"3.07";"12";"CN(Cc1c[nH]c2nc(N)nc(N)c12)c1ccc(Cl)c(Cl)c1";"IC50";"'='";"1000.0";"nM";"6.00";"";"";"UO_0000065";"17.79";"0.37";"2.93";"6.20";"1";"CHEMBL1071424";"Inhibition of Toxoplasma gondii DHFR by spectrophotometric assay";"B";"BAO_0000357";"single protein format";"Toxoplasma gondii";"None";"None";"None";"None";"";"";"";"CHEMBL2425";"Dihydrofolate reductase";"Toxoplasma gondii";"SINGLE PROTEIN";"CHEMBL1156926";"1";"Scientific Literature";"Bioorg Med Chem";"2010";"None";"";"";""
"CHEMBL105759";"";"None";"316.32";"0";"1.21";"20";"COc1ccc(-c2nc3c(N)nc(N)nc3[nH]2)c(OC)c1OC";"IC50";"'='";"1800.0";"nM";"5.75";"";"";"UO_0000065";"18.16";"0.34";"4.53";"4.28";"1";"CHEMBL1071424";"Inhibition of Toxoplasma gondii DHFR by spectrophotometric assay";"B";"BAO_0000357";"single protein format";"Toxoplasma gondii";"None";"None";"None";"None";"";"";"";"CHEMBL2425";"Dihydrofolate reductase";"Toxoplasma gondii";"SINGLE PROTEIN";"CHEMBL1156926";"1";"Scientific Literature";"Bioorg Med Chem";"2010";"None";"";"";""
"CHEMBL105906";"";"None";"276.30";"0";"2.34";"31";"Nc1nc(N)c2nc(-c3ccc4ccccc4c3)[nH]c2n1";"IC50";"'='";"26915.35";"nM";"4.57";"";"";"UO_0000065";"16.54";"0.30";"2.23";"4.29";"0";"CHEMBL1071424";"Inhibition of Toxoplasma gondii DHFR by spectrophotometric assay";"B";"BAO_0000357";"single protein format";"Toxoplasma gondii";"None";"None";"None";"None";"";"";"";"CHEMBL2425";"Dihydrofolate reductase";"Toxoplasma gondii";"SINGLE PROTEIN";"CHEMBL1156926";"1";"Scientific Literature";"Bioorg Med Chem";"2010";"None";"";"";""
"CHEMBL22561";"";"None";"319.37";"0";"3.18";"44";"CN(Cc1coc2nc(N)nc(N)c12)c1ccc2ccccc2c1";"IC50";"'='";"23442.29";"nM";"4.63";"";"";"UO_0000065";"14.50";"0.26";"1.45";"4.92";"1";"CHEMBL1071424";"Inhibition of Toxoplasma gondii DHFR by spectrophotometric assay";"B";"BAO_0000357";"single protein format";"Toxoplasma gondii";"None";"None";"None";"None";"";"";"";"CHEMBL2425";"Dihydrofolate reductase";"Toxoplasma gondii";"SINGLE PROTEIN";"CHEMBL1156926";"1";"Scientific Literature";"Bioorg Med Chem";"2010";"None";"";"";""
"CHEMBL123984";"";"None";"301.38";"0";"2.59";"63";"COc1cccc(Sc2[nH]c3nc(N)nc(N)c3c2C)c1";"IC50";"'='";"4760.0";"nM";"5.32";"";"";"UO_0000065";"17.66";"0.35";"2.73";"5.18";"1";"CHEMBL1071424";"Inhibition of Toxoplasma gondii DHFR by spectrophotometric assay";"B";"BAO_0000357";"single protein format";"Toxoplasma gondii";"None";"None";"None";"None";"";"";"";"CHEMBL2425";"Dihydrofolate reductase";"Toxoplasma gondii";"SINGLE PROTEIN";"CHEMBL1156926";"1";"Scientific Literature";"Bioorg Med Chem";"2010";"None";"";"";""
"CHEMBL68673";"";"None";"284.32";"0";"1.74";"5";"COc1ccc(NCc2c[nH]c3nc(N)nc(N)c23)cc1";"IC50";"'='";"6000.0";"nM";"5.22";"";"";"UO_0000065";"18.37";"0.34";"3.48";"4.55";"1";"CHEMBL1071424";"Inhibition of Toxoplasma gondii DHFR by spectrophotometric assay";"B";"BAO_0000357";"single protein format";"Toxoplasma gondii";"None";"None";"None";"None";"";"";"";"CHEMBL2425";"Dihydrofolate reductase";"Toxoplasma gondii";"SINGLE PROTEIN";"CHEMBL1156926";"1";"Scientific Literature";"Bioorg Med Chem";"2010";"None";"";"";""
"CHEMBL22561";"";"None";"319.37";"0";"3.18";"44";"CN(Cc1coc2nc(N)nc(N)c12)c1ccc2ccccc2c1";"IC50";"'='";"23600.0";"nM";"4.63";"";"";"UO_0000065";"14.49";"0.26";"1.45";"4.91";"1";"CHEMBL1071424";"Inhibition of Toxoplasma gondii DHFR by spectrophotometric assay";"B";"BAO_0000357";"single protein format";"Toxoplasma gondii";"None";"None";"None";"None";"";"";"";"CHEMBL2425";"Dihydrofolate reductase";"Toxoplasma gondii";"SINGLE PROTEIN";"CHEMBL1156926";"1";"Scientific Literature";"Bioorg Med Chem";"2010";"None";"";"";""
"CHEMBL103108";"";"None";"314.35";"0";"2.68";"32";"Nc1nc(N)c2nc(C3c4ccccc4-c4ccccc43)[nH]c2n1";"IC50";"'='";"30500.0";"nM";"4.52";"";"";"UO_0000065";"14.37";"0.26";"1.84";"4.24";"1";"CHEMBL1071424";"Inhibition of Toxoplasma gondii DHFR by spectrophotometric assay";"B";"BAO_0000357";"single protein format";"Toxoplasma gondii";"None";"None";"None";"None";"";"";"";"CHEMBL2425";"Dihydrofolate reductase";"Toxoplasma gondii";"SINGLE PROTEIN";"CHEMBL1156926";"1";"Scientific Literature";"Bioorg Med Chem";"2010";"None";"";"";""
"CHEMBL103203";"";"None";"302.34";"0";"2.85";"30";"Nc1nc(N)c2nc(-c3ccc(-c4ccccc4)cc3)[nH]c2n1";"IC50";"'='";"32900.0";"nM";"4.48";"";"";"UO_0000065";"14.83";"0.27";"1.63";"4.21";"1";"CHEMBL1071424";"Inhibition of Toxoplasma gondii DHFR by spectrophotometric assay";"B";"BAO_0000357";"single protein format";"Toxoplasma gondii";"None";"None";"None";"None";"";"";"";"CHEMBL2425";"Dihydrofolate reductase";"Toxoplasma gondii";"SINGLE PROTEIN";"CHEMBL1156926";"1";"Scientific Literature";"Bioorg Med Chem";"2010";"None";"";"";""
"CHEMBL279914";"";"None";"305.34";"0";"3.15";"40";"Nc1nc(N)c2c(CNc3ccc4ccccc4c3)coc2n1";"IC50";"'='";"38000.0";"nM";"4.42";"";"";"UO_0000065";"14.48";"0.26";"1.27";"4.29";"1";"CHEMBL1071424";"Inhibition of Toxoplasma gondii DHFR by spectrophotometric assay";"B";"BAO_0000357";"single protein format";"Toxoplasma gondii";"None";"None";"None";"None";"";"";"";"CHEMBL2425";"Dihydrofolate reductase";"Toxoplasma gondii";"SINGLE PROTEIN";"CHEMBL1156926";"1";"Scientific Literature";"Bioorg Med Chem";"2010";"None";"";"";""
"CHEMBL101908";"";"None";"322.40";"0";"2.96";"35";"Nc1nc(N)c2nc(CSc3ccc4ccccc4c3)[nH]c2n1";"IC50";"'='";"45000.0";"nM";"4.35";"";"";"UO_0000065";"13.48";"0.26";"1.39";"4.08";"1";"CHEMBL1071424";"Inhibition of Toxoplasma gondii DHFR by spectrophotometric assay";"B";"BAO_0000357";"single protein format";"Toxoplasma gondii";"None";"None";"None";"None";"";"";"";"CHEMBL2425";"Dihydrofolate reductase";"Toxoplasma gondii";"SINGLE PROTEIN";"CHEMBL1156926";"1";"Scientific Literature";"Bioorg Med Chem";"2010";"None";"";"";""
"CHEMBL274278";"";"None";"324.17";"0";"3.31";"2";"Nc1nc(N)c2c(CNc3ccc(Cl)c(Cl)c3)coc2n1";"IC50";"'='";"89300.0";"nM";"4.05";"";"";"UO_0000065";"12.49";"0.26";"0.74";"3.93";"1";"CHEMBL1071424";"Inhibition of Toxoplasma gondii DHFR by spectrophotometric assay";"B";"BAO_0000357";"single protein format";"Toxoplasma gondii";"None";"None";"None";"None";"";"";"";"CHEMBL2425";"Dihydrofolate reductase";"Toxoplasma gondii";"SINGLE PROTEIN";"CHEMBL1156926";"1";"Scientific Literature";"Bioorg Med Chem";"2010";"None";"";"";""
"CHEMBL331314";"";"None";"301.38";"0";"2.59";"62";"COc1ccccc1Sc1[nH]c2nc(N)nc(N)c2c1C";"IC50";"'='";"1020.0";"nM";"5.99";"";"";"UO_0000065";"19.88";"0.39";"3.40";"5.83";"1";"CHEMBL1071424";"Inhibition of Toxoplasma gondii DHFR by spectrophotometric assay";"B";"BAO_0000357";"single protein format";"Toxoplasma gondii";"None";"None";"None";"None";"";"";"";"CHEMBL2425";"Dihydrofolate reductase";"Toxoplasma gondii";"SINGLE PROTEIN";"CHEMBL1156926";"1";"Scientific Literature";"Bioorg Med Chem";"2010";"None";"";"";""
"CHEMBL106070";"";"None";"286.30";"0";"1.20";"23";"COc1ccc(OC)c(-c2nc3c(N)nc(N)nc3[nH]2)c1";"IC50";"'='";"1700.0";"nM";"5.77";"";"";"UO_0000065";"20.15";"0.38";"4.57";"4.62";"1";"CHEMBL1071424";"Inhibition of Toxoplasma gondii DHFR by spectrophotometric assay";"B";"BAO_0000357";"single protein format";"Toxoplasma gondii";"None";"None";"None";"None";"";"";"";"CHEMBL2425";"Dihydrofolate reductase";"Toxoplasma gondii";"SINGLE PROTEIN";"CHEMBL1156926";"1";"Scientific Literature";"Bioorg Med Chem";"2010";"None";"";"";""
"CHEMBL23787";"";"None";"318.79";"0";"2.53";"12j";"Nc1nc(N)c2nc(CSc3ccc(Cl)cc3)cnc2n1";"IC50";"'='";"16800.0";"nM";"4.78";"";"";"UO_0000065";"14.98";"0.31";"2.24";"4.61";"0";"CHEMBL665590";"Inhibitory activity against Toxoplasma gondii dihydrofolate reductase";"B";"BAO_0000357";"single protein format";"Toxoplasma gondii";"None";"None";"None";"None";"";"";"";"CHEMBL2425";"Dihydrofolate reductase";"Toxoplasma gondii";"SINGLE PROTEIN";"CHEMBL1129525";"1";"Scientific Literature";"J Med Chem";"1996";"None";"";"";""
"CHEMBL300419";"";"None";"370.41";"0";"1.86";"3";"COc1cc(Cc2cnc(N)nc2N)cc(C#CCCCC(=O)O)c1OC";"IC50";"'='";"34.0";"nM";"7.47";"";"";"UO_0000065";"20.16";"0.38";"5.61";"5.59";"1";"CHEMBL827820";"Inhibitory concentration against Toxoplasma gondii DHFR";"B";"BAO_0000357";"single protein format";"Toxoplasma gondii";"None";"None";"None";"None";"";"";"";"CHEMBL2425";"Dihydrofolate reductase";"Toxoplasma gondii";"SINGLE PROTEIN";"CHEMBL1145152";"1";"Scientific Literature";"J Med Chem";"2005";"None";"";"";""
"CHEMBL288350";"";"None";"358.44";"0";"2.82";"19";"COc1ccc(CCCCCCC(=O)O)cc1Cc1cnc(N)nc1N";"IC50";"'='";"30.0";"nM";"7.52";"";"";"UO_0000065";"20.99";"0.40";"4.70";"6.05";"1";"CHEMBL665598";"Inhibitory concentration against dihydrofolate reductase of Toxoplasma gondii";"B";"BAO_0000357";"single protein format";"Toxoplasma gondii";"None";"None";"None";"None";"";"";"";"CHEMBL2425";"Dihydrofolate reductase";"Toxoplasma gondii";"SINGLE PROTEIN";"CHEMBL1149100";"1";"Scientific Literature";"J Med Chem";"2004";"None";"";"";""
"CHEMBL141260";"";"None";"312.33";"0";"1.95";"157";"COc1ccc(OC)c(Nc2ccc3nc(N)nc(N)c3n2)c1";"IC50";"'='";"730.0";"nM";"6.14";"";"";"UO_0000065";"19.65";"0.36";"4.19";"5.06";"1";"CHEMBL828662";"Inhibition of Toxoplasma gondii dihydrofolate reductase";"B";"BAO_0000357";"single protein format";"Toxoplasma gondii";"None";"None";"None";"None";"";"";"";"CHEMBL2425";"Dihydrofolate reductase";"Toxoplasma gondii";"SINGLE PROTEIN";"CHEMBL1145190";"1";"Scientific Literature";"J Med Chem";"2005";"None";"";"";""
"CHEMBL22";"TRIMETHOPRIM";"4.0";"290.32";"0";"1.26";"9";"COc1cc(Cc2cnc(N)nc2N)cc(OC)c1OC";"IC50";"'='";"2800.0";"nM";"5.55";"";"";"UO_0000065";"19.13";"0.36";"4.29";"5.26";"1";"CHEMBL664379";"Concentration required to inhibit the Toxoplasma gondii Dihydrofolate reductase by 50% was determined; Range: 2400-3300";"B";"BAO_0000357";"single protein format";"Toxoplasma gondii";"None";"None";"None";"None";"";"";"";"CHEMBL2425";"Dihydrofolate reductase";"Toxoplasma gondii";"SINGLE PROTEIN";"CHEMBL1149188";"1";"Scientific Literature";"J Med Chem";"2004";"None";"";"";""
"CHEMBL325434";"";"None";"339.40";"0";"2.45";"103";"COc1ccc(OC)c(CN(C)c2ccc3nc(N)nc(N)c3c2)c1";"IC50";"'='";"30.0";"nM";"7.52";"";"";"UO_0000065";"22.17";"0.41";"5.07";"7.56";"1";"CHEMBL828662";"Inhibition of Toxoplasma gondii dihydrofolate reductase";"B";"BAO_0000357";"single protein format";"Toxoplasma gondii";"None";"None";"None";"None";"";"";"";"CHEMBL2425";"Dihydrofolate reductase";"Toxoplasma gondii";"SINGLE PROTEIN";"CHEMBL1145190";"1";"Scientific Literature";"J Med Chem";"2005";"None";"";"";""
"CHEMBL80066";"";"None";"314.78";"0";"2.76";"105";"Cc1c(CNc2cccc(Cl)c2)cnc2nc(N)nc(N)c12";"IC50";"'='";"11.0";"nM";"7.96";"";"";"UO_0000065";"25.28";"0.49";"5.20";"7.75";"1";"CHEMBL828662";"Inhibition of Toxoplasma gondii dihydrofolate reductase";"B";"BAO_0000357";"single protein format";"Toxoplasma gondii";"None";"None";"None";"None";"";"";"";"CHEMBL2425";"Dihydrofolate reductase";"Toxoplasma gondii";"SINGLE PROTEIN";"CHEMBL1145190";"1";"Scientific Literature";"J Med Chem";"2005";"None";"";"";""
"CHEMBL7492";"PIRITREXIM";"2.0";"325.37";"0";"2.11";"PTX";"COc1ccc(OC)c(Cc2cnc3nc(N)nc(N)c3c2C)c1";"IC50";"'='";"17.0";"nM";"7.77";"";"";"UO_0000065";"23.88";"0.44";"5.66";"7.12";"1";"CHEMBL661507";"Inhibitory activity against dihydrofolate reductase (DHFR) from Toxoplasma gondii";"B";"BAO_0000357";"single protein format";"Toxoplasma gondii";"None";"None";"None";"None";"";"";"";"CHEMBL2425";"Dihydrofolate reductase";"Toxoplasma gondii";"SINGLE PROTEIN";"CHEMBL1131172";"1";"Scientific Literature";"J Med Chem";"1998";"None";"";"";""
"CHEMBL299045";"";"None";"289.73";"0";"3.47";"1d";"CCc1nc(N)nc(N)c1-c1ccc(Cl)c(N=[N+]=[N-])c1";"IC50";"'='";"690.0";"nM";"6.16";"";"";"UO_0000065";"21.27";"0.42";"2.69";"4.87";"0";"CHEMBL664912";"Inhibitory concentration against Toxoplasma gondii dihydrofolate reductase";"B";"BAO_0000357";"single protein format";"Toxoplasma gondii";"None";"None";"None";"None";"";"";"";"CHEMBL2425";"Dihydrofolate reductase";"Toxoplasma gondii";"SINGLE PROTEIN";"CHEMBL1130062";"1";"Scientific Literature";"J Med Chem";"1997";"None";"";"";""
"CHEMBL68673";"";"None";"284.32";"0";"1.74";"35";"COc1ccc(NCc2c[nH]c3nc(N)nc(N)c23)cc1";"IC50";"'='";"6000.0";"nM";"5.22";"";"";"UO_0000065";"18.37";"0.34";"3.48";"4.55";"1";"CHEMBL828662";"Inhibition of Toxoplasma gondii dihydrofolate reductase";"B";"BAO_0000357";"single protein format";"Toxoplasma gondii";"None";"None";"None";"None";"";"";"";"CHEMBL2425";"Dihydrofolate reductase";"Toxoplasma gondii";"SINGLE PROTEIN";"CHEMBL1145190";"1";"Scientific Literature";"J Med Chem";"2005";"None";"";"";""
"CHEMBL283515";"";"None";"322.39";"0";"3.83";"40";"Nc1nc(N)c2c(CSc3cccc4ccccc34)coc2n1";"IC50";"'='";"19000.0";"nM";"4.72";"";"";"UO_0000065";"14.64";"0.28";"0.89";"5.19";"1";"CHEMBL828662";"Inhibition of Toxoplasma gondii dihydrofolate reductase";"B";"BAO_0000357";"single protein format";"Toxoplasma gondii";"None";"None";"None";"None";"";"";"";"CHEMBL2425";"Dihydrofolate reductase";"Toxoplasma gondii";"SINGLE PROTEIN";"CHEMBL1145190";"1";"Scientific Literature";"J Med Chem";"2005";"None";"";"";""
"CHEMBL50597";"";"None";"342.36";"0";"2.48";"46";"Nc1nc(N)c2nc(C(=O)c3ccccc3)c(-c3ccccc3)nc2n1";"IC50";"'='";"860.0";"nM";"6.07";"";"";"UO_0000065";"17.72";"0.32";"3.59";"5.03";"0";"CHEMBL664919";"Inhibitory activity against Dihydrohydrofolate reductase(DHFR) of Toxoplasma gondii";"B";"BAO_0000357";"single protein format";"Toxoplasma gondii";"None";"None";"None";"None";"";"";"";"CHEMBL2425";"Dihydrofolate reductase";"Toxoplasma gondii";"SINGLE PROTEIN";"CHEMBL1136782";"1";"Scientific Literature";"J Med Chem";"2003";"None";"";"";""
"CHEMBL287579";"";"None";"364.24";"0";"3.25";"4";"Nc1nc(N)c2c3c(oc2n1)CN(Cc1ccc(Cl)cc1Cl)CC3";"IC50";"'='";"13100.0";"nM";"4.88";"";"";"UO_0000065";"13.41";"0.28";"1.63";"5.18";"0";"CHEMBL665601";"Inhibition of Toxoplasma gondii Dihydrofolate reductase";"B";"BAO_0000357";"single protein format";"Toxoplasma gondii";"None";"None";"None";"None";"";"";"";"CHEMBL2425";"Dihydrofolate reductase";"Toxoplasma gondii";"SINGLE PROTEIN";"CHEMBL1131530";"1";"Scientific Literature";"J Med Chem";"1998";"None";"";"";""
"CHEMBL178119";"";"None";"369.43";"0";"2.46";"98";"COc1cc(OC)c(CN(C)c2ccc3nc(N)nc(N)c3c2)c(OC)c1";"IC50";"'='";"949.95";"nM";"6.02";"";"";"UO_0000065";"16.30";"0.30";"3.56";"5.54";"0";"CHEMBL830839";"Inhibition of Toxoplasma gondii dihydrofolate reductase";"B";"BAO_0000357";"single protein format";"Toxoplasma gondii";"None";"None";"None";"None";"";"";"";"CHEMBL2425";"Dihydrofolate reductase";"Toxoplasma gondii";"SINGLE PROTEIN";"CHEMBL1145190";"1";"Scientific Literature";"J Med Chem";"2005";"None";"";"";""
"CHEMBL144839";"";"None";"355.40";"0";"2.83";"4c";"Nc1nc(N)c2nc(CN3c4ccccc4Cc4ccccc43)cnc2n1";"IC50";"'='";"29.0";"nM";"7.54";"";"";"UO_0000065";"21.21";"0.38";"4.71";"7.06";"0";"CHEMBL665587";"Inhibitory activity against DHFR (Dihydrofolate reductase) from Toxoplasma gondii.";"B";"BAO_0000357";"single protein format";"Toxoplasma gondii";"None";"None";"None";"None";"";"";"";"CHEMBL2425";"Dihydrofolate reductase";"Toxoplasma gondii";"SINGLE PROTEIN";"CHEMBL1132186";"1";"Scientific Literature";"J Med Chem";"1999";"None";"";"";""
"CHEMBL120939";"";"None";"357.46";"0";"2.66";"140";"CCOc1ccc(OCC)c(NCC2CCc3nc(N)nc(N)c3C2)c1";"IC50";"'='";"140.0";"nM";"6.85";"";"";"UO_0000065";"19.17";"0.36";"4.19";"6.33";"1";"CHEMBL828662";"Inhibition of Toxoplasma gondii dihydrofolate reductase";"B";"BAO_0000357";"single protein format";"Toxoplasma gondii";"None";"None";"None";"None";"";"";"";"CHEMBL2425";"Dihydrofolate reductase";"Toxoplasma gondii";"SINGLE PROTEIN";"CHEMBL1145190";"1";"Scientific Literature";"J Med Chem";"2005";"None";"";"";""
"CHEMBL120821";"";"None";"397.48";"0";"1.91";"148";"C#CCN(CC1CCc2nc(N)nc(N)c2C1)c1cc(OC)c(OC)c(OC)c1";"IC50";"'='";"12.0";"nM";"7.92";"";"";"UO_0000065";"19.93";"0.37";"6.01";"7.28";"1";"CHEMBL830839";"Inhibition of Toxoplasma gondii dihydrofolate reductase";"B";"BAO_0000357";"single protein format";"Toxoplasma gondii";"None";"None";"None";"None";"";"";"";"CHEMBL2425";"Dihydrofolate reductase";"Toxoplasma gondii";"SINGLE PROTEIN";"CHEMBL1145190";"1";"Scientific Literature";"J Med Chem";"2005";"None";"";"";""
"CHEMBL82924";"";"None";"397.70";"0";"4.09";"5c";"Cc1c(CN(C)c2cc(Cl)c(Cl)c(Cl)c2)cnc2nc(N)nc(N)c12";"IC50";"'='";"38.1";"nM";"7.42";"";"";"UO_0000065";"18.65";"0.41";"3.33";"7.90";"0";"CHEMBL665696";"Inhibition of Toxoplasma gondii dihydrofolate reductase";"B";"BAO_0000357";"single protein format";"Toxoplasma gondii";"None";"None";"None";"None";"";"";"";"CHEMBL2425";"Dihydrofolate reductase";"Toxoplasma gondii";"SINGLE PROTEIN";"CHEMBL1126886";"1";"Scientific Literature";"J Med Chem";"1993";"None";"";"";""
"CHEMBL3953069";"";"None";"339.23";"0";"2.27";"15";"Nc1ncc(N2CCN(c3ccc(Cl)c(Cl)c3)CC2)c(N)n1";"IC50";"'='";"17.0";"nM";"7.77";"";"";"UO_0000065";"22.90";"0.48";"5.50";"9.22";"0";"CHEMBL3867372";"Inhibition of Toxoplasma gondii TS-DHFR expressed in Escherichia coli BL21 preincubated for 15 mins followed by addition of DHF as substrate and NADPH measured after 60 mins by resazurin/diaphorase coupled assay";"B";"BAO_0000366";"cell-free format";"Toxoplasma gondii";"CHEMBL3559721";"Plasma";"None";"None";"";"";"";"CHEMBL2425";"Dihydrofolate reductase";"Toxoplasma gondii";"SINGLE PROTEIN";"CHEMBL3865850";"1";"Scientific Literature";"ACS Med Chem Lett";"2016";"None";"";"";""
"CHEMBL3901807";"";"None";"399.50";"0";"2.81";"11";"Cc1nc(N)nc(N)c1CN1CCN(c2cccc(-c3cccc(C#N)c3)c2)CC1";"IC50";"'='";"200.0";"nM";"6.70";"";"";"UO_0000065";"16.77";"0.30";"3.89";"6.20";"0";"CHEMBL3867372";"Inhibition of Toxoplasma gondii TS-DHFR expressed in Escherichia coli BL21 preincubated for 15 mins followed by addition of DHF as substrate and NADPH measured after 60 mins by resazurin/diaphorase coupled assay";"B";"BAO_0000366";"cell-free format";"Toxoplasma gondii";"CHEMBL3559721";"Plasma";"None";"None";"";"";"";"CHEMBL2425";"Dihydrofolate reductase";"Toxoplasma gondii";"SINGLE PROTEIN";"CHEMBL3865850";"1";"Scientific Literature";"ACS Med Chem Lett";"2016";"None";"";"";""
"CHEMBL3940818";"";"None";"413.49";"0";"2.45";"10";"Cc1nc(N)nc(N)c1C(=O)N1CCN(c2cccc(-c3cccc(C#N)c3)c2)CC1";"IC50";"'='";"3000.0";"nM";"5.52";"";"";"UO_0000065";"13.36";"0.24";"3.07";"4.41";"0";"CHEMBL3867372";"Inhibition of Toxoplasma gondii TS-DHFR expressed in Escherichia coli BL21 preincubated for 15 mins followed by addition of DHF as substrate and NADPH measured after 60 mins by resazurin/diaphorase coupled assay";"B";"BAO_0000366";"cell-free format";"Toxoplasma gondii";"CHEMBL3559721";"Plasma";"None";"None";"";"";"";"CHEMBL2425";"Dihydrofolate reductase";"Toxoplasma gondii";"SINGLE PROTEIN";"CHEMBL3865850";"1";"Scientific Literature";"ACS Med Chem Lett";"2016";"None";"";"";""
"CHEMBL119";"TRIMETREXATE";"4.0";"369.43";"0";"2.74";"3";"COc1cc(NCc2ccc3nc(N)nc(N)c3c2C)cc(OC)c1OC";"IC50";"'='";"10.0";"nM";"8.00";"";"";"UO_0000065";"21.65";"0.40";"5.26";"6.81";"1";"CHEMBL665703";"Compound was tested for inhibition activity against Toxoplasma gondii (Toxoplasma gondii) Dihydrofolate reductase";"B";"BAO_0000357";"single protein format";"Toxoplasma gondii";"None";"None";"None";"None";"";"";"";"CHEMBL2425";"Dihydrofolate reductase";"Toxoplasma gondii";"SINGLE PROTEIN";"CHEMBL1131495";"1";"Scientific Literature";"J Med Chem";"1998";"None";"";"";""
"CHEMBL36";"PYRIMETHAMINE";"4.0";"248.72";"0";"2.52";"Pyrimethamine";"CCc1nc(N)nc(N)c1-c1ccc(Cl)cc1";"IC50";"'='";"200.0";"nM";"6.70";"";"";"UO_0000065";"26.93";"0.54";"4.18";"8.61";"0";"CHEMBL2050304";"Inhibition of Toxoplasma gondii DHFR";"B";"BAO_0000357";"single protein format";"Toxoplasma gondii";"None";"None";"None";"None";"";"";"";"CHEMBL2425";"Dihydrofolate reductase";"Toxoplasma gondii";"SINGLE PROTEIN";"CHEMBL2046359";"1";"Scientific Literature";"Bioorg Med Chem";"2012";"None";"";"";""
"CHEMBL22";"TRIMETHOPRIM";"4.0";"290.32";"0";"1.26";"Trimethoprim";"COc1cc(Cc2cnc(N)nc2N)cc(OC)c1OC";"IC50";"'='";"6800.0";"nM";"5.17";"";"";"UO_0000065";"17.80";"0.34";"3.91";"4.90";"1";"CHEMBL2050304";"Inhibition of Toxoplasma gondii DHFR";"B";"BAO_0000357";"single protein format";"Toxoplasma gondii";"None";"None";"None";"None";"";"";"";"CHEMBL2425";"Dihydrofolate reductase";"Toxoplasma gondii";"SINGLE PROTEIN";"CHEMBL2046359";"1";"Scientific Literature";"Bioorg Med Chem";"2012";"None";"";"";""
"CHEMBL2047247";"";"None";"308.77";"0";"4.03";"7";"Nc1nc2c(c(Nc3ccc(Cl)cc3)n1)-c1ccccc1C2";"IC50";"'>'";"14000.0";"nM";"";"";"";"UO_0000065";"";"";"";"";"0";"CHEMBL2050307";"Inhibition of Toxoplasma gondii thymidylate synthase";"B";"BAO_0000357";"single protein format";"Toxoplasma gondii";"None";"None";"None";"None";"";"";"";"CHEMBL2425";"Dihydrofolate reductase";"Toxoplasma gondii";"SINGLE PROTEIN";"CHEMBL2046359";"1";"Scientific Literature";"Bioorg Med Chem";"2012";"None";"";"";""
"CHEMBL3892841";"";"None";"394.40";"0";"2.01";"17";"Nc1ncc(CN2CCCN(C(=O)c3cccc(C(F)(F)F)c3)CC2)c(N)n1";"IC50";"'>'";"10000.0";"nM";"";"";"";"UO_0000065";"";"";"";"";"0";"CHEMBL3867372";"Inhibition of Toxoplasma gondii TS-DHFR expressed in Escherichia coli BL21 preincubated for 15 mins followed by addition of DHF as substrate and NADPH measured after 60 mins by resazurin/diaphorase coupled assay";"B";"BAO_0000366";"cell-free format";"Toxoplasma gondii";"CHEMBL3559721";"Plasma";"None";"None";"";"";"";"CHEMBL2425";"Dihydrofolate reductase";"Toxoplasma gondii";"SINGLE PROTEIN";"CHEMBL3865850";"1";"Scientific Literature";"ACS Med Chem Lett";"2016";"None";"";"";""
"CHEMBL3963161";"";"None";"383.38";"0";"4.33";"3";"Nc1ncc(Cn2cc(-c3cccc(C(F)(F)F)c3)c3ccccc32)c(N)n1";"IC50";"'='";"980.0";"nM";"6.01";"";"";"UO_0000065";"15.67";"0.29";"1.68";"7.26";"0";"CHEMBL3867372";"Inhibition of Toxoplasma gondii TS-DHFR expressed in Escherichia coli BL21 preincubated for 15 mins followed by addition of DHF as substrate and NADPH measured after 60 mins by resazurin/diaphorase coupled assay";"B";"BAO_0000366";"cell-free format";"Toxoplasma gondii";"CHEMBL3559721";"Plasma";"None";"None";"";"";"";"CHEMBL2425";"Dihydrofolate reductase";"Toxoplasma gondii";"SINGLE PROTEIN";"CHEMBL3865850";"1";"Scientific Literature";"ACS Med Chem Lett";"2016";"None";"";"";""
"CHEMBL310397";"";"None";"441.45";"0";"2.87";"8";"Nc1nc(N)c2nc(CN3c4ccccc4C=Cc4cc(OCC(=O)O)ccc43)cnc2n1";"IC50";"'='";"17.0";"nM";"7.77";"";"";"UO_0000065";"17.60";"0.32";"4.90";"5.07";"0";"CHEMBL663071";"Concentration required to inhibit the Toxoplasma gondii Dihydrofolate reductase by 50% was determined; Range: 12-24";"B";"BAO_0000357";"single protein format";"Toxoplasma gondii";"None";"None";"None";"None";"";"";"";"CHEMBL2425";"Dihydrofolate reductase";"Toxoplasma gondii";"SINGLE PROTEIN";"CHEMBL1149188";"1";"Scientific Literature";"J Med Chem";"2004";"None";"";"";""
"CHEMBL69363";"";"None";"342.40";"0";"2.53";"7";"CCOc1ccc(OCC)c(NCc2c[nH]c3nc(N)nc(N)c23)c1";"IC50";"'='";"5248.07";"nM";"5.28";"";"";"UO_0000065";"15.42";"0.29";"2.75";"4.25";"0";"CHEMBL1071424";"Inhibition of Toxoplasma gondii DHFR by spectrophotometric assay";"B";"BAO_0000357";"single protein format";"Toxoplasma gondii";"None";"None";"None";"None";"";"";"";"CHEMBL2425";"Dihydrofolate reductase";"Toxoplasma gondii";"SINGLE PROTEIN";"CHEMBL1156926";"1";"Scientific Literature";"Bioorg Med Chem";"2010";"None";"";"";""
"CHEMBL116815";"";"None";"325.37";"0";"2.42";"4";"COc1cc(CNc2ccc3nc(N)nc(N)c3c2)cc(OC)c1";"IC50";"'='";"120.0";"nM";"6.92";"";"";"UO_0000065";"21.27";"0.39";"4.50";"6.39";"0";"CHEMBL664917";"Inhibitory activity against Dihydrofolate reductase from Toxoplasma gondii (tgDHFR)";"B";"BAO_0000357";"single protein format";"Toxoplasma gondii";"None";"None";"None";"None";"";"";"";"CHEMBL2425";"Dihydrofolate reductase";"Toxoplasma gondii";"SINGLE PROTEIN";"CHEMBL1131583";"1";"Scientific Literature";"J Med Chem";"1998";"None";"";"";""
"CHEMBL116637";"";"None";"355.40";"0";"2.43";"7";"COc1ccc(CNc2ccc3nc(N)nc(N)c3c2)c(OC)c1OC";"IC50";"'='";"810.0";"nM";"6.09";"";"";"UO_0000065";"17.14";"0.32";"3.66";"5.18";"0";"CHEMBL665585";"Inhibition of recombinant Dihydrofolate reductase from Toxoplasma gondii (tgDHFR)";"B";"BAO_0000357";"single protein format";"Toxoplasma gondii";"None";"None";"None";"None";"";"";"";"CHEMBL2425";"Dihydrofolate reductase";"Toxoplasma gondii";"SINGLE PROTEIN";"CHEMBL1131583";"1";"Scientific Literature";"J Med Chem";"1998";"None";"";"";""
"CHEMBL224974";"";"None";"445.46";"1";"1.34";"4";"Cc1c(Sc2ccc(C(=O)N[C@@H](CCC(=O)O)C(=O)O)cc2)[nH]c2nc(N)[nH]c(=O)c12";"IC50";"'='";"2200.0";"nM";"5.66";"";"";"UO_0000065";"12.70";"0.25";"4.32";"2.96";"0";"CHEMBL914522";"Inhibition of Toxoplasma gondii DHFR";"B";"BAO_0000357";"single protein format";"Toxoplasma gondii";"None";"None";"None";"None";"";"";"";"CHEMBL2425";"Dihydrofolate reductase";"Toxoplasma gondii";"SINGLE PROTEIN";"CHEMBL1139472";"1";"Scientific Literature";"J Med Chem";"2005";"None";"";"";""
"CHEMBL284849";"";"None";"356.39";"0";"1.83";"17";"COc1cc(OC)c(OC)cc1CNc1cnc2nc(N)nc(N)c2c1";"IC50";"'='";"480.0";"nM";"6.32";"";"";"UO_0000065";"17.73";"0.33";"4.49";"4.84";"0";"CHEMBL665616";"Inhibitory activity against Toxoplasma gondii dihydrofolate reductase (in 90 uM dihydrofolic acid)";"B";"BAO_0000357";"single protein format";"Toxoplasma gondii";"None";"None";"None";"None";"";"";"";"CHEMBL2425";"Dihydrofolate reductase";"Toxoplasma gondii";"SINGLE PROTEIN";"CHEMBL1129539";"1";"Scientific Literature";"J Med Chem";"1996";"None";"";"";""
"CHEMBL123984";"";"None";"301.38";"0";"2.59";"8";"COc1cccc(Sc2[nH]c3nc(N)nc(N)c3c2C)c1";"IC50";"'='";"4760.0";"nM";"5.32";"";"";"UO_0000065";"17.66";"0.35";"2.73";"5.18";"0";"CHEMBL668092";"Inhibitory concentration against Dihydrofolate reductase from Toxoplasma gondii (Toxoplasma gondii)";"B";"BAO_0000357";"single protein format";"Toxoplasma gondii";"None";"None";"None";"None";"";"";"";"CHEMBL2425";"Dihydrofolate reductase";"Toxoplasma gondii";"SINGLE PROTEIN";"CHEMBL1148359";"1";"Scientific Literature";"J Med Chem";"2004";"None";"";"";""
"CHEMBL102850";"";"None";"422.45";"0";"3.11";"10";"CCc1nc(N)nc(N)c1-c1ccc(N(C)Cc2ccc(C(=O)O)cc2)c([N+](=O)[O-])c1";"IC50";"'='";"3.1";"nM";"8.51";"";"";"UO_0000065";"20.14";"0.37";"5.40";"5.27";"0";"CHEMBL884350";"Inhibitory activity against Dihydrofolate reductase from Toxoplasma gondii was evaluated using 90 uM dihydrofolic acid as substrate";"B";"BAO_0000357";"single protein format";"Toxoplasma gondii";"None";"None";"None";"None";"";"";"";"CHEMBL2425";"Dihydrofolate reductase";"Toxoplasma gondii";"SINGLE PROTEIN";"CHEMBL1130351";"1";"Scientific Literature";"J Med Chem";"1997";"None";"";"";""
"CHEMBL141808";"";"None";"356.39";"0";"1.83";"25";"COc1cc(CNc2ccc3nc(N)nc(N)c3n2)cc(OC)c1OC";"IC50";"'='";"490.0";"nM";"6.31";"";"";"UO_0000065";"17.70";"0.33";"4.48";"4.84";"0";"CHEMBL661507";"Inhibitory activity against dihydrofolate reductase (DHFR) from Toxoplasma gondii";"B";"BAO_0000357";"single protein format";"Toxoplasma gondii";"None";"None";"None";"None";"";"";"";"CHEMBL2425";"Dihydrofolate reductase";"Toxoplasma gondii";"SINGLE PROTEIN";"CHEMBL1131172";"1";"Scientific Literature";"J Med Chem";"1998";"None";"";"";""
"CHEMBL23532";"";"None";"370.41";"0";"2.14";"20";"COc1cc(NCc2cnc3nc(N)nc(N)c3c2C)cc(OC)c1OC";"IC50";"'='";"7.4";"nM";"8.13";"";"";"UO_0000065";"21.95";"0.41";"5.99";"6.23";"1";"CHEMBL664909";"Concentration inhibiting Toxoplasma gondii dihydrofolate reductase";"B";"BAO_0000357";"single protein format";"Toxoplasma gondii";"None";"None";"None";"None";"";"";"";"CHEMBL2425";"Dihydrofolate reductase";"Toxoplasma gondii";"SINGLE PROTEIN";"CHEMBL1128717";"1";"Scientific Literature";"J Med Chem";"1995";"None";"";"";""
"CHEMBL278110";"";"None";"372.64";"0";"3.98";"15";"CN(Cc1coc2nc(N)nc(N)c12)c1cc(Cl)c(Cl)c(Cl)c1";"IC50";"'='";"21500.0";"nM";"4.67";"";"";"UO_0000065";"12.53";"0.28";"0.69";"4.95";"0";"CHEMBL664908";"Inhibitory activity against dihydrofolate reductase from Toxoplasma gondii";"B";"BAO_0000357";"single protein format";"Toxoplasma gondii";"None";"None";"None";"None";"";"";"";"CHEMBL2425";"Dihydrofolate reductase";"Toxoplasma gondii";"SINGLE PROTEIN";"CHEMBL1131327";"1";"Scientific Literature";"J Med Chem";"1998";"None";"";"";""
"CHEMBL7488";"";"None";"359.43";"0";"1.88";"149";"COc1cc(NCC2CCc3nc(N)nc(N)c3C2)cc(OC)c1OC";"IC50";"'='";"54.0";"nM";"7.27";"";"";"UO_0000065";"20.22";"0.38";"5.39";"6.18";"1";"CHEMBL830839";"Inhibition of Toxoplasma gondii dihydrofolate reductase";"B";"BAO_0000357";"single protein format";"Toxoplasma gondii";"None";"None";"None";"None";"";"";"";"CHEMBL2425";"Dihydrofolate reductase";"Toxoplasma gondii";"SINGLE PROTEIN";"CHEMBL1145190";"1";"Scientific Literature";"J Med Chem";"2005";"None";"";"";""
"CHEMBL223301";"";"None";"342.40";"0";"2.13";"37 (R)";"COc1cc([C@@H](C)C#Cc2c(C)nc(N)nc2N)cc(OC)c1OC";"Activity";"'='";"0.49";"";"";"";"";"";"";"";"";"";"0";"CHEMBL919382";"Ligand efficiency at Toxoplasma gondii DHFR-TS";"B";"BAO_0000357";"single protein format";"Toxoplasma gondii";"None";"None";"None";"None";"";"";"";"CHEMBL2425";"Dihydrofolate reductase";"Toxoplasma gondii";"SINGLE PROTEIN";"CHEMBL1142238";"1";"Scientific Literature";"J Med Chem";"2007";"None";"";"";""
"CHEMBL423558";"";"None";"359.43";"0";"1.88";"33";"COc1cc(CCC2CNc3nc(N)nc(N)c3C2)cc(OC)c1OC";"IC50";"'='";"1100.0";"nM";"5.96";"";"";"UO_0000065";"16.58";"0.31";"4.08";"5.07";"0";"CHEMBL828662";"Inhibition of Toxoplasma gondii dihydrofolate reductase";"B";"BAO_0000357";"single protein format";"Toxoplasma gondii";"None";"None";"None";"None";"";"";"";"CHEMBL2425";"Dihydrofolate reductase";"Toxoplasma gondii";"SINGLE PROTEIN";"CHEMBL1145190";"1";"Scientific Literature";"J Med Chem";"2005";"None";"";"";""
"CHEMBL423558";"";"None";"359.43";"0";"1.88";"33";"COc1cc(CCC2CNc3nc(N)nc(N)c3C2)cc(OC)c1OC";"IC50";"'='";"1099.01";"nM";"5.96";"";"";"UO_0000065";"16.58";"0.31";"4.08";"5.07";"0";"CHEMBL830839";"Inhibition of Toxoplasma gondii dihydrofolate reductase";"B";"BAO_0000357";"single protein format";"Toxoplasma gondii";"None";"None";"None";"None";"";"";"";"CHEMBL2425";"Dihydrofolate reductase";"Toxoplasma gondii";"SINGLE PROTEIN";"CHEMBL1145190";"1";"Scientific Literature";"J Med Chem";"2005";"None";"";"";""
"CHEMBL179102";"";"None";"315.38";"0";"3.56";"100";"Nc1nc(N)c2cc(NCc3cccc4ccccc34)ccc2n1";"IC50";"'='";"99.0";"nM";"7.00";"";"";"UO_0000065";"22.21";"0.40";"3.44";"7.80";"0";"CHEMBL828662";"Inhibition of Toxoplasma gondii dihydrofolate reductase";"B";"BAO_0000357";"single protein format";"Toxoplasma gondii";"None";"None";"None";"None";"";"";"";"CHEMBL2425";"Dihydrofolate reductase";"Toxoplasma gondii";"SINGLE PROTEIN";"CHEMBL1145190";"1";"Scientific Literature";"J Med Chem";"2005";"None";"";"";""
"CHEMBL23416";"";"None";"314.78";"0";"2.76";"106";"Cc1c(CNc2ccc(Cl)cc2)cnc2nc(N)nc(N)c12";"IC50";"'='";"19.01";"nM";"7.72";"";"";"UO_0000065";"24.53";"0.48";"4.96";"7.52";"0";"CHEMBL830839";"Inhibition of Toxoplasma gondii dihydrofolate reductase";"B";"BAO_0000357";"single protein format";"Toxoplasma gondii";"None";"None";"None";"None";"";"";"";"CHEMBL2425";"Dihydrofolate reductase";"Toxoplasma gondii";"SINGLE PROTEIN";"CHEMBL1145190";"1";"Scientific Literature";"J Med Chem";"2005";"None";"";"";""
"CHEMBL141417";"";"None";"403.87";"0";"3.13";"15";"COc1cc(CCNc2ccc3nc(N)nc(N)c3c2Cl)cc(OC)c1OC";"IC50";"'='";"2600.0";"nM";"5.58";"";"";"UO_0000065";"13.83";"0.27";"2.46";"4.75";"0";"CHEMBL664915";"Inhibition of Dihydrofolate reductase of Toxoplasma gondii";"B";"BAO_0000357";"single protein format";"Toxoplasma gondii";"None";"None";"None";"None";"";"";"";"CHEMBL2425";"Dihydrofolate reductase";"Toxoplasma gondii";"SINGLE PROTEIN";"CHEMBL1127704";"1";"Scientific Literature";"J Med Chem";"1994";"None";"";"";""
"CHEMBL300603";"";"None";"349.23";"0";"3.13";"10";"CN(Cc1ccc2nc(N)nc(N)c2n1)c1ccc(Cl)c(Cl)c1";"IC50";"'='";"98.0";"nM";"7.01";"";"";"UO_0000065";"20.07";"0.42";"3.88";"7.46";"0";"CHEMBL664909";"Concentration inhibiting Toxoplasma gondii dihydrofolate reductase";"B";"BAO_0000357";"single protein format";"Toxoplasma gondii";"None";"None";"None";"None";"";"";"";"CHEMBL2425";"Dihydrofolate reductase";"Toxoplasma gondii";"SINGLE PROTEIN";"CHEMBL1128717";"1";"Scientific Literature";"J Med Chem";"1995";"None";"";"";""
"CHEMBL102303";"";"None";"240.27";"0";"1.11";"33";"Nc1nc(N)c2nc(Cc3ccccc3)[nH]c2n1";"IC50";"'='";"500.0";"nM";"6.30";"";"";"UO_0000065";"26.22";"0.48";"5.19";"5.92";"1";"CHEMBL1071424";"Inhibition of Toxoplasma gondii DHFR by spectrophotometric assay";"B";"BAO_0000357";"single protein format";"Toxoplasma gondii";"None";"None";"None";"None";"";"";"";"CHEMBL2425";"Dihydrofolate reductase";"Toxoplasma gondii";"SINGLE PROTEIN";"CHEMBL1156926";"1";"Scientific Literature";"Bioorg Med Chem";"2010";"None";"";"";""
"CHEMBL312688";"";"None";"295.13";"0";"2.49";"27";"Nc1nc(N)c2nc(-c3ccc(Cl)c(Cl)c3)[nH]c2n1";"IC50";"'='";"6700.0";"nM";"5.17";"";"";"UO_0000065";"17.53";"0.37";"2.68";"4.86";"1";"CHEMBL1071424";"Inhibition of Toxoplasma gondii DHFR by spectrophotometric assay";"B";"BAO_0000357";"single protein format";"Toxoplasma gondii";"None";"None";"None";"None";"";"";"";"CHEMBL2425";"Dihydrofolate reductase";"Toxoplasma gondii";"SINGLE PROTEIN";"CHEMBL1156926";"1";"Scientific Literature";"Bioorg Med Chem";"2010";"None";"";"";""
"CHEMBL69681";"";"None";"344.38";"0";"1.76";"3";"COc1cc(NCc2c[nH]c3nc(N)nc(N)c23)cc(OC)c1OC";"IC50";"'='";"8100.0";"nM";"5.09";"";"";"UO_0000065";"14.78";"0.28";"3.33";"3.82";"1";"CHEMBL1071424";"Inhibition of Toxoplasma gondii DHFR by spectrophotometric assay";"B";"BAO_0000357";"single protein format";"Toxoplasma gondii";"None";"None";"None";"None";"";"";"";"CHEMBL2425";"Dihydrofolate reductase";"Toxoplasma gondii";"SINGLE PROTEIN";"CHEMBL1156926";"1";"Scientific Literature";"Bioorg Med Chem";"2010";"None";"";"";""
"CHEMBL23297";"";"None";"347.38";"0";"3.79";"42";"Nc1nc(N)c2c(CNc3ccc(Oc4ccccc4)cc3)coc2n1";"IC50";"'='";"32400.0";"nM";"4.49";"";"";"UO_0000065";"12.92";"0.24";"0.70";"4.00";"1";"CHEMBL1071424";"Inhibition of Toxoplasma gondii DHFR by spectrophotometric assay";"B";"BAO_0000357";"single protein format";"Toxoplasma gondii";"None";"None";"None";"None";"";"";"";"CHEMBL2425";"Dihydrofolate reductase";"Toxoplasma gondii";"SINGLE PROTEIN";"CHEMBL1156926";"1";"Scientific Literature";"Bioorg Med Chem";"2010";"None";"";"";""
"CHEMBL23960";"";"None";"331.38";"0";"3.67";"43";"Nc1nc(N)c2c(CNc3ccccc3-c3ccccc3)coc2n1";"IC50";"'='";"45400.0";"nM";"4.34";"";"";"UO_0000065";"13.11";"0.24";"0.67";"4.22";"1";"CHEMBL1071424";"Inhibition of Toxoplasma gondii DHFR by spectrophotometric assay";"B";"BAO_0000357";"single protein format";"Toxoplasma gondii";"None";"None";"None";"None";"";"";"";"CHEMBL2425";"Dihydrofolate reductase";"Toxoplasma gondii";"SINGLE PROTEIN";"CHEMBL1156926";"1";"Scientific Literature";"Bioorg Med Chem";"2010";"None";"";"";""
"CHEMBL22561";"";"None";"319.37";"0";"3.18";"12";"CN(Cc1coc2nc(N)nc(N)c12)c1ccc2ccccc2c1";"IC50";"'='";"23600.0";"nM";"4.63";"";"";"UO_0000065";"14.49";"0.26";"1.45";"4.91";"0";"CHEMBL664908";"Inhibitory activity against dihydrofolate reductase from Toxoplasma gondii";"B";"BAO_0000357";"single protein format";"Toxoplasma gondii";"None";"None";"None";"None";"";"";"";"CHEMBL2425";"Dihydrofolate reductase";"Toxoplasma gondii";"SINGLE PROTEIN";"CHEMBL1131327";"1";"Scientific Literature";"J Med Chem";"1998";"None";"";"";""
"CHEMBL23532";"";"None";"370.41";"0";"2.14";"TMQ";"COc1cc(NCc2cnc3nc(N)nc(N)c3c2C)cc(OC)c1OC";"IC50";"'='";"10.0";"nM";"8.00";"";"";"UO_0000065";"21.60";"0.40";"5.86";"6.13";"0";"CHEMBL664921";"Inhibition of Dihydrofolate Reductase of Toxoplasma gondii.";"B";"BAO_0000357";"single protein format";"Toxoplasma gondii";"None";"None";"None";"None";"";"";"";"CHEMBL2425";"Dihydrofolate reductase";"Toxoplasma gondii";"SINGLE PROTEIN";"CHEMBL1129938";"1";"Scientific Literature";"J Med Chem";"1997";"None";"";"";""
"CHEMBL142081";"";"None";"299.36";"0";"2.35";"4";"COc1ccccc1Sc1ccc2nc(N)nc(N)c2n1";"IC50";"'='";"58.0";"nM";"7.24";"";"";"UO_0000065";"24.17";"0.47";"4.89";"7.24";"0";"CHEMBL661507";"Inhibitory activity against dihydrofolate reductase (DHFR) from Toxoplasma gondii";"B";"BAO_0000357";"single protein format";"Toxoplasma gondii";"None";"None";"None";"None";"";"";"";"CHEMBL2425";"Dihydrofolate reductase";"Toxoplasma gondii";"SINGLE PROTEIN";"CHEMBL1131172";"1";"Scientific Literature";"J Med Chem";"1998";"None";"";"";""
"CHEMBL225180";"";"None";"445.46";"1";"1.34";"3";"Cc1[nH]c2nc(N)[nH]c(=O)c2c1Sc1ccc(C(=O)N[C@@H](CCC(=O)O)C(=O)O)cc1";"IC50";"'='";"90.0";"nM";"7.05";"";"";"UO_0000065";"15.82";"0.31";"5.71";"3.68";"0";"CHEMBL1819661";"Inhibition of Toxoplasma gondii TS assessed as oxidation of tetrahydrofolate to dihydrofolate after 2 to 12 mins by spectrophotometry";"B";"BAO_0000357";"single protein format";"Toxoplasma gondii";"None";"None";"None";"None";"";"";"";"CHEMBL2425";"Dihydrofolate reductase";"Toxoplasma gondii";"SINGLE PROTEIN";"CHEMBL1817595";"1";"Scientific Literature";"Bioorg Med Chem";"2011";"None";"";"";""
"CHEMBL1818549";"";"None";"506.54";"1";"3.33";"5";"Cc1nc2sc3cccc(CNc4ccc5c(c4)CN([C@@H](CCC(=O)O)C(=O)O)C5=O)c3c2c(=O)[nH]1";"IC50";"'='";"3700.0";"nM";"5.43";"";"";"UO_0000065";"10.72";"0.21";"2.10";"3.56";"0";"CHEMBL1819661";"Inhibition of Toxoplasma gondii TS assessed as oxidation of tetrahydrofolate to dihydrofolate after 2 to 12 mins by spectrophotometry";"B";"BAO_0000357";"single protein format";"Toxoplasma gondii";"None";"None";"None";"None";"";"";"";"CHEMBL2425";"Dihydrofolate reductase";"Toxoplasma gondii";"SINGLE PROTEIN";"CHEMBL1817595";"1";"Scientific Literature";"Bioorg Med Chem";"2011";"None";"";"";""
"CHEMBL223301";"";"None";"342.40";"0";"2.13";"37 (R)";"COc1cc([C@@H](C)C#Cc2c(C)nc(N)nc2N)cc(OC)c1OC";"IC50";"'='";"1.4";"nM";"8.85";"";"";"UO_0000065";"25.86";"0.48";"6.72";"8.39";"0";"CHEMBL919380";"Inhibition of Toxoplasma gondii DHFR-TS";"B";"BAO_0000357";"single protein format";"Toxoplasma gondii";"None";"None";"None";"None";"";"";"";"CHEMBL2425";"Dihydrofolate reductase";"Toxoplasma gondii";"SINGLE PROTEIN";"CHEMBL1142238";"1";"Scientific Literature";"J Med Chem";"2007";"None";"";"";""
"CHEMBL220159";"";"None";"328.37";"0";"1.57";"16";"COc1cc(CC#Cc2c(C)nc(N)nc2N)cc(OC)c1OC";"Activity";"'='";"0.35";"";"";"";"";"";"";"";"";"";"0";"CHEMBL919382";"Ligand efficiency at Toxoplasma gondii DHFR-TS";"B";"BAO_0000357";"single protein format";"Toxoplasma gondii";"None";"None";"None";"None";"";"";"";"CHEMBL2425";"Dihydrofolate reductase";"Toxoplasma gondii";"SINGLE PROTEIN";"CHEMBL1142238";"1";"Scientific Literature";"J Med Chem";"2007";"None";"";"";""
"CHEMBL137981";"";"None";"329.39";"0";"2.36";"6";"COc1ccc(Sc2ccc3nc(N)nc(N)c3n2)cc1OC";"IC50";"'='";"19.0";"nM";"7.72";"";"";"UO_0000065";"23.44";"0.46";"5.36";"7.07";"0";"CHEMBL661507";"Inhibitory activity against dihydrofolate reductase (DHFR) from Toxoplasma gondii";"B";"BAO_0000357";"single protein format";"Toxoplasma gondii";"None";"None";"None";"None";"";"";"";"CHEMBL2425";"Dihydrofolate reductase";"Toxoplasma gondii";"SINGLE PROTEIN";"CHEMBL1131172";"1";"Scientific Literature";"J Med Chem";"1998";"None";"";"";""
"CHEMBL102447";"";"None";"593.64";"2";"3.40";"29";"CCOC(=O)CCC(NC(=O)c1ccc(CNc2ccc(-c3c(N)nc(N)nc3CC)cc2[N+](=O)[O-])cc1)C(=O)OCC";"IC50";"'='";"7.1";"nM";"8.15";"";"";"UO_0000065";"13.73";"0.26";"4.75";"3.80";"0";"CHEMBL884350";"Inhibitory activity against Dihydrofolate reductase from Toxoplasma gondii was evaluated using 90 uM dihydrofolic acid as substrate";"B";"BAO_0000357";"single protein format";"Toxoplasma gondii";"None";"None";"None";"None";"";"";"";"CHEMBL2425";"Dihydrofolate reductase";"Toxoplasma gondii";"SINGLE PROTEIN";"CHEMBL1130351";"1";"Scientific Literature";"J Med Chem";"1997";"None";"";"";""
"CHEMBL226955";"";"None";"319.82";"0";"3.49";"8";"CCc1c(Sc2ccc(Cl)cc2)[nH]c2nc(N)nc(N)c12";"IC50";"'='";"1540000.0";"nM";"";"Outside typical range";"";"UO_0000065";"";"";"";"";"0";"CHEMBL889609";"Inhibition of Toxoplasma gondii DHFR";"B";"BAO_0000357";"single protein format";"Toxoplasma gondii";"None";"None";"None";"None";"";"";"";"CHEMBL2425";"Dihydrofolate reductase";"Toxoplasma gondii";"SINGLE PROTEIN";"CHEMBL1145401";"1";"Scientific Literature";"J Med Chem";"2007";"None";"";"";""
"CHEMBL54538";"";"None";"330.39";"0";"2.98";"68";"CN(Cc1ccc2nc(N)nc(N)c2n1)c1cccc2ccccc12";"IC50";"'='";"18.0";"nM";"7.75";"";"";"UO_0000065";"23.44";"0.42";"4.76";"8.24";"1";"CHEMBL828662";"Inhibition of Toxoplasma gondii dihydrofolate reductase";"B";"BAO_0000357";"single protein format";"Toxoplasma gondii";"None";"None";"None";"None";"";"";"";"CHEMBL2425";"Dihydrofolate reductase";"Toxoplasma gondii";"SINGLE PROTEIN";"CHEMBL1145190";"1";"Scientific Literature";"J Med Chem";"2005";"None";"";"";""
"CHEMBL138452";"";"None";"342.36";"0";"1.96";"158";"COc1cc(Nc2ccc3nc(N)nc(N)c3n2)cc(OC)c1OC";"IC50";"'='";"2400.0";"nM";"5.62";"";"";"UO_0000065";"16.41";"0.31";"3.66";"4.31";"1";"CHEMBL828662";"Inhibition of Toxoplasma gondii dihydrofolate reductase";"B";"BAO_0000357";"single protein format";"Toxoplasma gondii";"None";"None";"None";"None";"";"";"";"CHEMBL2425";"Dihydrofolate reductase";"Toxoplasma gondii";"SINGLE PROTEIN";"CHEMBL1145190";"1";"Scientific Literature";"J Med Chem";"2005";"None";"";"";""
"CHEMBL138252";"";"None";"286.73";"0";"2.59";"160";"Nc1nc(N)c2nc(Nc3ccc(Cl)cc3)ccc2n1";"IC50";"'='";"830.04";"nM";"6.08";"";"";"UO_0000065";"21.21";"0.42";"3.49";"5.92";"0";"CHEMBL830839";"Inhibition of Toxoplasma gondii dihydrofolate reductase";"B";"BAO_0000357";"single protein format";"Toxoplasma gondii";"None";"None";"None";"None";"";"";"";"CHEMBL2425";"Dihydrofolate reductase";"Toxoplasma gondii";"SINGLE PROTEIN";"CHEMBL1145190";"1";"Scientific Literature";"J Med Chem";"2005";"None";"";"";""
"CHEMBL117750";"";"None";"369.43";"0";"2.46";"99";"COc1ccc(CN(C)c2ccc3nc(N)nc(N)c3c2)c(OC)c1OC";"IC50";"'='";"17.0";"nM";"7.77";"";"";"UO_0000065";"21.03";"0.39";"5.31";"7.14";"1";"CHEMBL828662";"Inhibition of Toxoplasma gondii dihydrofolate reductase";"B";"BAO_0000357";"single protein format";"Toxoplasma gondii";"None";"None";"None";"None";"";"";"";"CHEMBL2425";"Dihydrofolate reductase";"Toxoplasma gondii";"SINGLE PROTEIN";"CHEMBL1145190";"1";"Scientific Literature";"J Med Chem";"2005";"None";"";"";""
"CHEMBL22";"TRIMETHOPRIM";"4.0";"290.32";"0";"1.26";"TMP";"COc1cc(Cc2cnc(N)nc2N)cc(OC)c1OC";"IC50";"'='";"3400.0";"nM";"5.47";"";"";"UO_0000065";"18.84";"0.36";"4.21";"5.18";"0";"CHEMBL665701";"Inhibitory activity against Toxoplasma gondii (tg) Dihydrofolate reductase (DHFR)";"B";"BAO_0000357";"single protein format";"Toxoplasma gondii";"None";"None";"None";"None";"";"";"";"CHEMBL2425";"Dihydrofolate reductase";"Toxoplasma gondii";"SINGLE PROTEIN";"CHEMBL1135650";"1";"Scientific Literature";"J Med Chem";"2002";"None";"";"";""
"CHEMBL276734";"";"None";"304.36";"0";"2.89";"1c";"Nc1nc(N)c2c(CNc3cccc4ccccc34)c[nH]c2n1";"IC50";"'='";"1100.0";"nM";"5.96";"";"";"UO_0000065";"19.58";"0.35";"3.07";"5.64";"1";"CHEMBL664913";"Inhibition against Dihydrofolate reductase in Toxoplasma gondii";"B";"BAO_0000357";"single protein format";"Toxoplasma gondii";"None";"None";"None";"None";"";"";"";"CHEMBL2425";"Dihydrofolate reductase";"Toxoplasma gondii";"SINGLE PROTEIN";"CHEMBL1129990";"1";"Scientific Literature";"J Med Chem";"1997";"None";"";"";""
"CHEMBL7492";"PIRITREXIM";"2.0";"325.37";"0";"2.11";"2, PTX";"COc1ccc(OC)c(Cc2cnc3nc(N)nc(N)c3c2C)c1";"IC50";"'='";"4.3";"nM";"8.37";"";"";"UO_0000065";"25.71";"0.48";"6.26";"7.66";"0";"CHEMBL665598";"Inhibitory concentration against dihydrofolate reductase of Toxoplasma gondii";"B";"BAO_0000357";"single protein format";"Toxoplasma gondii";"None";"None";"None";"None";"";"";"";"CHEMBL2425";"Dihydrofolate reductase";"Toxoplasma gondii";"SINGLE PROTEIN";"CHEMBL1149100";"1";"Scientific Literature";"J Med Chem";"2004";"None";"";"";""
"CHEMBL341703";"";"None";"264.33";"0";"2.58";"18";"Nc1nc(N)c2c(CCc3ccccc3)cccc2n1";"IC50";"'='";"370.0";"nM";"6.43";"";"";"UO_0000065";"24.33";"0.44";"3.85";"8.26";"0";"CHEMBL665589";"Inhibitory activity against Toxoplasma gondii Dihydrofolate reductase";"B";"BAO_0000357";"single protein format";"Toxoplasma gondii";"None";"None";"None";"None";"";"";"";"CHEMBL2425";"Dihydrofolate reductase";"Toxoplasma gondii";"SINGLE PROTEIN";"CHEMBL1128249";"1";"Scientific Literature";"J Med Chem";"1995";"None";"";"";""
"CHEMBL493718";"";"None";"343.43";"0";"3.97";"6";"CCN(Cc1cccc2ccccc12)c1ccc2nc(N)nc(N)c2c1";"IC50";"'='";"7.8";"nM";"8.11";"";"";"UO_0000065";"23.61";"0.43";"4.14";"10.00";"0";"CHEMBL1027390";"Inhibition of Toxoplasma gondii dihydrofolate reductase";"B";"BAO_0000357";"single protein format";"Toxoplasma gondii";"None";"None";"None";"None";"";"";"";"CHEMBL2425";"Dihydrofolate reductase";"Toxoplasma gondii";"SINGLE PROTEIN";"CHEMBL1140088";"1";"Scientific Literature";"J Med Chem";"2008";"None";"";"";""
"CHEMBL594810";"";"None";"324.38";"0";"3.42";"3";"COc1ccccc1C(=Cc1coc2nc(=N)[nH]c(N)c12)C(C)C";"IC50";"'='";"7500.0";"nM";"5.12";"";"";"UO_0000065";"15.80";"0.29";"1.70";"5.08";"0";"CHEMBL1038908";"Inhibition of Toxoplasma gondii DHFR in presence of saturating levels of NADPH and DHFA";"B";"BAO_0000357";"single protein format";"Toxoplasma gondii";"None";"None";"None";"None";"";"";"";"CHEMBL2425";"Dihydrofolate reductase";"Toxoplasma gondii";"SINGLE PROTEIN";"CHEMBL1152608";"1";"Scientific Literature";"Bioorg Med Chem";"2009";"None";"";"";""
"CHEMBL418502";"";"None";"324.17";"0";"3.16";"11";"Nc1nc(O)c2c(CNc3cc(Cl)ccc3Cl)c[nH]c2n1";"IC50";"'='";"660.0";"nM";"6.18";"";"";"UO_0000065";"19.07";"0.40";"3.02";"6.19";"0";"CHEMBL664920";"Inhibitory activity against Toxoplasma gondii dihydrofolate reductase";"B";"BAO_0000357";"single protein format";"Toxoplasma gondii";"None";"None";"None";"None";"";"";"";"CHEMBL2425";"Dihydrofolate reductase";"Toxoplasma gondii";"SINGLE PROTEIN";"CHEMBL1134503";"1";"Scientific Literature";"J Med Chem";"2001";"None";"";"";""
"CHEMBL227063";"";"None";"336.42";"0";"3.38";"16";"CCc1c(Sc2cccc3cccnc23)[nH]c2nc(N)nc(N)c12";"IC50";"'='";"160000.0";"nM";"";"Outside typical range";"";"UO_0000065";"";"";"";"";"0";"CHEMBL889609";"Inhibition of Toxoplasma gondii DHFR";"B";"BAO_0000357";"single protein format";"Toxoplasma gondii";"None";"None";"None";"None";"";"";"";"CHEMBL2425";"Dihydrofolate reductase";"Toxoplasma gondii";"SINGLE PROTEIN";"CHEMBL1145401";"1";"Scientific Literature";"J Med Chem";"2007";"None";"";"";""
"CHEMBL225072";"PEMETREXED";"4.0";"427.42";"1";"0.67";"PMX";"Nc1nc2[nH]cc(CCc3ccc(C(=O)N[C@@H](CCC(=O)O)C(=O)O)cc3)c2c(=O)[nH]1";"IC50";"'='";"2800.0";"nM";"5.55";"";"";"UO_0000065";"12.99";"0.24";"4.88";"2.90";"1";"CHEMBL1062968";"Inhibition of Toxoplasma gondii thymidylate synthase";"B";"BAO_0000357";"single protein format";"Toxoplasma gondii";"None";"None";"None";"None";"";"";"";"CHEMBL2425";"Dihydrofolate reductase";"Toxoplasma gondii";"SINGLE PROTEIN";"CHEMBL1151945";"1";"Scientific Literature";"J Med Chem";"2009";"None";"";"";""
"CHEMBL432136";"";"None";"254.30";"0";"1.73";"10";"Nc1nc(N)c2c(CNc3ccccc3)c[nH]c2n1";"IC50";"'='";"3890.45";"nM";"5.41";"";"";"UO_0000065";"21.27";"0.39";"3.68";"5.12";"0";"CHEMBL1071424";"Inhibition of Toxoplasma gondii DHFR by spectrophotometric assay";"B";"BAO_0000357";"single protein format";"Toxoplasma gondii";"None";"None";"None";"None";"";"";"";"CHEMBL2425";"Dihydrofolate reductase";"Toxoplasma gondii";"SINGLE PROTEIN";"CHEMBL1156926";"1";"Scientific Literature";"Bioorg Med Chem";"2010";"None";"";"";""
"CHEMBL1530518";"";"None";"335.32";"0";"3.06";"10, RJC00902";"COC(=O)Nc1nc2cc(-c3nnc(O)c4ccccc34)ccc2[nH]1";"Inhibition";"'='";"50.0";"%";"";"";"";"UO_0000187";"";"";"";"";"0";"CHEMBL3118570";"Inhibition of Toxoplasma gondii TS-DHFR using methylenetetrahydrofolate/dUMP as sustrate at 100 uM preincubated for 10 mins followed by substrate addition";"B";"BAO_0000357";"single protein format";"Toxoplasma gondii";"None";"None";"None";"None";"";"";"";"CHEMBL2425";"Dihydrofolate reductase";"Toxoplasma gondii";"SINGLE PROTEIN";"CHEMBL3112437";"1";"Scientific Literature";"Bioorg Med Chem Lett";"2014";"None";"";"";""
"CHEMBL596742";"";"None";"299.40";"0";"3.20";"92";"Cc1cc(C)cc(Sc2[nH]c3nc(N)nc(N)c3c2C)c1";"IC50";"'='";"572.0";"nM";"6.24";"";"";"UO_0000065";"20.85";"0.41";"3.04";"6.67";"0";"CHEMBL1071426";"Inhibition of Toxoplasma gondii DHFR using dihydrofolic acid substrate and NADPH cofactor by spectrophotometric assay";"B";"BAO_0000357";"single protein format";"Toxoplasma gondii";"None";"None";"None";"None";"";"";"";"CHEMBL2425";"Dihydrofolate reductase";"Toxoplasma gondii";"SINGLE PROTEIN";"CHEMBL1156926";"1";"Scientific Literature";"Bioorg Med Chem";"2010";"None";"";"";""
"CHEMBL3949585";"";"None";"423.91";"0";"2.63";"8";"Cc1nc(N)nc(N)c1C(=O)N1CCN(c2cc(Cl)ccc2-c2ccccn2)CC1";"IC50";"'>'";"10000.0";"nM";"";"";"";"UO_0000065";"";"";"";"";"0";"CHEMBL3867372";"Inhibition of Toxoplasma gondii TS-DHFR expressed in Escherichia coli BL21 preincubated for 15 mins followed by addition of DHF as substrate and NADPH measured after 60 mins by resazurin/diaphorase coupled assay";"B";"BAO_0000366";"cell-free format";"Toxoplasma gondii";"CHEMBL3559721";"Plasma";"None";"None";"";"";"";"CHEMBL2425";"Dihydrofolate reductase";"Toxoplasma gondii";"SINGLE PROTEIN";"CHEMBL3865850";"1";"Scientific Literature";"ACS Med Chem Lett";"2016";"None";"";"";""
"CHEMBL36";"PYRIMETHAMINE";"4.0";"248.72";"0";"2.52";"PYR";"CCc1nc(N)nc(N)c1-c1ccc(Cl)cc1";"IC50";"'='";"230.0";"nM";"6.64";"";"";"UO_0000065";"26.69";"0.53";"4.12";"8.53";"0";"CHEMBL3867372";"Inhibition of Toxoplasma gondii TS-DHFR expressed in Escherichia coli BL21 preincubated for 15 mins followed by addition of DHF as substrate and NADPH measured after 60 mins by resazurin/diaphorase coupled assay";"B";"BAO_0000366";"cell-free format";"Toxoplasma gondii";"CHEMBL3559721";"Plasma";"None";"None";"";"";"";"CHEMBL2425";"Dihydrofolate reductase";"Toxoplasma gondii";"SINGLE PROTEIN";"CHEMBL3865850";"1";"Scientific Literature";"ACS Med Chem Lett";"2016";"None";"";"";""
"CHEMBL478192";"";"None";"327.46";"0";"4.01";"20";"Cc1cccc(C)c1Sc1[nH]c2nc(N)nc(N)c2c1C(C)C";"IC50";"'='";"300.0";"nM";"6.52";"";"";"UO_0000065";"19.92";"0.39";"2.51";"6.97";"0";"CHEMBL983765";"Inhibition of Toxoplasma gondii dihydrofolate reductase";"B";"BAO_0000357";"single protein format";"Toxoplasma gondii";"None";"None";"None";"None";"";"";"";"CHEMBL2425";"Dihydrofolate reductase";"Toxoplasma gondii";"SINGLE PROTEIN";"CHEMBL1155823";"1";"Scientific Literature";"J Med Chem";"2008";"None";"";"";""
"CHEMBL603198";"";"None";"324.38";"0";"3.13";"10";"COc1ccccc1C(Cc1coc2nc(N)nc(N)c12)C1CC1";"IC50";"'='";"4440.0";"nM";"5.35";"";"";"UO_0000065";"16.50";"0.30";"2.22";"5.34";"0";"CHEMBL1038908";"Inhibition of Toxoplasma gondii DHFR in presence of saturating levels of NADPH and DHFA";"B";"BAO_0000357";"single protein format";"Toxoplasma gondii";"None";"None";"None";"None";"";"";"";"CHEMBL2425";"Dihydrofolate reductase";"Toxoplasma gondii";"SINGLE PROTEIN";"CHEMBL1152608";"1";"Scientific Literature";"Bioorg Med Chem";"2009";"None";"";"";""
"CHEMBL605413";"";"None";"326.40";"0";"3.52";"8";"CCCC(Cc1coc2nc(N)nc(N)c12)c1ccccc1OC";"IC50";"'='";"30000.0";"nM";"4.52";"";"";"UO_0000065";"13.86";"0.26";"1.00";"4.51";"0";"CHEMBL1038908";"Inhibition of Toxoplasma gondii DHFR in presence of saturating levels of NADPH and DHFA";"B";"BAO_0000357";"single protein format";"Toxoplasma gondii";"None";"None";"None";"None";"";"";"";"CHEMBL2425";"Dihydrofolate reductase";"Toxoplasma gondii";"SINGLE PROTEIN";"CHEMBL1152608";"1";"Scientific Literature";"Bioorg Med Chem";"2009";"None";"";"";""
"CHEMBL103971";"";"None";"475.55";"0";"3.97";"17";"CCc1nc(N)nc(N)c1-c1ccc(N(C)Cc2ccc(C3=NC(C)(C)CO3)cc2)c([N+](=O)[O-])c1";"IC50";"'='";"14.0";"nM";"7.85";"";"";"UO_0000065";"16.52";"0.31";"3.88";"5.39";"0";"CHEMBL884350";"Inhibitory activity against Dihydrofolate reductase from Toxoplasma gondii was evaluated using 90 uM dihydrofolic acid as substrate";"B";"BAO_0000357";"single protein format";"Toxoplasma gondii";"None";"None";"None";"None";"";"";"";"CHEMBL2425";"Dihydrofolate reductase";"Toxoplasma gondii";"SINGLE PROTEIN";"CHEMBL1130351";"1";"Scientific Literature";"J Med Chem";"1997";"None";"";"";""
"CHEMBL102996";"";"None";"443.49";"0";"2.04";"16";"CCc1nc(N)nc(N)c1-c1ccc(NCc2ccc(S(N)(=O)=O)cc2)c([N+](=O)[O-])c1";"IC50";"'='";"5.8";"nM";"8.24";"";"";"UO_0000065";"18.57";"0.36";"6.20";"4.26";"0";"CHEMBL884350";"Inhibitory activity against Dihydrofolate reductase from Toxoplasma gondii was evaluated using 90 uM dihydrofolic acid as substrate";"B";"BAO_0000357";"single protein format";"Toxoplasma gondii";"None";"None";"None";"None";"";"";"";"CHEMBL2425";"Dihydrofolate reductase";"Toxoplasma gondii";"SINGLE PROTEIN";"CHEMBL1130351";"1";"Scientific Literature";"J Med Chem";"1997";"None";"";"";""
"CHEMBL279243";"";"None";"284.35";"0";"1.88";"1";"Nc1nc(N)c2nc(CSc3ccccc3)cnc2n1";"IC50";"'='";"770.0";"nM";"6.11";"";"";"UO_0000065";"21.50";"0.42";"4.23";"5.90";"1";"CHEMBL665702";"Inhibitory activity against Toxoplasma gondii dihydrofolate reductase.";"B";"BAO_0000357";"single protein format";"Toxoplasma gondii";"None";"None";"None";"None";"";"";"";"CHEMBL2425";"Dihydrofolate reductase";"Toxoplasma gondii";"SINGLE PROTEIN";"CHEMBL1129583";"1";"Scientific Literature";"J Med Chem";"1996";"None";"";"";""
"CHEMBL36";"PYRIMETHAMINE";"4.0";"248.72";"0";"2.52";"Pyrimethamine";"CCc1nc(N)nc(N)c1-c1ccc(Cl)cc1";"IC50";"'='";"390.0";"nM";"6.41";"";"";"UO_0000065";"25.77";"0.51";"3.89";"8.24";"1";"CHEMBL665590";"Inhibitory activity against Toxoplasma gondii dihydrofolate reductase";"B";"BAO_0000357";"single protein format";"Toxoplasma gondii";"None";"None";"None";"None";"";"";"";"CHEMBL2425";"Dihydrofolate reductase";"Toxoplasma gondii";"SINGLE PROTEIN";"CHEMBL1129525";"1";"Scientific Literature";"J Med Chem";"1996";"None";"";"";""
"CHEMBL7492";"PIRITREXIM";"2.0";"325.37";"0";"2.11";"PTX";"COc1ccc(OC)c(Cc2cnc3nc(N)nc(N)c3c2C)c1";"IC50";"'='";"17.0";"nM";"7.77";"";"";"UO_0000065";"23.88";"0.44";"5.66";"7.12";"1";"CHEMBL665702";"Inhibitory activity against Toxoplasma gondii dihydrofolate reductase.";"B";"BAO_0000357";"single protein format";"Toxoplasma gondii";"None";"None";"None";"None";"";"";"";"CHEMBL2425";"Dihydrofolate reductase";"Toxoplasma gondii";"SINGLE PROTEIN";"CHEMBL1129583";"1";"Scientific Literature";"J Med Chem";"1996";"None";"";"";""
"CHEMBL306731";"";"None";"294.31";"0";"2.15";"1a";"Nc1nc(N)c2cc(C(=O)OCc3ccccc3)ccc2n1";"IC50";"'='";"360.0";"nM";"6.44";"";"";"UO_0000065";"21.89";"0.40";"4.29";"6.19";"0";"CHEMBL665597";"Inhibitory concentration against dihydrofolate reductase DHFR from Toxoplasma gondii";"B";"BAO_0000357";"single protein format";"Toxoplasma gondii";"None";"None";"None";"None";"";"";"";"CHEMBL2425";"Dihydrofolate reductase";"Toxoplasma gondii";"SINGLE PROTEIN";"CHEMBL1134533";"1";"Scientific Literature";"J Med Chem";"2001";"None";"";"";""
"CHEMBL36";"PYRIMETHAMINE";"4.0";"248.72";"0";"2.52";"Pyrimethamine";"CCc1nc(N)nc(N)c1-c1ccc(Cl)cc1";"IC50";"'='";"390.0";"nM";"6.41";"";"";"UO_0000065";"25.77";"0.51";"3.89";"8.24";"1";"CHEMBL665589";"Inhibitory activity against Toxoplasma gondii Dihydrofolate reductase";"B";"BAO_0000357";"single protein format";"Toxoplasma gondii";"None";"None";"None";"None";"";"";"";"CHEMBL2425";"Dihydrofolate reductase";"Toxoplasma gondii";"SINGLE PROTEIN";"CHEMBL1128249";"1";"Scientific Literature";"J Med Chem";"1995";"None";"";"";""
"CHEMBL164845";"";"None";"262.32";"0";"2.96";"17";"Nc1nc(N)c2c(/C=C/c3ccccc3)cccc2n1";"IC50";"'='";"1200.0";"nM";"5.92";"";"";"UO_0000065";"22.57";"0.40";"2.96";"7.61";"0";"CHEMBL665589";"Inhibitory activity against Toxoplasma gondii Dihydrofolate reductase";"B";"BAO_0000357";"single protein format";"Toxoplasma gondii";"None";"None";"None";"None";"";"";"";"CHEMBL2425";"Dihydrofolate reductase";"Toxoplasma gondii";"SINGLE PROTEIN";"CHEMBL1128249";"1";"Scientific Literature";"J Med Chem";"1995";"None";"";"";""
"CHEMBL172353";"";"None";"344.42";"0";"2.33";"15b";"COc1cc(CCC2CCc3nc(N)nc(N)c32)cc(OC)c1OC";"IC50";"'='";"1400.0";"nM";"5.85";"";"";"UO_0000065";"17.00";"0.32";"3.52";"5.55";"0";"CHEMBL665703";"Compound was tested for inhibition activity against Toxoplasma gondii (Toxoplasma gondii) Dihydrofolate reductase";"B";"BAO_0000357";"single protein format";"Toxoplasma gondii";"None";"None";"None";"None";"";"";"";"CHEMBL2425";"Dihydrofolate reductase";"Toxoplasma gondii";"SINGLE PROTEIN";"CHEMBL1131495";"1";"Scientific Literature";"J Med Chem";"1998";"None";"";"";""
"CHEMBL53420";"";"None";"369.64";"0";"3.76";"30";"Nc1nc(N)c2nc(CNc3cc(Cl)c(Cl)c(Cl)c3)ccc2n1";"IC50";"'='";"87.0";"nM";"7.06";"";"";"UO_0000065";"19.10";"0.42";"3.30";"6.87";"0";"CHEMBL665702";"Inhibitory activity against Toxoplasma gondii dihydrofolate reductase.";"B";"BAO_0000357";"single protein format";"Toxoplasma gondii";"None";"None";"None";"None";"";"";"";"CHEMBL2425";"Dihydrofolate reductase";"Toxoplasma gondii";"SINGLE PROTEIN";"CHEMBL1129583";"1";"Scientific Literature";"J Med Chem";"1996";"None";"";"";""
"CHEMBL331986";"";"None";"331.40";"0";"2.60";"11";"COc1ccc(OC)c(Sc2[nH]c3nc(N)nc(N)c3c2C)c1";"IC50";"'='";"170.0";"nM";"6.77";"";"";"UO_0000065";"20.43";"0.40";"4.17";"6.04";"0";"CHEMBL668092";"Inhibitory concentration against Dihydrofolate reductase from Toxoplasma gondii (Toxoplasma gondii)";"B";"BAO_0000357";"single protein format";"Toxoplasma gondii";"None";"None";"None";"None";"";"";"";"CHEMBL2425";"Dihydrofolate reductase";"Toxoplasma gondii";"SINGLE PROTEIN";"CHEMBL1148359";"1";"Scientific Literature";"J Med Chem";"2004";"None";"";"";""
"CHEMBL23021";"";"None";"340.39";"0";"2.13";"1";"COc1ccc(OC)c(NCc2cnc3nc(N)nc(N)c3c2C)c1";"IC50";"'='";"16.0";"nM";"7.80";"";"";"UO_0000065";"22.90";"0.43";"5.67";"6.43";"1";"CHEMBL664921";"Inhibition of Dihydrofolate Reductase of Toxoplasma gondii.";"B";"BAO_0000357";"single protein format";"Toxoplasma gondii";"None";"None";"None";"None";"";"";"";"CHEMBL2425";"Dihydrofolate reductase";"Toxoplasma gondii";"SINGLE PROTEIN";"CHEMBL1129938";"1";"Scientific Literature";"J Med Chem";"1997";"None";"";"";""
"CHEMBL34259";"METHOTREXATE";"4.0";"454.45";"0";"0.27";"3, MTX";"CN(Cc1cnc2nc(N)nc(N)c2n1)c1ccc(C(=O)N[C@@H](CCC(=O)O)C(=O)O)cc1";"IC50";"'='";"14000.0";"nM";"";"Potential transcription error";"";"UO_0000065";"";"";"";"";"1";"CHEMBL919380";"Inhibition of Toxoplasma gondii DHFR-TS";"B";"BAO_0000357";"single protein format";"Toxoplasma gondii";"None";"None";"None";"None";"";"";"";"CHEMBL2425";"Dihydrofolate reductase";"Toxoplasma gondii";"SINGLE PROTEIN";"CHEMBL1142238";"1";"Scientific Literature";"J Med Chem";"2007";"None";"";"";""
"CHEMBL17873";"";"None";"323.19";"0";"3.04";"6";"Nc1nc(N)c2c(CNc3ccc(Cl)c(Cl)c3)c[nH]c2n1";"IC50";"'='";"1400.0";"nM";"5.85";"";"";"UO_0000065";"18.11";"0.38";"2.81";"5.54";"0";"CHEMBL665698";"Inhibition of Toxoplasma gondii (tc) Dihydrofolate reductase";"B";"BAO_0000357";"single protein format";"Toxoplasma gondii";"None";"None";"None";"None";"";"";"";"CHEMBL2425";"Dihydrofolate reductase";"Toxoplasma gondii";"SINGLE PROTEIN";"CHEMBL1128397";"1";"Scientific Literature";"J Med Chem";"1995";"None";"";"";""
"CHEMBL1201794";"RIBOFLAVIN 5'-PHOSPHATE";"4.0";"456.35";"1";"-1.61";"FMN";"Cc1cc2nc3c(=O)[nH]c(=O)nc-3n(C[C@H](O)[C@H](O)[C@H](O)COP(=O)(O)O)c2cc1C";"IC50";"'>'";"500000.0";"nM";"";"Outside typical range";"";"UO_0000065";"";"";"";"";"0";"CHEMBL1029823";"Inhibition of Toxoplasma gondii TS-DHFR";"B";"BAO_0000357";"single protein format";"Toxoplasma gondii";"None";"None";"None";"None";"";"";"";"CHEMBL2425";"Dihydrofolate reductase";"Toxoplasma gondii";"SINGLE PROTEIN";"CHEMBL1154526";"1";"Scientific Literature";"Bioorg Med Chem Lett";"2009";"None";"";"";""
"CHEMBL48648";"";"None";"308.39";"0";"2.61";"9";"Nc1nc(N)c2c(CNc3cccc4c3CCCC4)c[nH]c2n1";"IC50";"'='";"1100.0";"nM";"5.96";"";"";"UO_0000065";"19.32";"0.35";"3.35";"5.64";"1";"CHEMBL1071424";"Inhibition of Toxoplasma gondii DHFR by spectrophotometric assay";"B";"BAO_0000357";"single protein format";"Toxoplasma gondii";"None";"None";"None";"None";"";"";"";"CHEMBL2425";"Dihydrofolate reductase";"Toxoplasma gondii";"SINGLE PROTEIN";"CHEMBL1156926";"1";"Scientific Literature";"Bioorg Med Chem";"2010";"None";"";"";""
"CHEMBL227065";"";"None";"321.41";"0";"3.74";"90";"Cc1c(Sc2ccc3ccccc3c2)[nH]c2nc(N)nc(N)c12";"IC50";"'='";"1600.0";"nM";"5.80";"";"";"UO_0000065";"18.03";"0.34";"2.06";"6.19";"0";"CHEMBL1071426";"Inhibition of Toxoplasma gondii DHFR using dihydrofolic acid substrate and NADPH cofactor by spectrophotometric assay";"B";"BAO_0000357";"single protein format";"Toxoplasma gondii";"None";"None";"None";"None";"";"";"";"CHEMBL2425";"Dihydrofolate reductase";"Toxoplasma gondii";"SINGLE PROTEIN";"CHEMBL1156926";"1";"Scientific Literature";"Bioorg Med Chem";"2010";"None";"";"";""
"CHEMBL331314";"";"None";"301.38";"0";"2.59";"62";"COc1ccccc1Sc1[nH]c2nc(N)nc(N)c2c1C";"IC50";"'='";"1023.29";"nM";"5.99";"";"";"UO_0000065";"19.88";"0.39";"3.40";"5.82";"0";"CHEMBL1071424";"Inhibition of Toxoplasma gondii DHFR by spectrophotometric assay";"B";"BAO_0000357";"single protein format";"Toxoplasma gondii";"None";"None";"None";"None";"";"";"";"CHEMBL2425";"Dihydrofolate reductase";"Toxoplasma gondii";"SINGLE PROTEIN";"CHEMBL1156926";"1";"Scientific Literature";"Bioorg Med Chem";"2010";"None";"";"";""
"CHEMBL610498";"";"None";"340.24";"0";"3.89";"71";"Cc1[nH]c2nc(N)nc(N)c2c1Sc1ccc(Cl)cc1Cl";"IC50";"'='";"28183.83";"nM";"4.55";"";"";"UO_0000065";"13.37";"0.30";"0.66";"4.86";"0";"CHEMBL1071424";"Inhibition of Toxoplasma gondii DHFR by spectrophotometric assay";"B";"BAO_0000357";"single protein format";"Toxoplasma gondii";"None";"None";"None";"None";"";"";"";"CHEMBL2425";"Dihydrofolate reductase";"Toxoplasma gondii";"SINGLE PROTEIN";"CHEMBL1156926";"1";"Scientific Literature";"Bioorg Med Chem";"2010";"None";"";"";""
"CHEMBL34259";"METHOTREXATE";"4.0";"454.45";"0";"0.27";"methotrexate";"CN(Cc1cnc2nc(N)nc(N)c2n1)c1ccc(C(=O)N[C@@H](CCC(=O)O)C(=O)O)cc1";"IC50";"";"";"";"";"";"Not Determined";"";"";"";"";"";"0";"CHEMBL1034982";"Inhibition of Toxoplasma gondii thymidylate synthase";"B";"BAO_0000357";"single protein format";"Toxoplasma gondii";"None";"None";"None";"None";"";"";"";"CHEMBL2425";"Dihydrofolate reductase";"Toxoplasma gondii";"SINGLE PROTEIN";"CHEMBL1140135";"1";"Scientific Literature";"J Med Chem";"2008";"None";"";"";""
"CHEMBL492839";"";"None";"358.27";"0";"4.33";"10";"Cc1sc2nc(N)[nH]c(=O)c2c1Sc1cc(Cl)cc(Cl)c1";"IC50";"'='";"2300.0";"nM";"5.64";"";"";"UO_0000065";"15.74";"0.37";"1.31";"7.86";"0";"CHEMBL1034982";"Inhibition of Toxoplasma gondii thymidylate synthase";"B";"BAO_0000357";"single protein format";"Toxoplasma gondii";"None";"None";"None";"None";"";"";"";"CHEMBL2425";"Dihydrofolate reductase";"Toxoplasma gondii";"SINGLE PROTEIN";"CHEMBL1140135";"1";"Scientific Literature";"J Med Chem";"2008";"None";"";"";""
"CHEMBL422395";"";"None";"477.48";"0";"1.19";"PDDF";"C#CCN(Cc1ccc2[nH]c(N)nc(=O)c2c1)c1ccc(C(=O)NC(CCC(=O)O)C(=O)O)cc1";"IC50";"'='";"220.0";"nM";"6.66";"";"";"UO_0000065";"13.94";"0.26";"5.47";"3.73";"1";"CHEMBL1034984";"Inhibition of Toxoplasma gondii DHFR";"B";"BAO_0000357";"single protein format";"Toxoplasma gondii";"None";"None";"None";"None";"";"";"";"CHEMBL2425";"Dihydrofolate reductase";"Toxoplasma gondii";"SINGLE PROTEIN";"CHEMBL1140135";"1";"Scientific Literature";"J Med Chem";"2008";"None";"";"";""
"CHEMBL225072";"PEMETREXED";"4.0";"427.42";"1";"0.67";"PMX";"Nc1nc2[nH]cc(CCc3ccc(C(=O)N[C@@H](CCC(=O)O)C(=O)O)cc3)c2c(=O)[nH]1";"IC50";"'='";"430.0";"nM";"6.37";"";"";"UO_0000065";"14.90";"0.28";"5.70";"3.33";"0";"CHEMBL1034984";"Inhibition of Toxoplasma gondii DHFR";"B";"BAO_0000357";"single protein format";"Toxoplasma gondii";"None";"None";"None";"None";"";"";"";"CHEMBL2425";"Dihydrofolate reductase";"Toxoplasma gondii";"SINGLE PROTEIN";"CHEMBL1140135";"1";"Scientific Literature";"J Med Chem";"2008";"None";"";"";""
"CHEMBL115804";"";"None";"339.40";"0";"2.45";"104";"COc1ccc(CN(C)c2ccc3nc(N)nc(N)c3c2)c(OC)c1";"IC50";"'='";"39.0";"nM";"7.41";"";"";"UO_0000065";"21.83";"0.40";"4.96";"7.44";"1";"CHEMBL828662";"Inhibition of Toxoplasma gondii dihydrofolate reductase";"B";"BAO_0000357";"single protein format";"Toxoplasma gondii";"None";"None";"None";"None";"";"";"";"CHEMBL2425";"Dihydrofolate reductase";"Toxoplasma gondii";"SINGLE PROTEIN";"CHEMBL1145190";"1";"Scientific Literature";"J Med Chem";"2005";"None";"";"";""
"CHEMBL564004";"";"None";"363.46";"0";"3.30";"2d";"CCc1sc2nc(N)[nH]c(=O)c2c1Sc1cc(OC)ccc1OC";"Inhibition";"'>'";"23.0";"%";"";"";"";"UO_0000187";"";"";"";"";"0";"CHEMBL1062968";"Inhibition of Toxoplasma gondii thymidylate synthase";"B";"BAO_0000357";"single protein format";"Toxoplasma gondii";"None";"None";"None";"None";"";"";"";"CHEMBL2425";"Dihydrofolate reductase";"Toxoplasma gondii";"SINGLE PROTEIN";"CHEMBL1151945";"1";"Scientific Literature";"J Med Chem";"2009";"None";"";"";""
"CHEMBL550842";"";"None";"304.40";"0";"2.68";"2h";"CCc1sc2nc(N)[nH]c(=O)c2c1Sc1ccncc1";"IC50";"'='";"1700.0";"nM";"5.77";"";"";"UO_0000065";"18.95";"0.39";"3.09";"6.81";"0";"CHEMBL1062968";"Inhibition of Toxoplasma gondii thymidylate synthase";"B";"BAO_0000357";"single protein format";"Toxoplasma gondii";"None";"None";"None";"None";"";"";"";"CHEMBL2425";"Dihydrofolate reductase";"Toxoplasma gondii";"SINGLE PROTEIN";"CHEMBL1151945";"1";"Scientific Literature";"J Med Chem";"2009";"None";"";"";""
"CHEMBL565179";"";"None";"382.31";"0";"4.04";"2j";"CCc1sc2nc(N)[nH]c(=O)c2c1Sc1ccc(Br)cc1";"IC50";"'='";"2200.0";"nM";"5.66";"";"";"UO_0000065";"14.80";"0.37";"1.62";"7.88";"0";"CHEMBL1062968";"Inhibition of Toxoplasma gondii thymidylate synthase";"B";"BAO_0000357";"single protein format";"Toxoplasma gondii";"None";"None";"None";"None";"";"";"";"CHEMBL2425";"Dihydrofolate reductase";"Toxoplasma gondii";"SINGLE PROTEIN";"CHEMBL1151945";"1";"Scientific Literature";"J Med Chem";"2009";"None";"";"";""
"CHEMBL550842";"";"None";"304.40";"0";"2.68";"2h";"CCc1sc2nc(N)[nH]c(=O)c2c1Sc1ccncc1";"IC50";"'='";"17.0";"nM";"7.77";"";"";"UO_0000065";"25.52";"0.53";"5.09";"9.18";"0";"CHEMBL1062971";"Inhibition of Toxoplasma gondii dihydrofolate reductase";"B";"BAO_0000357";"single protein format";"Toxoplasma gondii";"None";"None";"None";"None";"";"";"";"CHEMBL2425";"Dihydrofolate reductase";"Toxoplasma gondii";"SINGLE PROTEIN";"CHEMBL1151945";"1";"Scientific Literature";"J Med Chem";"2009";"None";"";"";""
"CHEMBL84457";"";"None";"310.36";"0";"2.12";"109";"COc1ccccc1NCc1cnc2nc(N)nc(N)c2c1C";"IC50";"'='";"23.0";"nM";"7.64";"";"";"UO_0000065";"24.61";"0.45";"5.52";"6.82";"1";"CHEMBL828662";"Inhibition of Toxoplasma gondii dihydrofolate reductase";"B";"BAO_0000357";"single protein format";"Toxoplasma gondii";"None";"None";"None";"None";"";"";"";"CHEMBL2425";"Dihydrofolate reductase";"Toxoplasma gondii";"SINGLE PROTEIN";"CHEMBL1145190";"1";"Scientific Literature";"J Med Chem";"2005";"None";"";"";""
"CHEMBL358297";"";"None";"334.38";"0";"2.51";"120";"COc1ccc2c(ccn2Cc2cnc3nc(N)nc(N)c3c2C)c1";"IC50";"'='";"77.09";"nM";"7.11";"";"";"UO_0000065";"21.27";"0.39";"4.60";"6.78";"0";"CHEMBL830839";"Inhibition of Toxoplasma gondii dihydrofolate reductase";"B";"BAO_0000357";"single protein format";"Toxoplasma gondii";"None";"None";"None";"None";"";"";"";"CHEMBL2425";"Dihydrofolate reductase";"Toxoplasma gondii";"SINGLE PROTEIN";"CHEMBL1145190";"1";"Scientific Literature";"J Med Chem";"2005";"None";"";"";""
"CHEMBL2047248";"";"None";"353.22";"0";"4.14";"8";"Nc1nc2c(c(Nc3cccc(Br)c3)n1)-c1ccccc1C2";"IC50";"'>'";"14000.0";"nM";"";"";"";"UO_0000065";"";"";"";"";"0";"CHEMBL2050304";"Inhibition of Toxoplasma gondii DHFR";"B";"BAO_0000357";"single protein format";"Toxoplasma gondii";"None";"None";"None";"None";"";"";"";"CHEMBL2425";"Dihydrofolate reductase";"Toxoplasma gondii";"SINGLE PROTEIN";"CHEMBL2046359";"1";"Scientific Literature";"Bioorg Med Chem";"2012";"None";"";"";""
"CHEMBL141698";"";"None";"326.36";"0";"1.97";"20";"COc1ccc(OC)c(N(C)c2ccc3nc(N)nc(N)c3n2)c1";"IC50";"'='";"41.0";"nM";"7.39";"";"";"UO_0000065";"22.64";"0.42";"5.42";"6.57";"0";"CHEMBL661507";"Inhibitory activity against dihydrofolate reductase (DHFR) from Toxoplasma gondii";"B";"BAO_0000357";"single protein format";"Toxoplasma gondii";"None";"None";"None";"None";"";"";"";"CHEMBL2425";"Dihydrofolate reductase";"Toxoplasma gondii";"SINGLE PROTEIN";"CHEMBL1131172";"1";"Scientific Literature";"J Med Chem";"1998";"None";"";"";""
"CHEMBL54523";"";"None";"296.33";"0";"1.81";"6";"COc1ccccc1NCc1ccc2nc(N)nc(N)c2n1";"IC50";"'='";"120.0";"nM";"6.92";"";"";"UO_0000065";"23.36";"0.43";"5.11";"6.18";"0";"CHEMBL665702";"Inhibitory activity against Toxoplasma gondii dihydrofolate reductase.";"B";"BAO_0000357";"single protein format";"Toxoplasma gondii";"None";"None";"None";"None";"";"";"";"CHEMBL2425";"Dihydrofolate reductase";"Toxoplasma gondii";"SINGLE PROTEIN";"CHEMBL1129583";"1";"Scientific Literature";"J Med Chem";"1996";"None";"";"";""
"CHEMBL300603";"";"None";"349.23";"0";"3.13";"28";"CN(Cc1ccc2nc(N)nc(N)c2n1)c1ccc(Cl)c(Cl)c1";"IC50";"'='";"27.0";"nM";"7.57";"";"";"UO_0000065";"21.67";"0.45";"4.44";"8.06";"0";"CHEMBL665702";"Inhibitory activity against Toxoplasma gondii dihydrofolate reductase.";"B";"BAO_0000357";"single protein format";"Toxoplasma gondii";"None";"None";"None";"None";"";"";"";"CHEMBL2425";"Dihydrofolate reductase";"Toxoplasma gondii";"SINGLE PROTEIN";"CHEMBL1129583";"1";"Scientific Literature";"J Med Chem";"1996";"None";"";"";""
"CHEMBL23380";"";"None";"314.37";"0";"1.89";"12f";"COc1cccc(SCc2cnc3nc(N)nc(N)c3n2)c1";"IC50";"'='";"1600.0";"nM";"5.80";"";"";"UO_0000065";"18.44";"0.36";"3.91";"5.14";"0";"CHEMBL665590";"Inhibitory activity against Toxoplasma gondii dihydrofolate reductase";"B";"BAO_0000357";"single protein format";"Toxoplasma gondii";"None";"None";"None";"None";"";"";"";"CHEMBL2425";"Dihydrofolate reductase";"Toxoplasma gondii";"SINGLE PROTEIN";"CHEMBL1129525";"1";"Scientific Literature";"J Med Chem";"1996";"None";"";"";""
"CHEMBL54399";"";"None";"314.78";"0";"2.48";"14a";"CN(Cc1ccc2nc(N)nc(N)c2n1)c1cccc(Cl)c1";"IC50";"'='";"20.0";"nM";"7.70";"";"";"UO_0000065";"24.46";"0.48";"5.22";"8.19";"1";"CHEMBL665702";"Inhibitory activity against Toxoplasma gondii dihydrofolate reductase.";"B";"BAO_0000357";"single protein format";"Toxoplasma gondii";"None";"None";"None";"None";"";"";"";"CHEMBL2425";"Dihydrofolate reductase";"Toxoplasma gondii";"SINGLE PROTEIN";"CHEMBL1129583";"1";"Scientific Literature";"J Med Chem";"1996";"None";"";"";""
"CHEMBL279679";"";"None";"368.44";"0";"2.91";"14i";"CCOc1ccc(OCC)c(NCc2cnc3nc(N)nc(N)c3c2C)c1";"IC50";"'='";"22.0";"nM";"7.66";"";"";"UO_0000065";"20.78";"0.39";"4.75";"6.32";"0";"CHEMBL665590";"Inhibitory activity against Toxoplasma gondii dihydrofolate reductase";"B";"BAO_0000357";"single protein format";"Toxoplasma gondii";"None";"None";"None";"None";"";"";"";"CHEMBL2425";"Dihydrofolate reductase";"Toxoplasma gondii";"SINGLE PROTEIN";"CHEMBL1129525";"1";"Scientific Literature";"J Med Chem";"1996";"None";"";"";""
"CHEMBL36";"PYRIMETHAMINE";"4.0";"248.72";"0";"2.52";"2";"CCc1nc(N)nc(N)c1-c1ccc(Cl)cc1";"IC50";"'='";"390.0";"nM";"6.41";"";"";"UO_0000065";"25.77";"0.51";"3.89";"8.24";"1";"CHEMBL665703";"Compound was tested for inhibition activity against Toxoplasma gondii (Toxoplasma gondii) Dihydrofolate reductase";"B";"BAO_0000357";"single protein format";"Toxoplasma gondii";"None";"None";"None";"None";"";"";"";"CHEMBL2425";"Dihydrofolate reductase";"Toxoplasma gondii";"SINGLE PROTEIN";"CHEMBL1131495";"1";"Scientific Literature";"J Med Chem";"1998";"None";"";"";""
"CHEMBL78022";"";"None";"384.39";"0";"2.18";"3a";"COc1cc(C(=O)OCc2ccc3nc(N)nc(N)c3c2)cc(OC)c1OC";"Relative IC50";"'='";"0.05";"";"";"";"";"";"";"";"";"";"0";"CHEMBL665611";"Relative activity against dihydrofolate reductase DHFR from Toxoplasma gondii";"B";"BAO_0000357";"single protein format";"Toxoplasma gondii";"None";"None";"None";"None";"";"";"";"CHEMBL2425";"Dihydrofolate reductase";"Toxoplasma gondii";"SINGLE PROTEIN";"CHEMBL1134533";"1";"Scientific Literature";"J Med Chem";"2001";"None";"";"";""
"CHEMBL309371";"";"None";"190.21";"0";"0.29";"18a";"Nc1nc(N)c2cc(CO)ccc2n1";"IC50";"'='";"44900.0";"nM";"4.35";"";"";"UO_0000065";"22.86";"0.42";"4.06";"4.43";"0";"CHEMBL665597";"Inhibitory concentration against dihydrofolate reductase DHFR from Toxoplasma gondii";"B";"BAO_0000357";"single protein format";"Toxoplasma gondii";"None";"None";"None";"None";"";"";"";"CHEMBL2425";"Dihydrofolate reductase";"Toxoplasma gondii";"SINGLE PROTEIN";"CHEMBL1134533";"1";"Scientific Literature";"J Med Chem";"2001";"None";"";"";""
"CHEMBL355151";"";"None";"260.30";"0";"2.19";"16";"Nc1nc(N)c2c(C#Cc3ccccc3)cccc2n1";"IC50";"'>'";"30000.0";"nM";"";"";"";"UO_0000065";"";"";"";"";"0";"CHEMBL665589";"Inhibitory activity against Toxoplasma gondii Dihydrofolate reductase";"B";"BAO_0000357";"single protein format";"Toxoplasma gondii";"None";"None";"None";"None";"";"";"";"CHEMBL2425";"Dihydrofolate reductase";"Toxoplasma gondii";"SINGLE PROTEIN";"CHEMBL1128249";"1";"Scientific Literature";"J Med Chem";"1995";"None";"";"";""
"CHEMBL292427";"";"None";"335.20";"0";"3.11";"27";"Nc1nc(N)c2nc(CNc3ccc(Cl)c(Cl)c3)ccc2n1";"IC50";"'='";"57.0";"nM";"7.24";"";"";"UO_0000065";"21.61";"0.45";"4.13";"7.05";"0";"CHEMBL665702";"Inhibitory activity against Toxoplasma gondii dihydrofolate reductase.";"B";"BAO_0000357";"single protein format";"Toxoplasma gondii";"None";"None";"None";"None";"";"";"";"CHEMBL2425";"Dihydrofolate reductase";"Toxoplasma gondii";"SINGLE PROTEIN";"CHEMBL1129583";"1";"Scientific Literature";"J Med Chem";"1996";"None";"";"";""
"CHEMBL556091";"";"None";"372.30";"0";"4.59";"2e";"CCc1sc2nc(N)[nH]c(=O)c2c1Sc1ccc(Cl)c(Cl)c1";"IC50";"'='";"8.1";"nM";"8.09";"";"";"UO_0000065";"21.73";"0.50";"3.50";"11.27";"0";"CHEMBL1062971";"Inhibition of Toxoplasma gondii dihydrofolate reductase";"B";"BAO_0000357";"single protein format";"Toxoplasma gondii";"None";"None";"None";"None";"";"";"";"CHEMBL2425";"Dihydrofolate reductase";"Toxoplasma gondii";"SINGLE PROTEIN";"CHEMBL1151945";"1";"Scientific Literature";"J Med Chem";"2009";"None";"";"";""
"CHEMBL551985";"";"None";"337.86";"0";"3.93";"2k";"CCc1sc2nc(N)[nH]c(=O)c2c1Sc1cccc(Cl)c1";"IC50";"'='";"12.0";"nM";"7.92";"";"";"UO_0000065";"23.44";"0.52";"3.99";"11.04";"0";"CHEMBL1062971";"Inhibition of Toxoplasma gondii dihydrofolate reductase";"B";"BAO_0000357";"single protein format";"Toxoplasma gondii";"None";"None";"None";"None";"";"";"";"CHEMBL2425";"Dihydrofolate reductase";"Toxoplasma gondii";"SINGLE PROTEIN";"CHEMBL1151945";"1";"Scientific Literature";"J Med Chem";"2009";"None";"";"";""
"CHEMBL551768";"";"None";"337.86";"0";"3.93";"2m";"CCc1sc2nc(N)[nH]c(=O)c2c1Sc1ccccc1Cl";"IC50";"'='";"27.0";"nM";"7.57";"";"";"UO_0000065";"22.40";"0.49";"3.64";"10.55";"0";"CHEMBL1062971";"Inhibition of Toxoplasma gondii dihydrofolate reductase";"B";"BAO_0000357";"single protein format";"Toxoplasma gondii";"None";"None";"None";"None";"";"";"";"CHEMBL2425";"Dihydrofolate reductase";"Toxoplasma gondii";"SINGLE PROTEIN";"CHEMBL1151945";"1";"Scientific Literature";"J Med Chem";"2009";"None";"";"";""
"CHEMBL225072";"PEMETREXED";"4.0";"427.42";"1";"0.67";"PMX";"Nc1nc2[nH]cc(CCc3ccc(C(=O)N[C@@H](CCC(=O)O)C(=O)O)cc3)c2c(=O)[nH]1";"IC50";"'='";"430.0";"nM";"6.37";"";"";"UO_0000065";"14.90";"0.28";"5.70";"3.33";"1";"CHEMBL1062971";"Inhibition of Toxoplasma gondii dihydrofolate reductase";"B";"BAO_0000357";"single protein format";"Toxoplasma gondii";"None";"None";"None";"None";"";"";"";"CHEMBL2425";"Dihydrofolate reductase";"Toxoplasma gondii";"SINGLE PROTEIN";"CHEMBL1151945";"1";"Scientific Literature";"J Med Chem";"2009";"None";"";"";""
"CHEMBL82924";"";"None";"397.70";"0";"4.09";"2b";"Cc1c(CN(C)c2cc(Cl)c(Cl)c(Cl)c2)cnc2nc(N)nc(N)c12";"IC50";"'='";"38.1";"nM";"7.42";"";"";"UO_0000065";"18.65";"0.41";"3.33";"7.90";"1";"CHEMBL665700";"Inhibition of dihydrofolate reductase (DHFR) from Toxoplasma gondii(tg)";"B";"BAO_0000357";"single protein format";"Toxoplasma gondii";"None";"None";"None";"None";"";"";"";"CHEMBL2425";"Dihydrofolate reductase";"Toxoplasma gondii";"SINGLE PROTEIN";"CHEMBL1132261";"1";"Scientific Literature";"J Med Chem";"1999";"None";"";"";""
"CHEMBL22";"TRIMETHOPRIM";"4.0";"290.32";"0";"1.26";"TMP";"COc1cc(Cc2cnc(N)nc2N)cc(OC)c1OC";"IC50";"'='";"6800.0";"nM";"5.17";"";"";"UO_0000065";"17.80";"0.34";"3.91";"4.90";"1";"CHEMBL1062971";"Inhibition of Toxoplasma gondii dihydrofolate reductase";"B";"BAO_0000357";"single protein format";"Toxoplasma gondii";"None";"None";"None";"None";"";"";"";"CHEMBL2425";"Dihydrofolate reductase";"Toxoplasma gondii";"SINGLE PROTEIN";"CHEMBL1151945";"1";"Scientific Literature";"J Med Chem";"2009";"None";"";"";""
"CHEMBL119";"TRIMETREXATE";"4.0";"369.43";"0";"2.74";"TMQ";"COc1cc(NCc2ccc3nc(N)nc(N)c3c2C)cc(OC)c1OC";"IC50";"'='";"5.1";"nM";"8.29";"";"";"UO_0000065";"22.45";"0.42";"5.55";"7.05";"0";"CHEMBL665701";"Inhibitory activity against Toxoplasma gondii (tg) Dihydrofolate reductase (DHFR)";"B";"BAO_0000357";"single protein format";"Toxoplasma gondii";"None";"None";"None";"None";"";"";"";"CHEMBL2425";"Dihydrofolate reductase";"Toxoplasma gondii";"SINGLE PROTEIN";"CHEMBL1135650";"1";"Scientific Literature";"J Med Chem";"2002";"None";"";"";""
"CHEMBL36";"PYRIMETHAMINE";"4.0";"248.72";"0";"2.52";"pyrimethamine";"CCc1nc(N)nc(N)c1-c1ccc(Cl)cc1";"IC50";"'='";"390.0";"nM";"6.41";"";"";"UO_0000065";"25.77";"0.51";"3.89";"8.24";"1";"CHEMBL664912";"Inhibitory concentration against Toxoplasma gondii dihydrofolate reductase";"B";"BAO_0000357";"single protein format";"Toxoplasma gondii";"None";"None";"None";"None";"";"";"";"CHEMBL2425";"Dihydrofolate reductase";"Toxoplasma gondii";"SINGLE PROTEIN";"CHEMBL1130062";"1";"Scientific Literature";"J Med Chem";"1997";"None";"";"";""
"CHEMBL31273";"";"None";"364.24";"0";"3.25";"5";"Nc1nc(N)c2c3c(oc2n1)CN(Cc1ccc(Cl)c(Cl)c1)CC3";"IC50";"'='";"22300.0";"nM";"4.65";"";"";"UO_0000065";"12.77";"0.26";"1.40";"4.94";"0";"CHEMBL665601";"Inhibition of Toxoplasma gondii Dihydrofolate reductase";"B";"BAO_0000357";"single protein format";"Toxoplasma gondii";"None";"None";"None";"None";"";"";"";"CHEMBL2425";"Dihydrofolate reductase";"Toxoplasma gondii";"SINGLE PROTEIN";"CHEMBL1131530";"1";"Scientific Literature";"J Med Chem";"1998";"None";"";"";""
"CHEMBL79922";"";"None";"324.39";"0";"2.14";"13";"COc1cccc(N(C)Cc2cnc3nc(N)nc(N)c3c2C)c1";"IC50";"'='";"6.3";"nM";"8.20";"";"";"UO_0000065";"25.28";"0.47";"6.06";"7.95";"0";"CHEMBL665700";"Inhibition of dihydrofolate reductase (DHFR) from Toxoplasma gondii(tg)";"B";"BAO_0000357";"single protein format";"Toxoplasma gondii";"None";"None";"None";"None";"";"";"";"CHEMBL2425";"Dihydrofolate reductase";"Toxoplasma gondii";"SINGLE PROTEIN";"CHEMBL1132261";"1";"Scientific Literature";"J Med Chem";"1999";"None";"";"";""
"CHEMBL220937";"";"None";"358.40";"0";"1.71";"28";"COc1cc(C(C#Cc2c(C)nc(N)nc2N)OC)cc(OC)c1OC";"IC50";"'='";"550.0";"nM";"6.26";"";"";"UO_0000065";"17.47";"0.33";"4.55";"5.46";"0";"CHEMBL919380";"Inhibition of Toxoplasma gondii DHFR-TS";"B";"BAO_0000357";"single protein format";"Toxoplasma gondii";"None";"None";"None";"None";"";"";"";"CHEMBL2425";"Dihydrofolate reductase";"Toxoplasma gondii";"SINGLE PROTEIN";"CHEMBL1142238";"1";"Scientific Literature";"J Med Chem";"2007";"None";"";"";""
"CHEMBL387901";"";"None";"319.82";"0";"3.49";"7";"CCc1c(Sc2cccc(Cl)c2)[nH]c2nc(N)nc(N)c12";"IC50";"'='";"500000.0";"nM";"";"Outside typical range";"";"UO_0000065";"";"";"";"";"0";"CHEMBL889609";"Inhibition of Toxoplasma gondii DHFR";"B";"BAO_0000357";"single protein format";"Toxoplasma gondii";"None";"None";"None";"None";"";"";"";"CHEMBL2425";"Dihydrofolate reductase";"Toxoplasma gondii";"SINGLE PROTEIN";"CHEMBL1145401";"1";"Scientific Literature";"J Med Chem";"2007";"None";"";"";""
"CHEMBL79464";"";"None";"517.55";"1";"4.68";"12";"Nc1nc(N)c2nc(CN3c4ccccc4C=Cc4cc(OCc5ccc(C(=O)O)cc5)ccc43)cnc2n1";"IC50";"'='";"22.0";"nM";"7.66";"";"";"UO_0000065";"14.80";"0.27";"2.98";"4.99";"0";"CHEMBL663072";"Concentration required to inhibit the Toxoplasma gondii Dihydrofolate reductase by 50% was determined; Range: 18-27";"B";"BAO_0000357";"single protein format";"Toxoplasma gondii";"None";"None";"None";"None";"";"";"";"CHEMBL2425";"Dihydrofolate reductase";"Toxoplasma gondii";"SINGLE PROTEIN";"CHEMBL1149188";"1";"Scientific Literature";"J Med Chem";"2004";"None";"";"";""
"CHEMBL141218";"";"None";"282.31";"0";"1.94";"12";"COc1ccc(Nc2ccc3nc(N)nc(N)c3n2)cc1";"IC50";"'='";"2800.0";"nM";"5.55";"";"";"UO_0000065";"19.67";"0.36";"3.61";"4.96";"0";"CHEMBL661507";"Inhibitory activity against dihydrofolate reductase (DHFR) from Toxoplasma gondii";"B";"BAO_0000357";"single protein format";"Toxoplasma gondii";"None";"None";"None";"None";"";"";"";"CHEMBL2425";"Dihydrofolate reductase";"Toxoplasma gondii";"SINGLE PROTEIN";"CHEMBL1131172";"1";"Scientific Literature";"J Med Chem";"1998";"None";"";"";""
"CHEMBL23297";"";"None";"347.38";"0";"3.79";"10";"Nc1nc(N)c2c(CNc3ccc(Oc4ccccc4)cc3)coc2n1";"IC50";"'='";"32400.0";"nM";"4.49";"";"";"UO_0000065";"12.92";"0.24";"0.70";"4.00";"0";"CHEMBL664908";"Inhibitory activity against dihydrofolate reductase from Toxoplasma gondii";"B";"BAO_0000357";"single protein format";"Toxoplasma gondii";"None";"None";"None";"None";"";"";"";"CHEMBL2425";"Dihydrofolate reductase";"Toxoplasma gondii";"SINGLE PROTEIN";"CHEMBL1131327";"1";"Scientific Literature";"J Med Chem";"1998";"None";"";"";""
"CHEMBL115804";"";"None";"339.40";"0";"2.45";"104";"COc1ccc(CN(C)c2ccc3nc(N)nc(N)c3c2)c(OC)c1";"IC50";"'='";"39.0";"nM";"7.41";"";"";"UO_0000065";"21.83";"0.40";"4.96";"7.44";"1";"CHEMBL830839";"Inhibition of Toxoplasma gondii dihydrofolate reductase";"B";"BAO_0000357";"single protein format";"Toxoplasma gondii";"None";"None";"None";"None";"";"";"";"CHEMBL2425";"Dihydrofolate reductase";"Toxoplasma gondii";"SINGLE PROTEIN";"CHEMBL1145190";"1";"Scientific Literature";"J Med Chem";"2005";"None";"";"";""
"CHEMBL147886";"";"None";"380.45";"0";"2.07";"6";"COc1cc2c(cc1OC)CN(Cc1cnc3nc(N)nc(N)c3c1C)CC2";"IC50";"'='";"110.0";"nM";"6.96";"";"";"UO_0000065";"18.29";"0.34";"4.89";"6.19";"0";"CHEMBL664921";"Inhibition of Dihydrofolate Reductase of Toxoplasma gondii.";"B";"BAO_0000357";"single protein format";"Toxoplasma gondii";"None";"None";"None";"None";"";"";"";"CHEMBL2425";"Dihydrofolate reductase";"Toxoplasma gondii";"SINGLE PROTEIN";"CHEMBL1129938";"1";"Scientific Literature";"J Med Chem";"1997";"None";"";"";""
"CHEMBL88004";"";"None";"512.96";"1";"4.50";"10r";"CCc1nc(N)nc(N)c1-c1ccc(Cl)c(/N=N/N(CCOC(C)=O)Cc2cccc([N+](=O)[O-])c2)c1";"IC50";"'='";"830.0";"nM";"6.08";"";"";"UO_0000065";"11.85";"0.23";"1.58";"3.47";"0";"CHEMBL664922";"Inhibitory activity against dihydrofolate reductase DHFR in Toxoplasma gondii.";"B";"BAO_0000357";"single protein format";"Toxoplasma gondii";"None";"None";"None";"None";"";"";"";"CHEMBL2425";"Dihydrofolate reductase";"Toxoplasma gondii";"SINGLE PROTEIN";"CHEMBL1134547";"1";"Scientific Literature";"J Med Chem";"2001";"None";"";"";""
"CHEMBL68673";"";"None";"284.32";"0";"1.74";"35";"COc1ccc(NCc2c[nH]c3nc(N)nc(N)c23)cc1";"IC50";"'='";"6000.67";"nM";"5.22";"";"";"UO_0000065";"18.37";"0.34";"3.48";"4.55";"0";"CHEMBL830839";"Inhibition of Toxoplasma gondii dihydrofolate reductase";"B";"BAO_0000357";"single protein format";"Toxoplasma gondii";"None";"None";"None";"None";"";"";"";"CHEMBL2425";"Dihydrofolate reductase";"Toxoplasma gondii";"SINGLE PROTEIN";"CHEMBL1145190";"1";"Scientific Literature";"J Med Chem";"2005";"None";"";"";""
"CHEMBL50514";"";"None";"384.44";"0";"2.16";"12";"COc1cc(N(C)Cc2cnc3nc(N)nc(N)c3c2C)cc(OC)c1OC";"IC50";"'='";"0.85";"nM";"9.07";"";"";"UO_0000065";"23.59";"0.44";"6.91";"7.46";"1";"CHEMBL665593";"Inhibitory concentration against Toxoplasma gondii Dihydrofolate reductase";"B";"BAO_0000357";"single protein format";"Toxoplasma gondii";"None";"None";"None";"None";"";"";"";"CHEMBL2425";"Dihydrofolate reductase";"Toxoplasma gondii";"SINGLE PROTEIN";"CHEMBL1130385";"1";"Scientific Literature";"J Med Chem";"1997";"None";"";"";""
"CHEMBL78578";"";"None";"279.35";"0";"2.43";"12a";"CN(Cc1ccc2nc(N)nc(N)c2c1)c1ccccc1";"IC50";"'='";"11.0";"nM";"7.96";"";"";"UO_0000065";"28.49";"0.52";"5.53";"9.82";"0";"CHEMBL665597";"Inhibitory concentration against dihydrofolate reductase DHFR from Toxoplasma gondii";"B";"BAO_0000357";"single protein format";"Toxoplasma gondii";"None";"None";"None";"None";"";"";"";"CHEMBL2425";"Dihydrofolate reductase";"Toxoplasma gondii";"SINGLE PROTEIN";"CHEMBL1134533";"1";"Scientific Literature";"J Med Chem";"2001";"None";"";"";""
"CHEMBL225071";"RALTITREXED";"4.0";"458.50";"0";"1.98";"Raltitrexed";"Cc1nc(=O)c2cc(CN(C)c3ccc(C(=O)N[C@@H](CCC(=O)O)C(=O)O)s3)ccc2[nH]1";"IC50";"'='";"480.0";"nM";"6.32";"";"";"UO_0000065";"13.78";"0.27";"4.34";"4.14";"0";"CHEMBL2050307";"Inhibition of Toxoplasma gondii thymidylate synthase";"B";"BAO_0000357";"single protein format";"Toxoplasma gondii";"None";"None";"None";"None";"";"";"";"CHEMBL2425";"Dihydrofolate reductase";"Toxoplasma gondii";"SINGLE PROTEIN";"CHEMBL2046359";"1";"Scientific Literature";"Bioorg Med Chem";"2012";"None";"";"";""
"CHEMBL141469";"";"None";"417.90";"0";"3.52";"16";"COc1cc(CCCNc2ccc3nc(N)nc(N)c3c2Cl)cc(OC)c1OC";"IC50";"'='";"14000.0";"nM";"4.85";"";"";"UO_0000065";"11.61";"0.23";"1.33";"4.13";"0";"CHEMBL664915";"Inhibition of Dihydrofolate reductase of Toxoplasma gondii";"B";"BAO_0000357";"single protein format";"Toxoplasma gondii";"None";"None";"None";"None";"";"";"";"CHEMBL2425";"Dihydrofolate reductase";"Toxoplasma gondii";"SINGLE PROTEIN";"CHEMBL1127704";"1";"Scientific Literature";"J Med Chem";"1994";"None";"";"";""
"CHEMBL69681";"";"None";"344.38";"0";"1.76";"3";"COc1cc(NCc2c[nH]c3nc(N)nc(N)c23)cc(OC)c1OC";"IC50";"'='";"8128.31";"nM";"5.09";"";"";"UO_0000065";"14.78";"0.28";"3.33";"3.82";"0";"CHEMBL1071424";"Inhibition of Toxoplasma gondii DHFR by spectrophotometric assay";"B";"BAO_0000357";"single protein format";"Toxoplasma gondii";"None";"None";"None";"None";"";"";"";"CHEMBL2425";"Dihydrofolate reductase";"Toxoplasma gondii";"SINGLE PROTEIN";"CHEMBL1156926";"1";"Scientific Literature";"Bioorg Med Chem";"2010";"None";"";"";""
"CHEMBL68439";"";"None";"314.35";"0";"1.75";"4";"COc1ccc(NCc2c[nH]c3nc(N)nc(N)c23)cc1OC";"IC50";"'='";"4265.8";"nM";"5.37";"";"";"UO_0000065";"17.08";"0.32";"3.62";"4.33";"1";"CHEMBL1071424";"Inhibition of Toxoplasma gondii DHFR by spectrophotometric assay";"B";"BAO_0000357";"single protein format";"Toxoplasma gondii";"None";"None";"None";"None";"";"";"";"CHEMBL2425";"Dihydrofolate reductase";"Toxoplasma gondii";"SINGLE PROTEIN";"CHEMBL1156926";"1";"Scientific Literature";"Bioorg Med Chem";"2010";"None";"";"";""
"CHEMBL2047252";"";"None";"326.76";"0";"4.17";"12";"Nc1nc2c(c(Nc3ccc(F)c(Cl)c3)n1)-c1ccccc1C2";"IC50";"'>'";"16000.0";"nM";"";"";"";"UO_0000065";"";"";"";"";"0";"CHEMBL2050304";"Inhibition of Toxoplasma gondii DHFR";"B";"BAO_0000357";"single protein format";"Toxoplasma gondii";"None";"None";"None";"None";"";"";"";"CHEMBL2425";"Dihydrofolate reductase";"Toxoplasma gondii";"SINGLE PROTEIN";"CHEMBL2046359";"1";"Scientific Literature";"Bioorg Med Chem";"2012";"None";"";"";""
"CHEMBL87013";"";"None";"530.03";"2";"5.88";"10c";"CCc1nc(N)nc(N)c1-c1ccc(Cl)c(/N=N/N(CCOC(=O)c2ccccc2)Cc2ccccc2)c1";"IC50";"'='";"220.0";"nM";"6.66";"";"";"UO_0000065";"12.56";"0.24";"0.78";"5.04";"0";"CHEMBL664922";"Inhibitory activity against dihydrofolate reductase DHFR in Toxoplasma gondii.";"B";"BAO_0000357";"single protein format";"Toxoplasma gondii";"None";"None";"None";"None";"";"";"";"CHEMBL2425";"Dihydrofolate reductase";"Toxoplasma gondii";"SINGLE PROTEIN";"CHEMBL1134547";"1";"Scientific Literature";"J Med Chem";"2001";"None";"";"";""
"CHEMBL55928";"";"None";"326.36";"0";"1.82";"50";"COc1ccc(NCc2ccc3nc(N)nc(N)c3n2)cc1OC";"IC50";"'='";"89.99";"nM";"7.05";"";"";"UO_0000065";"21.59";"0.40";"5.23";"5.81";"0";"CHEMBL830839";"Inhibition of Toxoplasma gondii dihydrofolate reductase";"B";"BAO_0000357";"single protein format";"Toxoplasma gondii";"None";"None";"None";"None";"";"";"";"CHEMBL2425";"Dihydrofolate reductase";"Toxoplasma gondii";"SINGLE PROTEIN";"CHEMBL1145190";"1";"Scientific Literature";"J Med Chem";"2005";"None";"";"";""
"CHEMBL409194";"";"None";"318.79";"0";"2.53";"12i";"Nc1nc(N)c2nc(CSc3cccc(Cl)c3)cnc2n1";"IC50";"'='";"5700.0";"nM";"5.24";"";"";"UO_0000065";"16.45";"0.34";"2.71";"5.06";"0";"CHEMBL665590";"Inhibitory activity against Toxoplasma gondii dihydrofolate reductase";"B";"BAO_0000357";"single protein format";"Toxoplasma gondii";"None";"None";"None";"None";"";"";"";"CHEMBL2425";"Dihydrofolate reductase";"Toxoplasma gondii";"SINGLE PROTEIN";"CHEMBL1129525";"1";"Scientific Literature";"J Med Chem";"1996";"None";"";"";""
"CHEMBL23227";"";"None";"313.79";"0";"3.37";"16c";"Cc1cc(Cl)ccc1NCc1ccc2nc(N)nc(N)c2c1";"IC50";"'='";"33.0";"nM";"7.48";"";"";"UO_0000065";"23.84";"0.46";"4.11";"8.33";"0";"CHEMBL665590";"Inhibitory activity against Toxoplasma gondii dihydrofolate reductase";"B";"BAO_0000357";"single protein format";"Toxoplasma gondii";"None";"None";"None";"None";"";"";"";"CHEMBL2425";"Dihydrofolate reductase";"Toxoplasma gondii";"SINGLE PROTEIN";"CHEMBL1129525";"1";"Scientific Literature";"J Med Chem";"1996";"None";"";"";""
"CHEMBL281648";"";"None";"378.36";"0";"3.14";"13r";"COc1ccc(C(F)(F)F)cc1NCc1cnc2nc(N)nc(N)c2c1C";"IC50";"'='";"22.0";"nM";"7.66";"";"";"UO_0000065";"20.24";"0.39";"4.52";"6.84";"0";"CHEMBL665590";"Inhibitory activity against Toxoplasma gondii dihydrofolate reductase";"B";"BAO_0000357";"single protein format";"Toxoplasma gondii";"None";"None";"None";"None";"";"";"";"CHEMBL2425";"Dihydrofolate reductase";"Toxoplasma gondii";"SINGLE PROTEIN";"CHEMBL1129525";"1";"Scientific Literature";"J Med Chem";"1996";"None";"";"";""
"CHEMBL80123";"";"None";"306.32";"0";"2.41";"10a";"Nc1nc(N)c2cc(/C=C/C(=O)Oc3ccccc3)ccc2n1";"IC50";"'='";"189.0";"nM";"6.72";"";"";"UO_0000065";"21.95";"0.40";"4.31";"6.46";"0";"CHEMBL665597";"Inhibitory concentration against dihydrofolate reductase DHFR from Toxoplasma gondii";"B";"BAO_0000357";"single protein format";"Toxoplasma gondii";"None";"None";"None";"None";"";"";"";"CHEMBL2425";"Dihydrofolate reductase";"Toxoplasma gondii";"SINGLE PROTEIN";"CHEMBL1134533";"1";"Scientific Literature";"J Med Chem";"2001";"None";"";"";""
"CHEMBL23425";"";"None";"298.38";"0";"2.18";"12e";"Cc1ccc(SCc2cnc3nc(N)nc(N)c3n2)cc1";"IC50";"'='";"15000.0";"nM";"4.82";"";"";"UO_0000065";"16.17";"0.31";"2.64";"4.66";"0";"CHEMBL665590";"Inhibitory activity against Toxoplasma gondii dihydrofolate reductase";"B";"BAO_0000357";"single protein format";"Toxoplasma gondii";"None";"None";"None";"None";"";"";"";"CHEMBL2425";"Dihydrofolate reductase";"Toxoplasma gondii";"SINGLE PROTEIN";"CHEMBL1129525";"1";"Scientific Literature";"J Med Chem";"1996";"None";"";"";""
"CHEMBL23844";"";"None";"382.47";"0";"2.93";"14j";"CCOc1ccc(OCC)c(N(C)Cc2cnc3nc(N)nc(N)c3c2C)c1";"IC50";"'='";"29.0";"nM";"7.54";"";"";"UO_0000065";"19.71";"0.37";"4.61";"6.71";"0";"CHEMBL665590";"Inhibitory activity against Toxoplasma gondii dihydrofolate reductase";"B";"BAO_0000357";"single protein format";"Toxoplasma gondii";"None";"None";"None";"None";"";"";"";"CHEMBL2425";"Dihydrofolate reductase";"Toxoplasma gondii";"SINGLE PROTEIN";"CHEMBL1129525";"1";"Scientific Literature";"J Med Chem";"1996";"None";"";"";""
"CHEMBL22";"TRIMETHOPRIM";"4.0";"290.32";"0";"1.26";"TMP";"COc1cc(Cc2cnc(N)nc2N)cc(OC)c1OC";"IC50";"'='";"2700.0";"nM";"5.57";"";"";"UO_0000065";"19.18";"0.36";"4.31";"5.28";"1";"CHEMBL665616";"Inhibitory activity against Toxoplasma gondii dihydrofolate reductase (in 90 uM dihydrofolic acid)";"B";"BAO_0000357";"single protein format";"Toxoplasma gondii";"None";"None";"None";"None";"";"";"";"CHEMBL2425";"Dihydrofolate reductase";"Toxoplasma gondii";"SINGLE PROTEIN";"CHEMBL1129539";"1";"Scientific Literature";"J Med Chem";"1996";"None";"";"";""
"CHEMBL7492";"PIRITREXIM";"2.0";"325.37";"0";"2.11";"PTX";"COc1ccc(OC)c(Cc2cnc3nc(N)nc(N)c3c2C)c1";"IC50";"'='";"4.3";"nM";"8.37";"";"";"UO_0000065";"25.71";"0.48";"6.26";"7.66";"1";"CHEMBL666219";"Concentration required to inhibit the Toxoplasma gondii Dihydrofolate reductase by 50% was determined; Range: 4.0-4.6";"B";"BAO_0000357";"single protein format";"Toxoplasma gondii";"None";"None";"None";"None";"";"";"";"CHEMBL2425";"Dihydrofolate reductase";"Toxoplasma gondii";"SINGLE PROTEIN";"CHEMBL1149188";"1";"Scientific Literature";"J Med Chem";"2004";"None";"";"";""
"CHEMBL54538";"";"None";"330.39";"0";"2.98";"38";"CN(Cc1ccc2nc(N)nc(N)c2n1)c1cccc2ccccc12";"IC50";"'='";"18.0";"nM";"7.75";"";"";"UO_0000065";"23.44";"0.42";"4.76";"8.24";"0";"CHEMBL665702";"Inhibitory activity against Toxoplasma gondii dihydrofolate reductase.";"B";"BAO_0000357";"single protein format";"Toxoplasma gondii";"None";"None";"None";"None";"";"";"";"CHEMBL2425";"Dihydrofolate reductase";"Toxoplasma gondii";"SINGLE PROTEIN";"CHEMBL1129583";"1";"Scientific Literature";"J Med Chem";"1996";"None";"";"";""
"CHEMBL337746";"";"None";"331.36";"0";"1.03";"153";"COc1ccccc1S(=O)(=O)c1ccc2nc(N)nc(N)c2n1";"IC50";"'='";"209.99";"nM";"6.68";"";"";"UO_0000065";"20.15";"0.40";"5.65";"4.98";"0";"CHEMBL830839";"Inhibition of Toxoplasma gondii dihydrofolate reductase";"B";"BAO_0000357";"single protein format";"Toxoplasma gondii";"None";"None";"None";"None";"";"";"";"CHEMBL2425";"Dihydrofolate reductase";"Toxoplasma gondii";"SINGLE PROTEIN";"CHEMBL1145190";"1";"Scientific Literature";"J Med Chem";"2005";"None";"";"";""
"CHEMBL23919";"";"None";"327.35";"0";"1.21";"12p";"COc1cc(NCc2cnc3nc(N)nc(N)c3n2)cc(OC)c1";"IC50";"'='";"110.0";"nM";"6.96";"";"";"UO_0000065";"21.26";"0.40";"5.75";"5.19";"0";"CHEMBL665590";"Inhibitory activity against Toxoplasma gondii dihydrofolate reductase";"B";"BAO_0000357";"single protein format";"Toxoplasma gondii";"None";"None";"None";"None";"";"";"";"CHEMBL2425";"Dihydrofolate reductase";"Toxoplasma gondii";"SINGLE PROTEIN";"CHEMBL1129525";"1";"Scientific Literature";"J Med Chem";"1996";"None";"";"";""
"CHEMBL22";"TRIMETHOPRIM";"4.0";"290.32";"0";"1.26";"229";"COc1cc(Cc2cnc(N)nc2N)cc(OC)c1OC";"IC50";"'='";"2700.0";"nM";"5.57";"";"";"UO_0000065";"19.18";"0.36";"4.31";"5.28";"1";"CHEMBL664913";"Inhibition against Dihydrofolate reductase in Toxoplasma gondii";"B";"BAO_0000357";"single protein format";"Toxoplasma gondii";"None";"None";"None";"None";"";"";"";"CHEMBL2425";"Dihydrofolate reductase";"Toxoplasma gondii";"SINGLE PROTEIN";"CHEMBL1129990";"1";"Scientific Literature";"J Med Chem";"1997";"None";"";"";""
"CHEMBL34259";"METHOTREXATE";"4.0";"454.45";"0";"0.27";"Methotrexate(MTX)";"CN(Cc1cnc2nc(N)nc(N)c2n1)c1ccc(C(=O)N[C@@H](CCC(=O)O)C(=O)O)cc1";"IC50";"'='";"1100.0";"nM";"5.96";"";"";"UO_0000065";"13.11";"0.25";"5.69";"2.83";"0";"CHEMBL664920";"Inhibitory activity against Toxoplasma gondii dihydrofolate reductase";"B";"BAO_0000357";"single protein format";"Toxoplasma gondii";"None";"None";"None";"None";"";"";"";"CHEMBL2425";"Dihydrofolate reductase";"Toxoplasma gondii";"SINGLE PROTEIN";"CHEMBL1134503";"1";"Scientific Literature";"J Med Chem";"2001";"None";"";"";""
"CHEMBL121947";"";"None";"303.80";"0";"2.51";"13";"Nc1nc(N)c2c(n1)CCC(CNc1ccc(Cl)cc1)C2";"IC50";"'='";"78.0";"nM";"7.11";"";"";"UO_0000065";"23.40";"0.46";"4.60";"7.91";"0";"CHEMBL665604";"Inhibitory activity against purified DHFR (Dihydrofolate reductase) from Toxoplasma gondii.";"B";"BAO_0000357";"single protein format";"Toxoplasma gondii";"None";"None";"None";"None";"";"";"";"CHEMBL2425";"Dihydrofolate reductase";"Toxoplasma gondii";"SINGLE PROTEIN";"CHEMBL1128550";"1";"Scientific Literature";"J Med Chem";"1995";"None";"";"";""
"CHEMBL493717";"";"None";"293.37";"0";"2.82";"5";"CCN(Cc1ccccc1)c1ccc2nc(N)nc(N)c2c1";"IC50";"'='";"3.6";"nM";"8.44";"";"";"UO_0000065";"28.78";"0.52";"5.62";"10.42";"0";"CHEMBL1027390";"Inhibition of Toxoplasma gondii dihydrofolate reductase";"B";"BAO_0000357";"single protein format";"Toxoplasma gondii";"None";"None";"None";"None";"";"";"";"CHEMBL2425";"Dihydrofolate reductase";"Toxoplasma gondii";"SINGLE PROTEIN";"CHEMBL1140088";"1";"Scientific Literature";"J Med Chem";"2008";"None";"";"";""
"CHEMBL225180";"";"None";"445.46";"1";"1.34";"1";"Cc1[nH]c2nc(N)[nH]c(=O)c2c1Sc1ccc(C(=O)N[C@@H](CCC(=O)O)C(=O)O)cc1";"IC50";"";"";"";"";"";"Not Determined";"";"";"";"";"";"0";"CHEMBL1034982";"Inhibition of Toxoplasma gondii thymidylate synthase";"B";"BAO_0000357";"single protein format";"Toxoplasma gondii";"None";"None";"None";"None";"";"";"";"CHEMBL2425";"Dihydrofolate reductase";"Toxoplasma gondii";"SINGLE PROTEIN";"CHEMBL1140135";"1";"Scientific Literature";"J Med Chem";"2008";"None";"";"";""
"CHEMBL492839";"";"None";"358.27";"0";"4.33";"10";"Cc1sc2nc(N)[nH]c(=O)c2c1Sc1cc(Cl)cc(Cl)c1";"IC50";"'='";"64.0";"nM";"7.19";"";"";"UO_0000065";"20.08";"0.47";"2.86";"10.02";"0";"CHEMBL1034984";"Inhibition of Toxoplasma gondii DHFR";"B";"BAO_0000357";"single protein format";"Toxoplasma gondii";"None";"None";"None";"None";"";"";"";"CHEMBL2425";"Dihydrofolate reductase";"Toxoplasma gondii";"SINGLE PROTEIN";"CHEMBL1140135";"1";"Scientific Literature";"J Med Chem";"2008";"None";"";"";""
"CHEMBL598604";"";"None";"355.40";"0";"4.31";"47";"Nc1nc(N)c2c(CNc3cccc4cc5ccccc5cc34)coc2n1";"IC50";"'='";"15488.17";"nM";"4.81";"";"";"UO_0000065";"13.53";"0.24";"0.50";"4.67";"0";"CHEMBL1071424";"Inhibition of Toxoplasma gondii DHFR by spectrophotometric assay";"B";"BAO_0000357";"single protein format";"Toxoplasma gondii";"None";"None";"None";"None";"";"";"";"CHEMBL2425";"Dihydrofolate reductase";"Toxoplasma gondii";"SINGLE PROTEIN";"CHEMBL1156926";"1";"Scientific Literature";"Bioorg Med Chem";"2010";"None";"";"";""
"CHEMBL389051";"";"None";"477.48";"0";"1.19";"1, PDDF";"C#CCN(Cc1ccc2[nH]c(N)nc(=O)c2c1)c1ccc(C(=O)N[C@@H](CCC(=O)O)C(=O)O)cc1";"IC50";"'='";"72.0";"nM";"7.14";"";"";"UO_0000065";"14.96";"0.28";"5.95";"4.00";"0";"CHEMBL1819661";"Inhibition of Toxoplasma gondii TS assessed as oxidation of tetrahydrofolate to dihydrofolate after 2 to 12 mins by spectrophotometry";"B";"BAO_0000357";"single protein format";"Toxoplasma gondii";"None";"None";"None";"None";"";"";"";"CHEMBL2425";"Dihydrofolate reductase";"Toxoplasma gondii";"SINGLE PROTEIN";"CHEMBL1817595";"1";"Scientific Literature";"Bioorg Med Chem";"2011";"None";"";"";""
"CHEMBL169896";"OSI-7904";"2.0";"500.51";"1";"3.27";"2, OSI-7904, BW1843, PDB: 1SYN";"Cc1nc2ccc3ccc(CNc4ccc5c(c4)CN([C@@H](CCC(=O)O)C(=O)O)C5=O)cc3c2c(=O)[nH]1";"IC50";"'='";"710.0";"nM";"6.15";"";"";"UO_0000065";"12.28";"0.23";"2.88";"4.03";"0";"CHEMBL1819664";"Inhibition of Toxoplasma gondii DHFR by spectrophotometry";"B";"BAO_0000357";"single protein format";"Toxoplasma gondii";"None";"None";"None";"None";"";"";"";"CHEMBL2425";"Dihydrofolate reductase";"Toxoplasma gondii";"SINGLE PROTEIN";"CHEMBL1817595";"1";"Scientific Literature";"Bioorg Med Chem";"2011";"None";"";"";""
"CHEMBL103981";"";"None";"408.42";"0";"3.09";"9";"CCc1nc(N)nc(N)c1-c1ccc(NCc2ccc(C(=O)O)cc2)c([N+](=O)[O-])c1";"IC50";"'='";"1.8";"nM";"8.74";"";"";"UO_0000065";"21.41";"0.40";"5.65";"5.14";"0";"CHEMBL884350";"Inhibitory activity against Dihydrofolate reductase from Toxoplasma gondii was evaluated using 90 uM dihydrofolic acid as substrate";"B";"BAO_0000357";"single protein format";"Toxoplasma gondii";"None";"None";"None";"None";"";"";"";"CHEMBL2425";"Dihydrofolate reductase";"Toxoplasma gondii";"SINGLE PROTEIN";"CHEMBL1130351";"1";"Scientific Literature";"J Med Chem";"1997";"None";"";"";""
"CHEMBL54732";"";"None";"349.23";"0";"3.13";"73";"CN(Cc1ccc2nc(N)nc(N)c2n1)c1ccc(Cl)cc1Cl";"IC50";"'='";"50.0";"nM";"7.30";"";"";"UO_0000065";"20.91";"0.43";"4.17";"7.77";"1";"CHEMBL830839";"Inhibition of Toxoplasma gondii dihydrofolate reductase";"B";"BAO_0000357";"single protein format";"Toxoplasma gondii";"None";"None";"None";"None";"";"";"";"CHEMBL2425";"Dihydrofolate reductase";"Toxoplasma gondii";"SINGLE PROTEIN";"CHEMBL1145190";"1";"Scientific Literature";"J Med Chem";"2005";"None";"";"";""
"CHEMBL179102";"";"None";"315.38";"0";"3.56";"100";"Nc1nc(N)c2cc(NCc3cccc4ccccc34)ccc2n1";"IC50";"'='";"98.99";"nM";"7.00";"";"";"UO_0000065";"22.21";"0.40";"3.44";"7.80";"0";"CHEMBL830839";"Inhibition of Toxoplasma gondii dihydrofolate reductase";"B";"BAO_0000357";"single protein format";"Toxoplasma gondii";"None";"None";"None";"None";"";"";"";"CHEMBL2425";"Dihydrofolate reductase";"Toxoplasma gondii";"SINGLE PROTEIN";"CHEMBL1145190";"1";"Scientific Literature";"J Med Chem";"2005";"None";"";"";""
"CHEMBL84457";"";"None";"310.36";"0";"2.12";"116";"COc1ccccc1NCc1cnc2nc(N)nc(N)c2c1C";"IC50";"'='";"7.4";"nM";"8.13";"";"";"UO_0000065";"26.20";"0.48";"6.01";"7.26";"0";"CHEMBL828662";"Inhibition of Toxoplasma gondii dihydrofolate reductase";"B";"BAO_0000357";"single protein format";"Toxoplasma gondii";"None";"None";"None";"None";"";"";"";"CHEMBL2425";"Dihydrofolate reductase";"Toxoplasma gondii";"SINGLE PROTEIN";"CHEMBL1145190";"1";"Scientific Literature";"J Med Chem";"2005";"None";"";"";""
"CHEMBL423560";"";"None";"366.43";"0";"2.08";"119";"COc1cc2c(cc1OC)N(Cc1cnc3nc(N)nc(N)c3c1C)CC2";"IC50";"'='";"49.0";"nM";"7.31";"";"";"UO_0000065";"19.95";"0.37";"5.23";"6.50";"1";"CHEMBL830839";"Inhibition of Toxoplasma gondii dihydrofolate reductase";"B";"BAO_0000357";"single protein format";"Toxoplasma gondii";"None";"None";"None";"None";"";"";"";"CHEMBL2425";"Dihydrofolate reductase";"Toxoplasma gondii";"SINGLE PROTEIN";"CHEMBL1145190";"1";"Scientific Literature";"J Med Chem";"2005";"None";"";"";""
"CHEMBL331351";"";"None";"484.21";"1";"5.33";"16e";"Nc1nc(N)c2c(CNc3cc(Cl)c(-n4cccc4)c(Cl)c3)c(Br)sc2n1";"IC50";"'='";"26000.0";"nM";"4.58";"";"";"UO_0000065";"9.47";"0.23";"-0.74";"4.84";"0";"CHEMBL665695";"Inhibition of Toxoplasma gondii Dihydrofolate Reductase";"B";"BAO_0000357";"single protein format";"Toxoplasma gondii";"None";"None";"None";"None";"";"";"";"CHEMBL2425";"Dihydrofolate reductase";"Toxoplasma gondii";"SINGLE PROTEIN";"CHEMBL1130226";"1";"Scientific Literature";"J Med Chem";"1997";"None";"";"";""
"CHEMBL22";"TRIMETHOPRIM";"4.0";"290.32";"0";"1.26";"1, TMP";"COc1cc(Cc2cnc(N)nc2N)cc(OC)c1OC";"IC50";"'='";"2700.0";"nM";"5.57";"";"";"UO_0000065";"19.18";"0.36";"4.31";"5.28";"1";"CHEMBL665588";"Inhibitory activity against DHFR (Dihydrofolate reductase) from Toxoplasma gondii.";"B";"BAO_0000357";"single protein format";"Toxoplasma gondii";"None";"None";"None";"None";"";"";"";"CHEMBL2425";"Dihydrofolate reductase";"Toxoplasma gondii";"SINGLE PROTEIN";"CHEMBL1132186";"1";"Scientific Literature";"J Med Chem";"1999";"None";"";"";""
"CHEMBL122214";"";"None";"454.35";"0";"3.28";"16c";"COc1cc(N(C)Cc2c(Br)sc3nc(N)nc(N)c23)cc(OC)c1OC";"IC50";"'='";"127000.0";"nM";"";"Outside typical range";"";"UO_0000065";"";"";"";"";"0";"CHEMBL665695";"Inhibition of Toxoplasma gondii Dihydrofolate Reductase";"B";"BAO_0000357";"single protein format";"Toxoplasma gondii";"None";"None";"None";"None";"";"";"";"CHEMBL2425";"Dihydrofolate reductase";"Toxoplasma gondii";"SINGLE PROTEIN";"CHEMBL1130226";"1";"Scientific Literature";"J Med Chem";"1997";"None";"";"";""
"CHEMBL476745";"";"None";"359.46";"0";"3.24";"16";"CCCc1c(Sc2ccc(OC)c(OC)c2)[nH]c2nc(N)nc(N)c12";"IC50";"'='";"1000.0";"nM";"6.00";"";"";"UO_0000065";"16.69";"0.33";"2.76";"5.35";"0";"CHEMBL983765";"Inhibition of Toxoplasma gondii dihydrofolate reductase";"B";"BAO_0000357";"single protein format";"Toxoplasma gondii";"None";"None";"None";"None";"";"";"";"CHEMBL2425";"Dihydrofolate reductase";"Toxoplasma gondii";"SINGLE PROTEIN";"CHEMBL1155823";"1";"Scientific Literature";"J Med Chem";"2008";"None";"";"";""
"CHEMBL119";"TRIMETREXATE";"4.0";"369.43";"0";"2.74";"TMQ";"COc1cc(NCc2ccc3nc(N)nc(N)c3c2C)cc(OC)c1OC";"IC50";"'='";"10.0";"nM";"8.00";"";"";"UO_0000065";"21.65";"0.40";"5.26";"6.81";"1";"CHEMBL664913";"Inhibition against Dihydrofolate reductase in Toxoplasma gondii";"B";"BAO_0000357";"single protein format";"Toxoplasma gondii";"None";"None";"None";"None";"";"";"";"CHEMBL2425";"Dihydrofolate reductase";"Toxoplasma gondii";"SINGLE PROTEIN";"CHEMBL1129990";"1";"Scientific Literature";"J Med Chem";"1997";"None";"";"";""
"CHEMBL2047245";"";"None";"316.41";"0";"4.50";"3";"CC(C)c1ccc(Nc2nc(N)nc3c2-c2ccccc2C3)cc1";"IC50";"'>'";"16000.0";"nM";"";"";"";"UO_0000065";"";"";"";"";"0";"CHEMBL2050304";"Inhibition of Toxoplasma gondii DHFR";"B";"BAO_0000357";"single protein format";"Toxoplasma gondii";"None";"None";"None";"None";"";"";"";"CHEMBL2425";"Dihydrofolate reductase";"Toxoplasma gondii";"SINGLE PROTEIN";"CHEMBL2046359";"1";"Scientific Literature";"Bioorg Med Chem";"2012";"None";"";"";""
"CHEMBL564937";"";"None";"348.41";"0";"3.19";"2c";"CCc1sc2nc(N)[nH]c(=O)c2c1Sc1ccc([N+](=O)[O-])cc1";"IC50";"'='";"1000.0";"nM";"6.00";"";"";"UO_0000065";"17.22";"0.36";"2.81";"5.22";"0";"CHEMBL1062968";"Inhibition of Toxoplasma gondii thymidylate synthase";"B";"BAO_0000357";"single protein format";"Toxoplasma gondii";"None";"None";"None";"None";"";"";"";"CHEMBL2425";"Dihydrofolate reductase";"Toxoplasma gondii";"SINGLE PROTEIN";"CHEMBL1151945";"1";"Scientific Literature";"J Med Chem";"2009";"None";"";"";""
"CHEMBL190935";"";"None";"425.49";"0";"2.82";"45";"CCOC(=O)CCCOc1ccc(OC)cc1Cc1cnc2nc(N)nc(N)c2c1C";"IC50";"'='";"10.0";"nM";"8.00";"";"";"UO_0000065";"18.80";"0.35";"5.18";"5.91";"0";"CHEMBL827820";"Inhibitory concentration against Toxoplasma gondii DHFR";"B";"BAO_0000357";"single protein format";"Toxoplasma gondii";"None";"None";"None";"None";"";"";"";"CHEMBL2425";"Dihydrofolate reductase";"Toxoplasma gondii";"SINGLE PROTEIN";"CHEMBL1145152";"1";"Scientific Literature";"J Med Chem";"2005";"None";"";"";""
"CHEMBL87383";"";"None";"558.04";"2";"4.61";"10g";"CCc1nc(N)nc(N)c1-c1ccc(Cl)c(/N=N/N(CCOC(C)=O)Cc2cc(OC)c(OC)c(OC)c2)c1";"IC50";"'='";"70.0";"nM";"7.16";"";"";"UO_0000065";"12.82";"0.25";"2.54";"4.48";"0";"CHEMBL664922";"Inhibitory activity against dihydrofolate reductase DHFR in Toxoplasma gondii.";"B";"BAO_0000357";"single protein format";"Toxoplasma gondii";"None";"None";"None";"None";"";"";"";"CHEMBL2425";"Dihydrofolate reductase";"Toxoplasma gondii";"SINGLE PROTEIN";"CHEMBL1134547";"1";"Scientific Literature";"J Med Chem";"2001";"None";"";"";""
"CHEMBL422316";"";"None";"479.50";"0";"0.80";"3";"Nc1nc(N)c2cc3c(nc2n1)CCN(Cc1ccc(C(=O)N[C@@H](CCC(=O)O)C(=O)O)cc1)C3";"IC50";"'='";"900.0";"nM";"6.05";"";"";"UO_0000065";"12.61";"0.24";"5.25";"3.06";"0";"CHEMBL665701";"Inhibitory activity against Toxoplasma gondii (tg) Dihydrofolate reductase (DHFR)";"B";"BAO_0000357";"single protein format";"Toxoplasma gondii";"None";"None";"None";"None";"";"";"";"CHEMBL2425";"Dihydrofolate reductase";"Toxoplasma gondii";"SINGLE PROTEIN";"CHEMBL1135650";"1";"Scientific Literature";"J Med Chem";"2002";"None";"";"";""
"CHEMBL79123";"";"None";"280.33";"0";"2.11";"5";"Cc1c(CNc2ccccc2)cnc2nc(N)nc(N)c12";"IC50";"'='";"17.0";"nM";"7.77";"";"";"UO_0000065";"27.72";"0.51";"5.66";"7.56";"0";"CHEMBL665700";"Inhibition of dihydrofolate reductase (DHFR) from Toxoplasma gondii(tg)";"B";"BAO_0000357";"single protein format";"Toxoplasma gondii";"None";"None";"None";"None";"";"";"";"CHEMBL2425";"Dihydrofolate reductase";"Toxoplasma gondii";"SINGLE PROTEIN";"CHEMBL1132261";"1";"Scientific Literature";"J Med Chem";"1999";"None";"";"";""
"CHEMBL59530";"";"None";"293.71";"0";"2.43";"1b";"CCc1nc(N)nc(N)c1-c1ccc(Cl)c([N+](=O)[O-])c1";"IC50";"'='";"13.0";"nM";"7.89";"";"";"UO_0000065";"26.85";"0.54";"5.46";"6.52";"0";"CHEMBL664912";"Inhibitory concentration against Toxoplasma gondii dihydrofolate reductase";"B";"BAO_0000357";"single protein format";"Toxoplasma gondii";"None";"None";"None";"None";"";"";"";"CHEMBL2425";"Dihydrofolate reductase";"Toxoplasma gondii";"SINGLE PROTEIN";"CHEMBL1130062";"1";"Scientific Literature";"J Med Chem";"1997";"None";"";"";""
"CHEMBL7263";"";"None";"329.40";"0";"1.88";"4";"COc1ccc(OC)c(NCC2CCc3nc(N)nc(N)c3C2)c1";"IC50";"'='";"181.0";"nM";"6.74";"";"";"UO_0000065";"20.47";"0.38";"4.86";"6.23";"0";"CHEMBL665605";"Inhibitory activity against purified Dihydrofolate reductase from Toxoplasma gondii.";"B";"BAO_0000357";"single protein format";"Toxoplasma gondii";"None";"None";"None";"None";"";"";"";"CHEMBL2425";"Dihydrofolate reductase";"Toxoplasma gondii";"SINGLE PROTEIN";"CHEMBL1128550";"1";"Scientific Literature";"J Med Chem";"1995";"None";"";"";""
"CHEMBL140323";"";"None";"332.39";"0";"2.72";"11";"COc1ccc(Sc2c(C)[nH]c3nc(N)nc(O)c23)cc1OC";"IC50";"'='";"20000.0";"nM";"4.70";"";"";"UO_0000065";"14.14";"0.28";"1.98";"4.42";"0";"CHEMBL662240";"The inhibitory concentration of compound against Dihydrofolate reductases on Toxoplasma gondii";"B";"BAO_0000357";"single protein format";"Toxoplasma gondii";"None";"None";"None";"None";"";"";"";"CHEMBL2425";"Dihydrofolate reductase";"Toxoplasma gondii";"SINGLE PROTEIN";"CHEMBL1129396";"1";"Scientific Literature";"J Med Chem";"1996";"None";"";"";""
"CHEMBL78631";"";"None";"308.34";"0";"2.08";"9a";"Nc1nc(N)c2cc(COC(=O)Cc3ccccc3)ccc2n1";"IC50";"'='";"1900.0";"nM";"5.72";"";"";"UO_0000065";"18.55";"0.34";"3.64";"5.49";"0";"CHEMBL665597";"Inhibitory concentration against dihydrofolate reductase DHFR from Toxoplasma gondii";"B";"BAO_0000357";"single protein format";"Toxoplasma gondii";"None";"None";"None";"None";"";"";"";"CHEMBL2425";"Dihydrofolate reductase";"Toxoplasma gondii";"SINGLE PROTEIN";"CHEMBL1134533";"1";"Scientific Literature";"J Med Chem";"2001";"None";"";"";""
"CHEMBL7492";"PIRITREXIM";"2.0";"325.37";"0";"2.11";"PTX";"COc1ccc(OC)c(Cc2cnc3nc(N)nc(N)c3c2C)c1";"IC50";"'='";"10.0";"nM";"8.00";"";"";"UO_0000065";"24.59";"0.46";"5.89";"7.33";"1";"CHEMBL664913";"Inhibition against Dihydrofolate reductase in Toxoplasma gondii";"B";"BAO_0000357";"single protein format";"Toxoplasma gondii";"None";"None";"None";"None";"";"";"";"CHEMBL2425";"Dihydrofolate reductase";"Toxoplasma gondii";"SINGLE PROTEIN";"CHEMBL1129990";"1";"Scientific Literature";"J Med Chem";"1997";"None";"";"";""
"CHEMBL7139";"";"None";"315.38";"0";"1.22";"21";"COc1ccc(OC)c(CN2CCc3nc(N)nc(N)c3C2)c1";"IC50";"'='";"300.0";"nM";"6.52";"";"";"UO_0000065";"20.68";"0.39";"5.30";"6.55";"0";"CHEMBL665602";"The ability to inhibit Toxoplasma gondii Dihydrofolate reductase was tested";"B";"BAO_0000357";"single protein format";"Toxoplasma gondii";"None";"None";"None";"None";"";"";"";"CHEMBL2425";"Dihydrofolate reductase";"Toxoplasma gondii";"SINGLE PROTEIN";"CHEMBL1132605";"1";"Scientific Literature";"J Med Chem";"1999";"None";"";"";""
"CHEMBL141903";"";"None";"373.84";"0";"3.12";"12";"COc1ccc(OC)c(CCNc2ccc3nc(N)nc(N)c3c2Cl)c1";"IC50";"'='";"990.0";"nM";"6.00";"";"";"UO_0000065";"16.06";"0.32";"2.88";"5.54";"0";"CHEMBL664915";"Inhibition of Dihydrofolate reductase of Toxoplasma gondii";"B";"BAO_0000357";"single protein format";"Toxoplasma gondii";"None";"None";"None";"None";"";"";"";"CHEMBL2425";"Dihydrofolate reductase";"Toxoplasma gondii";"SINGLE PROTEIN";"CHEMBL1127704";"1";"Scientific Literature";"J Med Chem";"1994";"None";"";"";""
"CHEMBL36";"PYRIMETHAMINE";"4.0";"248.72";"0";"2.52";"4 (pyrimethamine)";"CCc1nc(N)nc(N)c1-c1ccc(Cl)cc1";"IC50";"'='";"390.0";"nM";"6.41";"";"";"UO_0000065";"25.77";"0.51";"3.89";"8.24";"0";"CHEMBL664915";"Inhibition of Dihydrofolate reductase of Toxoplasma gondii";"B";"BAO_0000357";"single protein format";"Toxoplasma gondii";"None";"None";"None";"None";"";"";"";"CHEMBL2425";"Dihydrofolate reductase";"Toxoplasma gondii";"SINGLE PROTEIN";"CHEMBL1127704";"1";"Scientific Literature";"J Med Chem";"1994";"None";"";"";""
"CHEMBL69681";"";"None";"344.38";"0";"1.76";"1";"COc1cc(NCc2c[nH]c3nc(N)nc(N)c23)cc(OC)c1OC";"IC50";"'='";"8100.0";"nM";"5.09";"";"";"UO_0000065";"14.78";"0.28";"3.33";"3.82";"0";"CHEMBL665698";"Inhibition of Toxoplasma gondii (tc) Dihydrofolate reductase";"B";"BAO_0000357";"single protein format";"Toxoplasma gondii";"None";"None";"None";"None";"";"";"";"CHEMBL2425";"Dihydrofolate reductase";"Toxoplasma gondii";"SINGLE PROTEIN";"CHEMBL1128397";"1";"Scientific Literature";"J Med Chem";"1995";"None";"";"";""
"CHEMBL422395";"";"None";"477.48";"0";"1.19";"PDDF";"C#CCN(Cc1ccc2[nH]c(N)nc(=O)c2c1)c1ccc(C(=O)NC(CCC(=O)O)C(=O)O)cc1";"IC50";"'='";"430.0";"nM";"6.37";"";"";"UO_0000065";"13.33";"0.25";"5.18";"3.56";"1";"CHEMBL2050307";"Inhibition of Toxoplasma gondii thymidylate synthase";"B";"BAO_0000357";"single protein format";"Toxoplasma gondii";"None";"None";"None";"None";"";"";"";"CHEMBL2425";"Dihydrofolate reductase";"Toxoplasma gondii";"SINGLE PROTEIN";"CHEMBL2046359";"1";"Scientific Literature";"Bioorg Med Chem";"2012";"None";"";"";""
"CHEMBL2047253";"";"None";"326.76";"0";"4.17";"13";"Nc1nc2c(c(Nc3ccc(Cl)cc3F)n1)-c1ccccc1C2";"IC50";"'>'";"16000.0";"nM";"";"";"";"UO_0000065";"";"";"";"";"0";"CHEMBL2050304";"Inhibition of Toxoplasma gondii DHFR";"B";"BAO_0000357";"single protein format";"Toxoplasma gondii";"None";"None";"None";"None";"";"";"";"CHEMBL2425";"Dihydrofolate reductase";"Toxoplasma gondii";"SINGLE PROTEIN";"CHEMBL2046359";"1";"Scientific Literature";"Bioorg Med Chem";"2012";"None";"";"";""
"CHEMBL34259";"METHOTREXATE";"4.0";"454.45";"0";"0.27";"Methotrexate";"CN(Cc1cnc2nc(N)nc(N)c2n1)c1ccc(C(=O)N[C@@H](CCC(=O)O)C(=O)O)cc1";"IC50";"'='";"33.0";"nM";"7.48";"";"";"UO_0000065";"16.46";"0.31";"7.21";"3.55";"1";"CHEMBL2050304";"Inhibition of Toxoplasma gondii DHFR";"B";"BAO_0000357";"single protein format";"Toxoplasma gondii";"None";"None";"None";"None";"";"";"";"CHEMBL2425";"Dihydrofolate reductase";"Toxoplasma gondii";"SINGLE PROTEIN";"CHEMBL2046359";"1";"Scientific Literature";"Bioorg Med Chem";"2012";"None";"";"";""
"CHEMBL312688";"";"None";"295.13";"0";"2.49";"27";"Nc1nc(N)c2nc(-c3ccc(Cl)c(Cl)c3)[nH]c2n1";"IC50";"'='";"6760.83";"nM";"5.17";"";"";"UO_0000065";"17.52";"0.37";"2.68";"4.85";"0";"CHEMBL1071424";"Inhibition of Toxoplasma gondii DHFR by spectrophotometric assay";"B";"BAO_0000357";"single protein format";"Toxoplasma gondii";"None";"None";"None";"None";"";"";"";"CHEMBL2425";"Dihydrofolate reductase";"Toxoplasma gondii";"SINGLE PROTEIN";"CHEMBL1156926";"1";"Scientific Literature";"Bioorg Med Chem";"2010";"None";"";"";""
"CHEMBL121348";"";"None";"333.44";"0";"3.04";"20";"CN(CC1CCc2nc(N)nc(N)c2C1)c1cccc2ccccc12";"IC50";"'='";"23.0";"nM";"7.64";"";"";"UO_0000065";"22.91";"0.42";"4.60";"9.42";"0";"CHEMBL665605";"Inhibitory activity against purified Dihydrofolate reductase from Toxoplasma gondii.";"B";"BAO_0000357";"single protein format";"Toxoplasma gondii";"None";"None";"None";"None";"";"";"";"CHEMBL2425";"Dihydrofolate reductase";"Toxoplasma gondii";"SINGLE PROTEIN";"CHEMBL1128550";"1";"Scientific Literature";"J Med Chem";"1995";"None";"";"";""
"CHEMBL123122";"";"None";"373.46";"0";"1.91";"2";"COc1cc(N(C)CC2CCc3nc(N)nc(N)c3C2)cc(OC)c1OC";"IC50";"'='";"7.0";"nM";"8.15";"";"";"UO_0000065";"21.84";"0.41";"6.24";"7.50";"0";"CHEMBL665605";"Inhibitory activity against purified Dihydrofolate reductase from Toxoplasma gondii.";"B";"BAO_0000357";"single protein format";"Toxoplasma gondii";"None";"None";"None";"None";"";"";"";"CHEMBL2425";"Dihydrofolate reductase";"Toxoplasma gondii";"SINGLE PROTEIN";"CHEMBL1128550";"1";"Scientific Literature";"J Med Chem";"1995";"None";"";"";""
"CHEMBL23705";"";"None";"354.41";"0";"2.15";"3c";"COc1ccc(N(C)Cc2cnc3nc(N)nc(N)c3c2C)c(OC)c1";"IC50";"'='";"38.0";"nM";"7.42";"";"";"UO_0000065";"20.94";"0.39";"5.27";"6.60";"0";"CHEMBL664916";"Inhibitory activity against Dihydrofolate reductase from Toxoplasma gondii";"B";"BAO_0000357";"single protein format";"Toxoplasma gondii";"None";"None";"None";"None";"";"";"";"CHEMBL2425";"Dihydrofolate reductase";"Toxoplasma gondii";"SINGLE PROTEIN";"CHEMBL1128680";"1";"Scientific Literature";"J Med Chem";"1995";"None";"";"";""
"CHEMBL116637";"";"None";"355.40";"0";"2.43";"7";"COc1ccc(CNc2ccc3nc(N)nc(N)c3c2)c(OC)c1OC";"IC50";"'='";"190.0";"nM";"6.72";"";"";"UO_0000065";"18.91";"0.35";"4.29";"5.72";"0";"CHEMBL664917";"Inhibitory activity against Dihydrofolate reductase from Toxoplasma gondii (tgDHFR)";"B";"BAO_0000357";"single protein format";"Toxoplasma gondii";"None";"None";"None";"None";"";"";"";"CHEMBL2425";"Dihydrofolate reductase";"Toxoplasma gondii";"SINGLE PROTEIN";"CHEMBL1131583";"1";"Scientific Literature";"J Med Chem";"1998";"None";"";"";""
"CHEMBL22";"TRIMETHOPRIM";"4.0";"290.32";"0";"1.26";"TMP";"COc1cc(Cc2cnc(N)nc2N)cc(OC)c1OC";"IC50";"'='";"2700.0";"nM";"5.57";"";"";"UO_0000065";"19.18";"0.36";"4.31";"5.28";"1";"CHEMBL665698";"Inhibition of Toxoplasma gondii (tc) Dihydrofolate reductase";"B";"BAO_0000357";"single protein format";"Toxoplasma gondii";"None";"None";"None";"None";"";"";"";"CHEMBL2425";"Dihydrofolate reductase";"Toxoplasma gondii";"SINGLE PROTEIN";"CHEMBL1128397";"1";"Scientific Literature";"J Med Chem";"1995";"None";"";"";""
"CHEMBL22";"TRIMETHOPRIM";"4.0";"290.32";"0";"1.26";"Trimethoprim";"COc1cc(Cc2cnc(N)nc2N)cc(OC)c1OC";"IC50";"'='";"3700.0";"nM";"5.43";"";"";"UO_0000065";"18.71";"0.35";"4.17";"5.15";"0";"CHEMBL664920";"Inhibitory activity against Toxoplasma gondii dihydrofolate reductase";"B";"BAO_0000357";"single protein format";"Toxoplasma gondii";"None";"None";"None";"None";"";"";"";"CHEMBL2425";"Dihydrofolate reductase";"Toxoplasma gondii";"SINGLE PROTEIN";"CHEMBL1134503";"1";"Scientific Literature";"J Med Chem";"2001";"None";"";"";""
"CHEMBL441668";"";"None";"330.39";"0";"1.94";"15a";"COc1cc(CC2CCc3nc(N)nc(N)c32)cc(OC)c1OC";"IC50";"'='";"21000.0";"nM";"4.68";"";"";"UO_0000065";"14.16";"0.27";"2.74";"4.43";"0";"CHEMBL665703";"Compound was tested for inhibition activity against Toxoplasma gondii (Toxoplasma gondii) Dihydrofolate reductase";"B";"BAO_0000357";"single protein format";"Toxoplasma gondii";"None";"None";"None";"None";"";"";"";"CHEMBL2425";"Dihydrofolate reductase";"Toxoplasma gondii";"SINGLE PROTEIN";"CHEMBL1131495";"1";"Scientific Literature";"J Med Chem";"1998";"None";"";"";""
"CHEMBL300419";"";"None";"370.41";"0";"1.86";"6";"COc1cc(Cc2cnc(N)nc2N)cc(C#CCCCC(=O)O)c1OC";"IC50";"'='";"34.0";"nM";"7.47";"";"";"UO_0000065";"20.16";"0.38";"5.61";"5.59";"0";"CHEMBL665596";"Inhibitory concentration against Toxoplasma gondii dihydrofolate reductase";"B";"BAO_0000357";"single protein format";"Toxoplasma gondii";"None";"None";"None";"None";"";"";"";"CHEMBL2425";"Dihydrofolate reductase";"Toxoplasma gondii";"SINGLE PROTEIN";"CHEMBL1147507";"1";"Scientific Literature";"Bioorg Med Chem Lett";"2004";"None";"";"";""
"CHEMBL53193";"";"None";"304.35";"0";"1.72";"TMP";"CNc1ncc(Cc2cc(OC)c(OC)c(OC)c2)c(N)n1";"IC50";"'='";"2800.0";"nM";"5.55";"";"";"UO_0000065";"18.24";"0.34";"3.83";"6.07";"0";"CHEMBL665596";"Inhibitory concentration against Toxoplasma gondii dihydrofolate reductase";"B";"BAO_0000357";"single protein format";"Toxoplasma gondii";"None";"None";"None";"None";"";"";"";"CHEMBL2425";"Dihydrofolate reductase";"Toxoplasma gondii";"SINGLE PROTEIN";"CHEMBL1147507";"1";"Scientific Literature";"Bioorg Med Chem Lett";"2004";"None";"";"";""
"CHEMBL82975";"";"None";"363.25";"0";"3.44";"5b";"Cc1c(CN(C)c2ccc(Cl)c(Cl)c2)cnc2nc(N)nc(N)c12";"IC50";"'='";"27.0";"nM";"7.57";"";"";"UO_0000065";"20.84";"0.43";"4.13";"8.06";"0";"CHEMBL665696";"Inhibition of Toxoplasma gondii dihydrofolate reductase";"B";"BAO_0000357";"single protein format";"Toxoplasma gondii";"None";"None";"None";"None";"";"";"";"CHEMBL2425";"Dihydrofolate reductase";"Toxoplasma gondii";"SINGLE PROTEIN";"CHEMBL1126886";"1";"Scientific Literature";"J Med Chem";"1993";"None";"";"";""
"CHEMBL176332";"";"None";"358.44";"0";"2.72";"15c";"COc1cc(CCCC2CCc3nc(N)nc(N)c32)cc(OC)c1OC";"IC50";"'='";"140.0";"nM";"6.85";"";"";"UO_0000065";"19.12";"0.36";"4.13";"6.50";"0";"CHEMBL665703";"Compound was tested for inhibition activity against Toxoplasma gondii (Toxoplasma gondii) Dihydrofolate reductase";"B";"BAO_0000357";"single protein format";"Toxoplasma gondii";"None";"None";"None";"None";"";"";"";"CHEMBL2425";"Dihydrofolate reductase";"Toxoplasma gondii";"SINGLE PROTEIN";"CHEMBL1131495";"1";"Scientific Literature";"J Med Chem";"1998";"None";"";"";""
"CHEMBL53872";"";"None";"400.36";"0";"2.57";"44";"C#CCN(Cc1ccc2nc(N)nc(N)c2n1)c1ccc(C(=O)C(F)(F)F)cc1";"IC50";"'='";"54.0";"nM";"7.27";"";"";"UO_0000065";"18.15";"0.34";"4.70";"6.55";"0";"CHEMBL665702";"Inhibitory activity against Toxoplasma gondii dihydrofolate reductase.";"B";"BAO_0000357";"single protein format";"Toxoplasma gondii";"None";"None";"None";"None";"";"";"";"CHEMBL2425";"Dihydrofolate reductase";"Toxoplasma gondii";"SINGLE PROTEIN";"CHEMBL1129583";"1";"Scientific Literature";"J Med Chem";"1996";"None";"";"";""
"CHEMBL34823";"";"None";"326.36";"0";"1.46";"2";"COc1ccc(C#CCCC(=O)O)cc1Cc1cnc(N)nc1N";"IC50";"'='";"97.0";"nM";"7.01";"";"";"UO_0000065";"21.49";"0.40";"5.55";"5.64";"0";"CHEMBL664919";"Inhibitory activity against Dihydrohydrofolate reductase(DHFR) of Toxoplasma gondii";"B";"BAO_0000357";"single protein format";"Toxoplasma gondii";"None";"None";"None";"None";"";"";"";"CHEMBL2425";"Dihydrofolate reductase";"Toxoplasma gondii";"SINGLE PROTEIN";"CHEMBL1136782";"1";"Scientific Literature";"J Med Chem";"2003";"None";"";"";""
"CHEMBL268355";"";"None";"284.36";"0";"2.00";"5e";"COc1cccc(CC2CCc3nc(N)nc(N)c3C2)c1";"IC50";"'='";"21.0";"nM";"7.68";"";"";"UO_0000065";"27.00";"0.50";"5.68";"8.82";"0";"CHEMBL665602";"The ability to inhibit Toxoplasma gondii Dihydrofolate reductase was tested";"B";"BAO_0000357";"single protein format";"Toxoplasma gondii";"None";"None";"None";"None";"";"";"";"CHEMBL2425";"Dihydrofolate reductase";"Toxoplasma gondii";"SINGLE PROTEIN";"CHEMBL1132605";"1";"Scientific Literature";"J Med Chem";"1999";"None";"";"";""
"CHEMBL293512";"";"None";"396.41";"0";"-0.23";"6";"COc1cc(N2C=C3C(=O)N=c4nc(N)nc(N)c4=C3CC2)cc(OC)c1OC";"IC50";"'='";"1120.0";"nM";"5.95";"";"";"UO_0000065";"15.01";"0.28";"6.18";"4.31";"0";"CHEMBL665593";"Inhibitory concentration against Toxoplasma gondii Dihydrofolate reductase";"B";"BAO_0000357";"single protein format";"Toxoplasma gondii";"None";"None";"None";"None";"";"";"";"CHEMBL2425";"Dihydrofolate reductase";"Toxoplasma gondii";"SINGLE PROTEIN";"CHEMBL1130385";"1";"Scientific Literature";"J Med Chem";"1997";"None";"";"";""
"CHEMBL162312";"";"None";"320.35";"0";"2.21";"19";"COc1ccc(OC)c(C#Cc2cccc3nc(N)nc(N)c23)c1";"IC50";"'>'";"18000.0";"nM";"";"";"";"UO_0000065";"";"";"";"";"0";"CHEMBL665589";"Inhibitory activity against Toxoplasma gondii Dihydrofolate reductase";"B";"BAO_0000357";"single protein format";"Toxoplasma gondii";"None";"None";"None";"None";"";"";"";"CHEMBL2425";"Dihydrofolate reductase";"Toxoplasma gondii";"SINGLE PROTEIN";"CHEMBL1128249";"1";"Scientific Literature";"J Med Chem";"1995";"None";"";"";""
"CHEMBL7492";"PIRITREXIM";"2.0";"325.37";"0";"2.11";"PTX";"COc1ccc(OC)c(Cc2cnc3nc(N)nc(N)c3c2C)c1";"IC50";"'='";"17.0";"nM";"7.77";"";"";"UO_0000065";"23.88";"0.44";"5.66";"7.12";"1";"CHEMBL665597";"Inhibitory concentration against dihydrofolate reductase DHFR from Toxoplasma gondii";"B";"BAO_0000357";"single protein format";"Toxoplasma gondii";"None";"None";"None";"None";"";"";"";"CHEMBL2425";"Dihydrofolate reductase";"Toxoplasma gondii";"SINGLE PROTEIN";"CHEMBL1134533";"1";"Scientific Literature";"J Med Chem";"2001";"None";"";"";""
"CHEMBL430872";"";"None";"441.44";"0";"1.78";"5";"CC(Cc1coc2nc(N)nc(N)c12)c1ccc(C(=O)N[C@@H](CCC(=O)O)C(=O)O)cc1";"IC50";"'='";"2100.0";"nM";"5.68";"";"";"UO_0000065";"12.86";"0.24";"3.90";"2.92";"0";"CHEMBL665594";"Inhibitory concentration against Toxoplasma gondii Dihydrofolate reductase";"B";"BAO_0000357";"single protein format";"Toxoplasma gondii";"None";"None";"None";"None";"";"";"";"CHEMBL2425";"Dihydrofolate reductase";"Toxoplasma gondii";"SINGLE PROTEIN";"CHEMBL1133617";"1";"Scientific Literature";"J Med Chem";"2000";"None";"";"";""
"CHEMBL417746";"";"None";"316.37";"0";"2.95";"37";"Nc1nc(N)c2nc(CNc3ccc4ccccc4c3)ccc2n1";"IC50";"'='";"160.0";"nM";"6.80";"";"";"UO_0000065";"21.48";"0.39";"3.85";"6.61";"0";"CHEMBL665702";"Inhibitory activity against Toxoplasma gondii dihydrofolate reductase.";"B";"BAO_0000357";"single protein format";"Toxoplasma gondii";"None";"None";"None";"None";"";"";"";"CHEMBL2425";"Dihydrofolate reductase";"Toxoplasma gondii";"SINGLE PROTEIN";"CHEMBL1129583";"1";"Scientific Literature";"J Med Chem";"1996";"None";"";"";""
"CHEMBL299174";"";"None";"340.39";"0";"1.84";"16";"COc1ccc(N(C)Cc2ccc3nc(N)nc(N)c3n2)c(OC)c1";"IC50";"'='";"14.0";"nM";"7.85";"";"";"UO_0000065";"23.07";"0.43";"6.01";"6.99";"0";"CHEMBL665702";"Inhibitory activity against Toxoplasma gondii dihydrofolate reductase.";"B";"BAO_0000357";"single protein format";"Toxoplasma gondii";"None";"None";"None";"None";"";"";"";"CHEMBL2425";"Dihydrofolate reductase";"Toxoplasma gondii";"SINGLE PROTEIN";"CHEMBL1129583";"1";"Scientific Literature";"J Med Chem";"1996";"None";"";"";""
"CHEMBL122704";"";"None";"387.48";"0";"1.90";"17";"COc1cc(CN(C)CC2CCc3nc(N)nc(N)c3C2)cc(OC)c1OC";"IC50";"'='";"330.0";"nM";"6.48";"";"";"UO_0000065";"16.73";"0.32";"4.58";"5.96";"0";"CHEMBL665604";"Inhibitory activity against purified DHFR (Dihydrofolate reductase) from Toxoplasma gondii.";"B";"BAO_0000357";"single protein format";"Toxoplasma gondii";"None";"None";"None";"None";"";"";"";"CHEMBL2425";"Dihydrofolate reductase";"Toxoplasma gondii";"SINGLE PROTEIN";"CHEMBL1128550";"1";"Scientific Literature";"J Med Chem";"1995";"None";"";"";""
"CHEMBL1098846";"";"None";"394.43";"0";"4.46";"II";"Nc1nc(N)c2cc(COC(=O)c3c4ccccc4cc4ccccc34)ccc2n1";"Activity";"'='";"0.67";"uM";"";"";"";"UO_0000064";"";"";"";"";"0";"CHEMBL1108182";"Inhibition of Toxoplasma gondii DHFR by continuous spectrophotometric assay";"B";"BAO_0000357";"single protein format";"Toxoplasma gondii";"None";"None";"None";"None";"";"";"";"CHEMBL2425";"Dihydrofolate reductase";"Toxoplasma gondii";"SINGLE PROTEIN";"CHEMBL1157930";"1";"Scientific Literature";"Bioorg Med Chem";"2010";"None";"";"";""
"CHEMBL1097863";"";"None";"265.32";"0";"2.41";"5b";"Nc1ncc(CNc2cccc3ccccc23)c(N)n1";"Activity";"'='";"22.13";"uM";"";"";"";"UO_0000064";"";"";"";"";"0";"CHEMBL1108182";"Inhibition of Toxoplasma gondii DHFR by continuous spectrophotometric assay";"B";"BAO_0000357";"single protein format";"Toxoplasma gondii";"None";"None";"None";"None";"";"";"";"CHEMBL2425";"Dihydrofolate reductase";"Toxoplasma gondii";"SINGLE PROTEIN";"CHEMBL1157930";"1";"Scientific Literature";"Bioorg Med Chem";"2010";"None";"";"";""
"CHEMBL81820";"";"None";"349.23";"0";"3.42";"4b";"Cc1c(CNc2ccc(Cl)c(Cl)c2)cnc2nc(N)nc(N)c12";"IC50";"'='";"28.0";"nM";"7.55";"";"";"UO_0000065";"21.63";"0.45";"4.13";"7.35";"0";"CHEMBL665696";"Inhibition of Toxoplasma gondii dihydrofolate reductase";"B";"BAO_0000357";"single protein format";"Toxoplasma gondii";"None";"None";"None";"None";"";"";"";"CHEMBL2425";"Dihydrofolate reductase";"Toxoplasma gondii";"SINGLE PROTEIN";"CHEMBL1126886";"1";"Scientific Literature";"J Med Chem";"1993";"None";"";"";""
"CHEMBL606039";"";"None";"296.33";"0";"2.96";"1b";"COc1ccccc1/C(C)=C\c1coc2nc(N)nc(N)c12";"IC50";"'='";"3940.0";"nM";"5.41";"";"";"UO_0000065";"18.24";"0.34";"2.44";"5.39";"0";"CHEMBL1038908";"Inhibition of Toxoplasma gondii DHFR in presence of saturating levels of NADPH and DHFA";"B";"BAO_0000357";"single protein format";"Toxoplasma gondii";"None";"None";"None";"None";"";"";"";"CHEMBL2425";"Dihydrofolate reductase";"Toxoplasma gondii";"SINGLE PROTEIN";"CHEMBL1152608";"1";"Scientific Literature";"Bioorg Med Chem";"2009";"None";"";"";""
"CHEMBL102967";"";"None";"435.49";"0";"3.09";"27";"CCc1nc(N)nc(N)c1-c1ccc(NCc2ccc(C(=O)N(C)C)cc2)c([N+](=O)[O-])c1";"IC50";"'='";"7.9";"nM";"8.10";"";"";"UO_0000065";"18.61";"0.35";"5.01";"5.29";"0";"CHEMBL884350";"Inhibitory activity against Dihydrofolate reductase from Toxoplasma gondii was evaluated using 90 uM dihydrofolic acid as substrate";"B";"BAO_0000357";"single protein format";"Toxoplasma gondii";"None";"None";"None";"None";"";"";"";"CHEMBL2425";"Dihydrofolate reductase";"Toxoplasma gondii";"SINGLE PROTEIN";"CHEMBL1130351";"1";"Scientific Literature";"J Med Chem";"1997";"None";"";"";""
"CHEMBL17235";"";"None";"358.62";"0";"3.96";"4";"Nc1nc(N)c2c(CNc3cc(Cl)c(Cl)c(Cl)c3)coc2n1";"IC50";"'>'";"3900.0";"nM";"";"";"";"UO_0000065";"";"";"";"";"0";"CHEMBL665600";"Inhibitory concentration for DHFR in Toxoplasma gondii";"B";"BAO_0000357";"single protein format";"Toxoplasma gondii";"None";"None";"None";"None";"";"";"";"CHEMBL2425";"Dihydrofolate reductase";"Toxoplasma gondii";"SINGLE PROTEIN";"CHEMBL1127819";"1";"Scientific Literature";"J Med Chem";"1994";"None";"";"";""
"CHEMBL283311";"";"None";"322.39";"0";"3.83";"1";"Nc1nc(N)c2c(CSc3ccc4ccccc4c3)coc2n1";"IC50";"'='";"11600.0";"nM";"4.94";"";"";"UO_0000065";"15.31";"0.29";"1.11";"5.43";"1";"CHEMBL668092";"Inhibitory concentration against Dihydrofolate reductase from Toxoplasma gondii (Toxoplasma gondii)";"B";"BAO_0000357";"single protein format";"Toxoplasma gondii";"None";"None";"None";"None";"";"";"";"CHEMBL2425";"Dihydrofolate reductase";"Toxoplasma gondii";"SINGLE PROTEIN";"CHEMBL1148359";"1";"Scientific Literature";"J Med Chem";"2004";"None";"";"";""
"CHEMBL286700";"";"None";"266.31";"0";"1.80";"9";"Nc1nc(N)c2cc(NCc3ccccc3)cnc2n1";"IC50";"";"";"nM";"";"";"Not Determined";"UO_0000065";"";"";"";"";"0";"CHEMBL665614";"Inhibitory activity against Toxoplasma gondii dihydrofolate reductase (in 50 uM dihydrofolic acid); ND= Not determined";"B";"BAO_0000357";"single protein format";"Toxoplasma gondii";"None";"None";"None";"None";"";"";"";"CHEMBL2425";"Dihydrofolate reductase";"Toxoplasma gondii";"SINGLE PROTEIN";"CHEMBL1129539";"1";"Scientific Literature";"J Med Chem";"1996";"None";"";"";""
"CHEMBL68439";"";"None";"314.35";"0";"1.75";"39";"COc1ccc(NCc2c[nH]c3nc(N)nc(N)c23)cc1OC";"IC50";"'='";"4305.27";"nM";"5.37";"";"";"UO_0000065";"17.07";"0.32";"3.62";"4.32";"0";"CHEMBL830839";"Inhibition of Toxoplasma gondii dihydrofolate reductase";"B";"BAO_0000357";"single protein format";"Toxoplasma gondii";"None";"None";"None";"None";"";"";"";"CHEMBL2425";"Dihydrofolate reductase";"Toxoplasma gondii";"SINGLE PROTEIN";"CHEMBL1145190";"1";"Scientific Literature";"J Med Chem";"2005";"None";"";"";""
"CHEMBL53165";"";"None";"300.75";"0";"2.45";"54";"Nc1nc(N)c2nc(CNc3ccccc3Cl)ccc2n1";"IC50";"'='";"110.0";"nM";"6.96";"";"";"UO_0000065";"23.14";"0.45";"4.51";"6.77";"1";"CHEMBL828662";"Inhibition of Toxoplasma gondii dihydrofolate reductase";"B";"BAO_0000357";"single protein format";"Toxoplasma gondii";"None";"None";"None";"None";"";"";"";"CHEMBL2425";"Dihydrofolate reductase";"Toxoplasma gondii";"SINGLE PROTEIN";"CHEMBL1145190";"1";"Scientific Literature";"J Med Chem";"2005";"None";"";"";""
"CHEMBL35222";"";"None";"370.41";"0";"1.85";"15";"COc1ccc(CN(C)c2cnc3nc(N)nc(N)c3c2)c(OC)c1OC";"IC50";"'='";"26.0";"nM";"7.58";"";"";"UO_0000065";"20.48";"0.38";"5.74";"6.24";"0";"CHEMBL665613";"Inhibitory activity against Toxoplasma gondii dihydrofolate reductase (in 50 uM dihydrofolic acid)";"B";"BAO_0000357";"single protein format";"Toxoplasma gondii";"None";"None";"None";"None";"";"";"";"CHEMBL2425";"Dihydrofolate reductase";"Toxoplasma gondii";"SINGLE PROTEIN";"CHEMBL1129539";"1";"Scientific Literature";"J Med Chem";"1996";"None";"";"";""
"CHEMBL274278";"";"None";"324.17";"0";"3.31";"5";"Nc1nc(N)c2c(CNc3ccc(Cl)c(Cl)c3)coc2n1";"IC50";"'='";"89300.0";"nM";"4.05";"";"";"UO_0000065";"12.49";"0.26";"0.74";"3.93";"0";"CHEMBL665600";"Inhibitory concentration for DHFR in Toxoplasma gondii";"B";"BAO_0000357";"single protein format";"Toxoplasma gondii";"None";"None";"None";"None";"";"";"";"CHEMBL2425";"Dihydrofolate reductase";"Toxoplasma gondii";"SINGLE PROTEIN";"CHEMBL1127819";"1";"Scientific Literature";"J Med Chem";"1994";"None";"";"";""
"CHEMBL32266";"";"None";"326.36";"0";"1.82";"19";"COc1cc(CNc2cnc3nc(N)nc(N)c3c2)cc(OC)c1";"IC50";"";"";"nM";"";"";"Not Determined";"UO_0000065";"";"";"";"";"0";"CHEMBL875399";"Inhibitory activity against Toxoplasma gondii dihydrofolate reductase (in 50 uM dihydrofolic acid); ND=Not determined";"B";"BAO_0000357";"single protein format";"Toxoplasma gondii";"None";"None";"None";"None";"";"";"";"CHEMBL2425";"Dihydrofolate reductase";"Toxoplasma gondii";"SINGLE PROTEIN";"CHEMBL1129539";"1";"Scientific Literature";"J Med Chem";"1996";"None";"";"";""
"CHEMBL103558";"";"None";"475.55";"0";"4.02";"28";"CCc1nc(N)nc(N)c1-c1ccc(NCc2ccc(C(=O)N3CCCCC3)cc2)c([N+](=O)[O-])c1";"IC50";"'='";"140.0";"nM";"6.85";"";"";"UO_0000065";"14.41";"0.27";"2.83";"4.47";"0";"CHEMBL884350";"Inhibitory activity against Dihydrofolate reductase from Toxoplasma gondii was evaluated using 90 uM dihydrofolic acid as substrate";"B";"BAO_0000357";"single protein format";"Toxoplasma gondii";"None";"None";"None";"None";"";"";"";"CHEMBL2425";"Dihydrofolate reductase";"Toxoplasma gondii";"SINGLE PROTEIN";"CHEMBL1130351";"1";"Scientific Literature";"J Med Chem";"1997";"None";"";"";""
"CHEMBL68439";"";"None";"314.35";"0";"1.75";"2";"COc1ccc(NCc2c[nH]c3nc(N)nc(N)c23)cc1OC";"IC50";"'='";"4300.0";"nM";"5.37";"";"";"UO_0000065";"17.07";"0.32";"3.62";"4.32";"0";"CHEMBL665698";"Inhibition of Toxoplasma gondii (tc) Dihydrofolate reductase";"B";"BAO_0000357";"single protein format";"Toxoplasma gondii";"None";"None";"None";"None";"";"";"";"CHEMBL2425";"Dihydrofolate reductase";"Toxoplasma gondii";"SINGLE PROTEIN";"CHEMBL1128397";"1";"Scientific Literature";"J Med Chem";"1995";"None";"";"";""
"CHEMBL7492";"PIRITREXIM";"2.0";"325.37";"0";"2.11";"PTX";"COc1ccc(OC)c(Cc2cnc3nc(N)nc(N)c3c2C)c1";"IC50";"'='";"43.0";"nM";"7.37";"";"";"UO_0000065";"22.64";"0.42";"5.26";"6.75";"0";"CHEMBL664919";"Inhibitory activity against Dihydrohydrofolate reductase(DHFR) of Toxoplasma gondii";"B";"BAO_0000357";"single protein format";"Toxoplasma gondii";"None";"None";"None";"None";"";"";"";"CHEMBL2425";"Dihydrofolate reductase";"Toxoplasma gondii";"SINGLE PROTEIN";"CHEMBL1136782";"1";"Scientific Literature";"J Med Chem";"2003";"None";"";"";""
"CHEMBL328897";"";"None";"403.87";"0";"3.11";"10";"COc1cc(N(C)Cc2ccc3nc(N)nc(N)c3c2Cl)cc(OC)c1OC";"IC50";"'='";"6.4";"nM";"8.19";"";"";"UO_0000065";"20.29";"0.40";"5.08";"7.53";"0";"CHEMBL664915";"Inhibition of Dihydrofolate reductase of Toxoplasma gondii";"B";"BAO_0000357";"single protein format";"Toxoplasma gondii";"None";"None";"None";"None";"";"";"";"CHEMBL2425";"Dihydrofolate reductase";"Toxoplasma gondii";"SINGLE PROTEIN";"CHEMBL1127704";"1";"Scientific Literature";"J Med Chem";"1994";"None";"";"";""
"CHEMBL23532";"";"None";"370.41";"0";"2.14";"1";"COc1cc(NCc2cnc3nc(N)nc(N)c3c2C)cc(OC)c1OC";"IC50";"'='";"7.396";"nM";"8.13";"";"";"UO_0000065";"21.95";"0.41";"5.99";"6.23";"1";"CHEMBL830839";"Inhibition of Toxoplasma gondii dihydrofolate reductase";"B";"BAO_0000357";"single protein format";"Toxoplasma gondii";"None";"None";"None";"None";"";"";"";"CHEMBL2425";"Dihydrofolate reductase";"Toxoplasma gondii";"SINGLE PROTEIN";"CHEMBL1145190";"1";"Scientific Literature";"J Med Chem";"2005";"None";"";"";""
"CHEMBL280378";"EPIROPRIM";"2.0";"353.43";"0";"2.82";"19 (epiroprim)";"CCOc1cc(Cc2cnc(N)nc2N)cc(OCC)c1-n1cccc1";"IC50";"'='";"900.0";"nM";"6.05";"";"";"UO_0000065";"17.11";"0.32";"3.23";"5.97";"0";"CHEMBL663070";"Concentration required to inhibit the Toxoplasma gondii Dihydrofolate reductase by 50% was determined (reported by Hoffman-LaRoche group)";"B";"BAO_0000357";"single protein format";"Toxoplasma gondii";"None";"None";"None";"None";"";"";"";"CHEMBL2425";"Dihydrofolate reductase";"Toxoplasma gondii";"SINGLE PROTEIN";"CHEMBL1149188";"1";"Scientific Literature";"J Med Chem";"2004";"None";"";"";""
"CHEMBL281962";"";"None";"364.24";"0";"3.25";"6";"Nc1nc(N)c2c3c(oc2n1)CN(Cc1c(Cl)cccc1Cl)CC3";"IC50";"'='";"31700.0";"nM";"4.50";"";"";"UO_0000065";"12.35";"0.26";"1.25";"4.78";"0";"CHEMBL665601";"Inhibition of Toxoplasma gondii Dihydrofolate reductase";"B";"BAO_0000357";"single protein format";"Toxoplasma gondii";"None";"None";"None";"None";"";"";"";"CHEMBL2425";"Dihydrofolate reductase";"Toxoplasma gondii";"SINGLE PROTEIN";"CHEMBL1131530";"1";"Scientific Literature";"J Med Chem";"1998";"None";"";"";""
"CHEMBL1818548";"";"None";"494.53";"0";"3.11";"4";"Cc1nc2sc3cccc(CNc4ccc(C(=O)N[C@@H](CCC(=O)O)C(=O)O)cc4)c3c2c(=O)[nH]1";"IC50";"'='";"1700.0";"nM";"5.77";"";"";"UO_0000065";"11.67";"0.23";"2.66";"3.57";"0";"CHEMBL1819661";"Inhibition of Toxoplasma gondii TS assessed as oxidation of tetrahydrofolate to dihydrofolate after 2 to 12 mins by spectrophotometry";"B";"BAO_0000357";"single protein format";"Toxoplasma gondii";"None";"None";"None";"None";"";"";"";"CHEMBL2425";"Dihydrofolate reductase";"Toxoplasma gondii";"SINGLE PROTEIN";"CHEMBL1817595";"1";"Scientific Literature";"Bioorg Med Chem";"2011";"None";"";"";""
"CHEMBL34259";"METHOTREXATE";"4.0";"454.45";"0";"0.27";"MTX";"CN(Cc1cnc2nc(N)nc(N)c2n1)c1ccc(C(=O)N[C@@H](CCC(=O)O)C(=O)O)cc1";"IC50";"'>'";"18000.0";"nM";"";"";"";"UO_0000065";"";"";"";"";"0";"CHEMBL1819661";"Inhibition of Toxoplasma gondii TS assessed as oxidation of tetrahydrofolate to dihydrofolate after 2 to 12 mins by spectrophotometry";"B";"BAO_0000357";"single protein format";"Toxoplasma gondii";"None";"None";"None";"None";"";"";"";"CHEMBL2425";"Dihydrofolate reductase";"Toxoplasma gondii";"SINGLE PROTEIN";"CHEMBL1817595";"1";"Scientific Literature";"Bioorg Med Chem";"2011";"None";"";"";""
"CHEMBL608865";"";"None";"305.79";"0";"3.24";"70";"Cc1[nH]c2nc(N)nc(N)c2c1Sc1cccc(Cl)c1";"IC50";"'='";"77624.71";"nM";"4.11";"";"";"UO_0000065";"13.44";"0.28";"0.87";"4.39";"0";"CHEMBL1071424";"Inhibition of Toxoplasma gondii DHFR by spectrophotometric assay";"B";"BAO_0000357";"single protein format";"Toxoplasma gondii";"None";"None";"None";"None";"";"";"";"CHEMBL2425";"Dihydrofolate reductase";"Toxoplasma gondii";"SINGLE PROTEIN";"CHEMBL1156926";"1";"Scientific Literature";"Bioorg Med Chem";"2010";"None";"";"";""
"CHEMBL609896";"";"None";"300.39";"0";"3.46";"8";"Cc1cccc(C)c1Sc1oc2nc(N)nc(N)c2c1C";"IC50";"'='";"19700.0";"nM";"4.71";"";"";"UO_0000065";"15.66";"0.31";"1.25";"5.17";"0";"CHEMBL1073069";"Inhibition of Toxoplasma gondii DHFR at 37 degC by spectrophotometry";"B";"BAO_0000357";"single protein format";"Toxoplasma gondii";"None";"None";"None";"None";"";"";"";"CHEMBL2425";"Dihydrofolate reductase";"Toxoplasma gondii";"SINGLE PROTEIN";"CHEMBL1159120";"1";"Scientific Literature";"Bioorg Med Chem";"2010";"None";"";"";""
"CHEMBL103474";"";"None";"316.32";"0";"1.21";"21";"COc1cc(OC)c(-c2nc3c(N)nc(N)nc3[nH]2)c(OC)c1";"IC50";"'='";"840.0";"nM";"6.08";"";"";"UO_0000065";"19.21";"0.36";"4.87";"4.53";"1";"CHEMBL1071424";"Inhibition of Toxoplasma gondii DHFR by spectrophotometric assay";"B";"BAO_0000357";"single protein format";"Toxoplasma gondii";"None";"None";"None";"None";"";"";"";"CHEMBL2425";"Dihydrofolate reductase";"Toxoplasma gondii";"SINGLE PROTEIN";"CHEMBL1156926";"1";"Scientific Literature";"Bioorg Med Chem";"2010";"None";"";"";""
"CHEMBL79347";"";"None";"373.26";"0";"2.90";"17";"Cc1c(CN(C)c2ccc(Br)cc2)cnc2nc(N)nc(N)c12";"IC50";"'='";"30.0";"nM";"7.52";"";"";"UO_0000065";"20.15";"0.45";"4.62";"8.01";"0";"CHEMBL665700";"Inhibition of dihydrofolate reductase (DHFR) from Toxoplasma gondii(tg)";"B";"BAO_0000357";"single protein format";"Toxoplasma gondii";"None";"None";"None";"None";"";"";"";"CHEMBL2425";"Dihydrofolate reductase";"Toxoplasma gondii";"SINGLE PROTEIN";"CHEMBL1132261";"1";"Scientific Literature";"J Med Chem";"1999";"None";"";"";""
"CHEMBL1738741";"";"None";"495.52";"1";"2.38";"6";"Nc1nc2sc3cccc(CNc4ccc(C(=O)N[C@@H](CCC(=O)O)C(=O)O)cc4)c3c2c(=O)[nH]1";"IC50";"'='";"20.0";"nM";"7.70";"";"";"UO_0000065";"15.54";"0.30";"5.32";"4.11";"0";"CHEMBL1819664";"Inhibition of Toxoplasma gondii DHFR by spectrophotometry";"B";"BAO_0000357";"single protein format";"Toxoplasma gondii";"None";"None";"None";"None";"";"";"";"CHEMBL2425";"Dihydrofolate reductase";"Toxoplasma gondii";"SINGLE PROTEIN";"CHEMBL1817595";"1";"Scientific Literature";"Bioorg Med Chem";"2011";"None";"";"";""
"CHEMBL225072";"PEMETREXED";"4.0";"427.42";"1";"0.67";"PMX";"Nc1nc2[nH]cc(CCc3ccc(C(=O)N[C@@H](CCC(=O)O)C(=O)O)cc3)c2c(=O)[nH]1";"IC50";"'='";"430.0";"nM";"6.37";"";"";"UO_0000065";"14.90";"0.28";"5.70";"3.33";"1";"CHEMBL1819664";"Inhibition of Toxoplasma gondii DHFR by spectrophotometry";"B";"BAO_0000357";"single protein format";"Toxoplasma gondii";"None";"None";"None";"None";"";"";"";"CHEMBL2425";"Dihydrofolate reductase";"Toxoplasma gondii";"SINGLE PROTEIN";"CHEMBL1817595";"1";"Scientific Literature";"Bioorg Med Chem";"2011";"None";"";"";""
"CHEMBL123122";"";"None";"373.46";"0";"1.91";"132";"COc1cc(N(C)CC2CCc3nc(N)nc(N)c3C2)cc(OC)c1OC";"IC50";"'='";"7.0";"nM";"8.15";"";"";"UO_0000065";"21.84";"0.41";"6.24";"7.50";"1";"CHEMBL830839";"Inhibition of Toxoplasma gondii dihydrofolate reductase";"B";"BAO_0000357";"single protein format";"Toxoplasma gondii";"None";"None";"None";"None";"";"";"";"CHEMBL2425";"Dihydrofolate reductase";"Toxoplasma gondii";"SINGLE PROTEIN";"CHEMBL1145190";"1";"Scientific Literature";"J Med Chem";"2005";"None";"";"";""
"CHEMBL51706";"";"None";"369.64";"0";"3.76";"63";"Nc1nc(N)c2nc(CNc3c(Cl)cc(Cl)cc3Cl)ccc2n1";"IC50";"'='";"46.0";"nM";"7.34";"";"";"UO_0000065";"19.85";"0.44";"3.58";"7.14";"1";"CHEMBL828662";"Inhibition of Toxoplasma gondii dihydrofolate reductase";"B";"BAO_0000357";"single protein format";"Toxoplasma gondii";"None";"None";"None";"None";"";"";"";"CHEMBL2425";"Dihydrofolate reductase";"Toxoplasma gondii";"SINGLE PROTEIN";"CHEMBL1145190";"1";"Scientific Literature";"J Med Chem";"2005";"None";"";"";""
"CHEMBL57624";"";"None";"340.39";"0";"1.84";"64";"COc1ccc(N(C)Cc2ccc3nc(N)nc(N)c3n2)cc1OC";"IC50";"'='";"9.8";"nM";"8.01";"";"";"UO_0000065";"23.53";"0.44";"6.17";"7.12";"1";"CHEMBL828662";"Inhibition of Toxoplasma gondii dihydrofolate reductase";"B";"BAO_0000357";"single protein format";"Toxoplasma gondii";"None";"None";"None";"None";"";"";"";"CHEMBL2425";"Dihydrofolate reductase";"Toxoplasma gondii";"SINGLE PROTEIN";"CHEMBL1145190";"1";"Scientific Literature";"J Med Chem";"2005";"None";"";"";""
"CHEMBL57624";"";"None";"340.39";"0";"1.84";"64";"COc1ccc(N(C)Cc2ccc3nc(N)nc(N)c3n2)cc1OC";"IC50";"'='";"9.795";"nM";"8.01";"";"";"UO_0000065";"23.53";"0.44";"6.17";"7.12";"1";"CHEMBL830839";"Inhibition of Toxoplasma gondii dihydrofolate reductase";"B";"BAO_0000357";"single protein format";"Toxoplasma gondii";"None";"None";"None";"None";"";"";"";"CHEMBL2425";"Dihydrofolate reductase";"Toxoplasma gondii";"SINGLE PROTEIN";"CHEMBL1145190";"1";"Scientific Literature";"J Med Chem";"2005";"None";"";"";""
"CHEMBL137844";"";"None";"299.36";"0";"2.35";"151";"COc1ccc(Sc2ccc3nc(N)nc(N)c3n2)cc1";"IC50";"'='";"45.0";"nM";"7.35";"";"";"UO_0000065";"24.54";"0.48";"5.00";"7.35";"1";"CHEMBL830839";"Inhibition of Toxoplasma gondii dihydrofolate reductase";"B";"BAO_0000357";"single protein format";"Toxoplasma gondii";"None";"None";"None";"None";"";"";"";"CHEMBL2425";"Dihydrofolate reductase";"Toxoplasma gondii";"SINGLE PROTEIN";"CHEMBL1145190";"1";"Scientific Literature";"J Med Chem";"2005";"None";"";"";""
"CHEMBL178512";"";"None";"420.48";"0";"2.42";"123";"COc1cc(NNCc2cnc3nc(N)nc(N)c3c2C)c(-n2cccc2)cc1OC";"IC50";"'='";"600.0";"nM";"6.22";"";"";"UO_0000065";"14.80";"0.27";"3.80";"4.50";"0";"CHEMBL828662";"Inhibition of Toxoplasma gondii dihydrofolate reductase";"B";"BAO_0000357";"single protein format";"Toxoplasma gondii";"None";"None";"None";"None";"";"";"";"CHEMBL2425";"Dihydrofolate reductase";"Toxoplasma gondii";"SINGLE PROTEIN";"CHEMBL1145190";"1";"Scientific Literature";"J Med Chem";"2005";"None";"";"";""
"CHEMBL17873";"";"None";"323.19";"0";"3.04";"37";"Nc1nc(N)c2c(CNc3ccc(Cl)c(Cl)c3)c[nH]c2n1";"IC50";"'='";"1399.59";"nM";"5.85";"";"";"UO_0000065";"18.11";"0.38";"2.81";"5.54";"0";"CHEMBL830839";"Inhibition of Toxoplasma gondii dihydrofolate reductase";"B";"BAO_0000357";"single protein format";"Toxoplasma gondii";"None";"None";"None";"None";"";"";"";"CHEMBL2425";"Dihydrofolate reductase";"Toxoplasma gondii";"SINGLE PROTEIN";"CHEMBL1145190";"1";"Scientific Literature";"J Med Chem";"2005";"None";"";"";""
"CHEMBL32113";"";"None";"340.39";"0";"1.84";"41";"COc1ccc(OC)c(CN(C)c2cnc3nc(N)nc(N)c3c2)c1";"IC50";"'='";"28.0";"nM";"7.55";"";"";"UO_0000065";"22.19";"0.41";"5.71";"6.72";"1";"CHEMBL664919";"Inhibitory activity against Dihydrohydrofolate reductase(DHFR) of Toxoplasma gondii";"B";"BAO_0000357";"single protein format";"Toxoplasma gondii";"None";"None";"None";"None";"";"";"";"CHEMBL2425";"Dihydrofolate reductase";"Toxoplasma gondii";"SINGLE PROTEIN";"CHEMBL1136782";"1";"Scientific Literature";"J Med Chem";"2003";"None";"";"";""
"CHEMBL433021";"";"None";"424.32";"0";"3.27";"16d";"COc1ccc(OC)c(N(C)Cc2c(Br)sc3nc(N)nc(N)c23)c1";"IC50";"'>'";"10000.0";"nM";"";"";"";"UO_0000065";"";"";"";"";"0";"CHEMBL665695";"Inhibition of Toxoplasma gondii Dihydrofolate Reductase";"B";"BAO_0000357";"single protein format";"Toxoplasma gondii";"None";"None";"None";"None";"";"";"";"CHEMBL2425";"Dihydrofolate reductase";"Toxoplasma gondii";"SINGLE PROTEIN";"CHEMBL1130226";"1";"Scientific Literature";"J Med Chem";"1997";"None";"";"";""
"CHEMBL119";"TRIMETREXATE";"4.0";"369.43";"0";"2.74";"4";"COc1cc(NCc2ccc3nc(N)nc(N)c3c2C)cc(OC)c1OC";"IC50";"'='";"10.0";"nM";"8.00";"";"";"UO_0000065";"21.65";"0.40";"5.26";"6.81";"1";"CHEMBL884350";"Inhibitory activity against Dihydrofolate reductase from Toxoplasma gondii was evaluated using 90 uM dihydrofolic acid as substrate";"B";"BAO_0000357";"single protein format";"Toxoplasma gondii";"None";"None";"None";"None";"";"";"";"CHEMBL2425";"Dihydrofolate reductase";"Toxoplasma gondii";"SINGLE PROTEIN";"CHEMBL1130351";"1";"Scientific Literature";"J Med Chem";"1997";"None";"";"";""
"CHEMBL48203";"";"None";"361.84";"0";"2.85";"10k";"CCc1nc(N)nc(N)c1-c1ccc(Cl)c(/N=N/N2CCOCC2)c1";"IC50";"'='";"190.0";"nM";"6.72";"";"";"UO_0000065";"18.58";"0.37";"3.87";"5.84";"0";"CHEMBL664912";"Inhibitory concentration against Toxoplasma gondii dihydrofolate reductase";"B";"BAO_0000357";"single protein format";"Toxoplasma gondii";"None";"None";"None";"None";"";"";"";"CHEMBL2425";"Dihydrofolate reductase";"Toxoplasma gondii";"SINGLE PROTEIN";"CHEMBL1130062";"1";"Scientific Literature";"J Med Chem";"1997";"None";"";"";""
"CHEMBL387381";"";"None";"260.25";"0";"0.93";"8";"Nc1ncc(/C=C\c2cc(O)c(O)c(O)c2)c(N)n1";"Activity";"";"";"";"";"";"Not Determined";"";"";"";"";"";"0";"CHEMBL919380";"Inhibition of Toxoplasma gondii DHFR-TS";"B";"BAO_0000357";"single protein format";"Toxoplasma gondii";"None";"None";"None";"None";"";"";"";"CHEMBL2425";"Dihydrofolate reductase";"Toxoplasma gondii";"SINGLE PROTEIN";"CHEMBL1142238";"1";"Scientific Literature";"J Med Chem";"2007";"None";"";"";""
"CHEMBL423381";"";"None";"357.38";"0";"3.03";"4d";"Nc1nc(N)c2nc(CN3c4ccccc4Oc4ccccc43)cnc2n1";"IC50";"'='";"2200.0";"nM";"5.66";"";"";"UO_0000065";"15.83";"0.29";"2.63";"4.87";"0";"CHEMBL665587";"Inhibitory activity against DHFR (Dihydrofolate reductase) from Toxoplasma gondii.";"B";"BAO_0000357";"single protein format";"Toxoplasma gondii";"None";"None";"None";"None";"";"";"";"CHEMBL2425";"Dihydrofolate reductase";"Toxoplasma gondii";"SINGLE PROTEIN";"CHEMBL1132186";"1";"Scientific Literature";"J Med Chem";"1999";"None";"";"";""
"CHEMBL357629";"";"None";"386.46";"0";"3.79";"10";"COc1ccc(-c2ccccc2)cc1NCc1cnc2nc(N)nc(N)c2c1C";"IC50";"'='";"68.0";"nM";"7.17";"";"";"UO_0000065";"18.55";"0.34";"3.38";"6.40";"0";"CHEMBL664921";"Inhibition of Dihydrofolate Reductase of Toxoplasma gondii.";"B";"BAO_0000357";"single protein format";"Toxoplasma gondii";"None";"None";"None";"None";"";"";"";"CHEMBL2425";"Dihydrofolate reductase";"Toxoplasma gondii";"SINGLE PROTEIN";"CHEMBL1129938";"1";"Scientific Literature";"J Med Chem";"1997";"None";"";"";""
"CHEMBL50514";"";"None";"384.44";"0";"2.16";"21";"COc1cc(N(C)Cc2cnc3nc(N)nc(N)c3c2C)cc(OC)c1OC";"IC50";"'='";"0.85";"nM";"9.07";"";"";"UO_0000065";"23.59";"0.44";"6.91";"7.46";"1";"CHEMBL664909";"Concentration inhibiting Toxoplasma gondii dihydrofolate reductase";"B";"BAO_0000357";"single protein format";"Toxoplasma gondii";"None";"None";"None";"None";"";"";"";"CHEMBL2425";"Dihydrofolate reductase";"Toxoplasma gondii";"SINGLE PROTEIN";"CHEMBL1128717";"1";"Scientific Literature";"J Med Chem";"1995";"None";"";"";""
"CHEMBL83553";"";"None";"392.51";"0";"4.03";"21";"Nc1nc(N)c2nc(CSc3ccc(Sc4ccccc4)cc3)cnc2n1";"IC50";"'='";"770.0";"nM";"6.11";"";"";"UO_0000065";"15.58";"0.31";"2.08";"5.90";"0";"CHEMBL666222";"Concentration required to inhibit the Toxoplasma gondii Dihydrofolate reductase by 50% was determined";"B";"BAO_0000357";"single protein format";"Toxoplasma gondii";"None";"None";"None";"None";"";"";"";"CHEMBL2425";"Dihydrofolate reductase";"Toxoplasma gondii";"SINGLE PROTEIN";"CHEMBL1149188";"1";"Scientific Literature";"J Med Chem";"2004";"None";"";"";""
"CHEMBL141585";"";"None";"312.33";"0";"1.95";"156";"COc1ccc(Nc2ccc3nc(N)nc(N)c3n2)cc1OC";"IC50";"'='";"680.77";"nM";"6.17";"";"";"UO_0000065";"19.75";"0.37";"4.22";"5.09";"0";"CHEMBL830839";"Inhibition of Toxoplasma gondii dihydrofolate reductase";"B";"BAO_0000357";"single protein format";"Toxoplasma gondii";"None";"None";"None";"None";"";"";"";"CHEMBL2425";"Dihydrofolate reductase";"Toxoplasma gondii";"SINGLE PROTEIN";"CHEMBL1145190";"1";"Scientific Literature";"J Med Chem";"2005";"None";"";"";""
"CHEMBL278013";"";"None";"337.21";"0";"3.07";"85";"CN(Cc1c[nH]c2nc(N)nc(N)c12)c1ccc(Cl)c(Cl)c1";"IC50";"'='";"1000.0";"nM";"6.00";"";"";"UO_0000065";"17.79";"0.37";"2.93";"6.20";"1";"CHEMBL828662";"Inhibition of Toxoplasma gondii dihydrofolate reductase";"B";"BAO_0000357";"single protein format";"Toxoplasma gondii";"None";"None";"None";"None";"";"";"";"CHEMBL2425";"Dihydrofolate reductase";"Toxoplasma gondii";"SINGLE PROTEIN";"CHEMBL1145190";"1";"Scientific Literature";"J Med Chem";"2005";"None";"";"";""
"CHEMBL278261";"";"None";"318.38";"0";"2.91";"86";"CN(Cc1c[nH]c2nc(N)nc(N)c12)c1cccc2ccccc12";"IC50";"'='";"870.96";"nM";"6.06";"";"";"UO_0000065";"19.03";"0.34";"3.15";"6.26";"0";"CHEMBL830839";"Inhibition of Toxoplasma gondii dihydrofolate reductase";"B";"BAO_0000357";"single protein format";"Toxoplasma gondii";"None";"None";"None";"None";"";"";"";"CHEMBL2425";"Dihydrofolate reductase";"Toxoplasma gondii";"SINGLE PROTEIN";"CHEMBL1145190";"1";"Scientific Literature";"J Med Chem";"2005";"None";"";"";""
"CHEMBL52698";"";"None";"383.67";"0";"3.79";"72";"CN(Cc1ccc2nc(N)nc(N)c2n1)c1cc(Cl)c(Cl)c(Cl)c1";"IC50";"'='";"38.0";"nM";"7.42";"";"";"UO_0000065";"19.34";"0.42";"3.63";"7.90";"1";"CHEMBL828662";"Inhibition of Toxoplasma gondii dihydrofolate reductase";"B";"BAO_0000357";"single protein format";"Toxoplasma gondii";"None";"None";"None";"None";"";"";"";"CHEMBL2425";"Dihydrofolate reductase";"Toxoplasma gondii";"SINGLE PROTEIN";"CHEMBL1145190";"1";"Scientific Literature";"J Med Chem";"2005";"None";"";"";""
"CHEMBL54732";"";"None";"349.23";"0";"3.13";"73";"CN(Cc1ccc2nc(N)nc(N)c2n1)c1ccc(Cl)cc1Cl";"IC50";"'='";"50.0";"nM";"7.30";"";"";"UO_0000065";"20.91";"0.43";"4.17";"7.77";"1";"CHEMBL828662";"Inhibition of Toxoplasma gondii dihydrofolate reductase";"B";"BAO_0000357";"single protein format";"Toxoplasma gondii";"None";"None";"None";"None";"";"";"";"CHEMBL2425";"Dihydrofolate reductase";"Toxoplasma gondii";"SINGLE PROTEIN";"CHEMBL1145190";"1";"Scientific Literature";"J Med Chem";"2005";"None";"";"";""
"CHEMBL17479";"";"None";"321.41";"0";"3.57";"89";"Nc1nc(N)c2c(CSc3cccc4ccccc34)c[nH]c2n1";"IC50";"'='";"810.03";"nM";"6.09";"";"";"UO_0000065";"18.95";"0.36";"2.52";"6.51";"0";"CHEMBL830839";"Inhibition of Toxoplasma gondii dihydrofolate reductase";"B";"BAO_0000357";"single protein format";"Toxoplasma gondii";"None";"None";"None";"None";"";"";"";"CHEMBL2425";"Dihydrofolate reductase";"Toxoplasma gondii";"SINGLE PROTEIN";"CHEMBL1145190";"1";"Scientific Literature";"J Med Chem";"2005";"None";"";"";""
"CHEMBL275893";"";"None";"321.41";"0";"3.57";"90";"Nc1nc(N)c2c(CSc3ccc4ccccc4c3)c[nH]c2n1";"IC50";"'='";"9200.0";"nM";"5.04";"";"";"UO_0000065";"15.67";"0.30";"1.47";"5.38";"1";"CHEMBL828662";"Inhibition of Toxoplasma gondii dihydrofolate reductase";"B";"BAO_0000357";"single protein format";"Toxoplasma gondii";"None";"None";"None";"None";"";"";"";"CHEMBL2425";"Dihydrofolate reductase";"Toxoplasma gondii";"SINGLE PROTEIN";"CHEMBL1145190";"1";"Scientific Literature";"J Med Chem";"2005";"None";"";"";""
"CHEMBL114833";"";"None";"355.40";"0";"2.43";"101";"COc1cc(OC)c(OC)cc1CNc1ccc2nc(N)nc(N)c2c1";"IC50";"'='";"123.88";"nM";"6.91";"";"";"UO_0000065";"19.43";"0.36";"4.48";"5.88";"0";"CHEMBL830839";"Inhibition of Toxoplasma gondii dihydrofolate reductase";"B";"BAO_0000357";"single protein format";"Toxoplasma gondii";"None";"None";"None";"None";"";"";"";"CHEMBL2425";"Dihydrofolate reductase";"Toxoplasma gondii";"SINGLE PROTEIN";"CHEMBL1145190";"1";"Scientific Literature";"J Med Chem";"2005";"None";"";"";""
"CHEMBL123892";"";"None";"301.38";"0";"2.59";"64";"COc1ccc(Sc2[nH]c3nc(N)nc(N)c3c2C)cc1";"IC50";"'='";"2690.0";"nM";"5.57";"";"";"UO_0000065";"18.48";"0.36";"2.98";"5.42";"1";"CHEMBL1071424";"Inhibition of Toxoplasma gondii DHFR by spectrophotometric assay";"B";"BAO_0000357";"single protein format";"Toxoplasma gondii";"None";"None";"None";"None";"";"";"";"CHEMBL2425";"Dihydrofolate reductase";"Toxoplasma gondii";"SINGLE PROTEIN";"CHEMBL1156926";"1";"Scientific Literature";"Bioorg Med Chem";"2010";"None";"";"";""
"CHEMBL123892";"";"None";"301.38";"0";"2.59";"64";"COc1ccc(Sc2[nH]c3nc(N)nc(N)c3c2C)cc1";"IC50";"'='";"2691.53";"nM";"5.57";"";"";"UO_0000065";"18.48";"0.36";"2.98";"5.42";"0";"CHEMBL1071424";"Inhibition of Toxoplasma gondii DHFR by spectrophotometric assay";"B";"BAO_0000357";"single protein format";"Toxoplasma gondii";"None";"None";"None";"None";"";"";"";"CHEMBL2425";"Dihydrofolate reductase";"Toxoplasma gondii";"SINGLE PROTEIN";"CHEMBL1156926";"1";"Scientific Literature";"Bioorg Med Chem";"2010";"None";"";"";""
"CHEMBL597382";"";"None";"331.40";"0";"2.60";"72";"COc1ccc(OC)c(Sc2c(C)[nH]c3nc(N)nc(N)c23)c1";"IC50";"'='";"87096.36";"nM";"4.06";"";"";"UO_0000065";"12.25";"0.24";"1.46";"3.62";"0";"CHEMBL1071424";"Inhibition of Toxoplasma gondii DHFR by spectrophotometric assay";"B";"BAO_0000357";"single protein format";"Toxoplasma gondii";"None";"None";"None";"None";"";"";"";"CHEMBL2425";"Dihydrofolate reductase";"Toxoplasma gondii";"SINGLE PROTEIN";"CHEMBL1156926";"1";"Scientific Literature";"Bioorg Med Chem";"2010";"None";"";"";""
"CHEMBL597583";"";"None";"357.41";"0";"2.32";"76";"COc1cc(CCCc2c[nH]c3nc(N)nc(N)c23)cc(OC)c1OC";"IC50";"'='";"1023.29";"nM";"5.99";"";"";"UO_0000065";"16.76";"0.31";"3.67";"4.94";"0";"CHEMBL1071424";"Inhibition of Toxoplasma gondii DHFR by spectrophotometric assay";"B";"BAO_0000357";"single protein format";"Toxoplasma gondii";"None";"None";"None";"None";"";"";"";"CHEMBL2425";"Dihydrofolate reductase";"Toxoplasma gondii";"SINGLE PROTEIN";"CHEMBL1156926";"1";"Scientific Literature";"Bioorg Med Chem";"2010";"None";"";"";""
"CHEMBL52688";"";"None";"370.41";"0";"1.85";"78";"COc1cc(N(C)Cc2ccc3nc(N)nc(N)c3n2)cc(OC)c1OC";"IC50";"'='";"44.0";"nM";"7.36";"";"";"UO_0000065";"19.86";"0.37";"5.51";"6.05";"0";"CHEMBL828662";"Inhibition of Toxoplasma gondii dihydrofolate reductase";"B";"BAO_0000357";"single protein format";"Toxoplasma gondii";"None";"None";"None";"None";"";"";"";"CHEMBL2425";"Dihydrofolate reductase";"Toxoplasma gondii";"SINGLE PROTEIN";"CHEMBL1145190";"1";"Scientific Literature";"J Med Chem";"2005";"None";"";"";""
"CHEMBL81119";"";"None";"314.78";"0";"2.76";"107";"Cc1c(CNc2ccccc2Cl)cnc2nc(N)nc(N)c12";"IC50";"'='";"7.096";"nM";"8.15";"";"";"UO_0000065";"25.89";"0.51";"5.39";"7.93";"1";"CHEMBL830839";"Inhibition of Toxoplasma gondii dihydrofolate reductase";"B";"BAO_0000357";"single protein format";"Toxoplasma gondii";"None";"None";"None";"None";"";"";"";"CHEMBL2425";"Dihydrofolate reductase";"Toxoplasma gondii";"SINGLE PROTEIN";"CHEMBL1145190";"1";"Scientific Literature";"J Med Chem";"2005";"None";"";"";""
"CHEMBL312348";"";"None";"310.36";"0";"2.12";"108";"COc1ccc(NCc2cnc3nc(N)nc(N)c3c2C)cc1";"IC50";"'='";"12.0";"nM";"7.92";"";"";"UO_0000065";"25.52";"0.47";"5.80";"7.07";"1";"CHEMBL828662";"Inhibition of Toxoplasma gondii dihydrofolate reductase";"B";"BAO_0000357";"single protein format";"Toxoplasma gondii";"None";"None";"None";"None";"";"";"";"CHEMBL2425";"Dihydrofolate reductase";"Toxoplasma gondii";"SINGLE PROTEIN";"CHEMBL1145190";"1";"Scientific Literature";"J Med Chem";"2005";"None";"";"";""
"CHEMBL597961";"";"None";"373.46";"0";"3.88";"77";"Nc1nc(N)c2c(CCCc3ccc(OCc4ccccc4)cc3)c[nH]c2n1";"IC50";"'='";"1600.0";"nM";"5.80";"";"";"UO_0000065";"15.52";"0.28";"1.92";"5.64";"0";"CHEMBL1071424";"Inhibition of Toxoplasma gondii DHFR by spectrophotometric assay";"B";"BAO_0000357";"single protein format";"Toxoplasma gondii";"None";"None";"None";"None";"";"";"";"CHEMBL2425";"Dihydrofolate reductase";"Toxoplasma gondii";"SINGLE PROTEIN";"CHEMBL1156926";"1";"Scientific Literature";"Bioorg Med Chem";"2010";"None";"";"";""
"CHEMBL283515";"";"None";"322.39";"0";"3.83";"37";"Nc1nc(N)c2c(CSc3cccc4ccccc34)coc2n1";"IC50";"'='";"19054.61";"nM";"4.72";"";"";"UO_0000065";"14.64";"0.28";"0.89";"5.19";"1";"CHEMBL1071424";"Inhibition of Toxoplasma gondii DHFR by spectrophotometric assay";"B";"BAO_0000357";"single protein format";"Toxoplasma gondii";"None";"None";"None";"None";"";"";"";"CHEMBL2425";"Dihydrofolate reductase";"Toxoplasma gondii";"SINGLE PROTEIN";"CHEMBL1156926";"1";"Scientific Literature";"Bioorg Med Chem";"2010";"None";"";"";""
"CHEMBL23297";"";"None";"347.38";"0";"3.79";"42";"Nc1nc(N)c2c(CNc3ccc(Oc4ccccc4)cc3)coc2n1";"IC50";"'='";"32359.37";"nM";"4.49";"";"";"UO_0000065";"12.93";"0.24";"0.70";"4.00";"1";"CHEMBL1071424";"Inhibition of Toxoplasma gondii DHFR by spectrophotometric assay";"B";"BAO_0000357";"single protein format";"Toxoplasma gondii";"None";"None";"None";"None";"";"";"";"CHEMBL2425";"Dihydrofolate reductase";"Toxoplasma gondii";"SINGLE PROTEIN";"CHEMBL1156926";"1";"Scientific Literature";"Bioorg Med Chem";"2010";"None";"";"";""
"CHEMBL23960";"";"None";"331.38";"0";"3.67";"43";"Nc1nc(N)c2c(CNc3ccccc3-c3ccccc3)coc2n1";"IC50";"'='";"45708.82";"nM";"4.34";"";"";"UO_0000065";"13.10";"0.24";"0.67";"4.21";"1";"CHEMBL1071424";"Inhibition of Toxoplasma gondii DHFR by spectrophotometric assay";"B";"BAO_0000357";"single protein format";"Toxoplasma gondii";"None";"None";"None";"None";"";"";"";"CHEMBL2425";"Dihydrofolate reductase";"Toxoplasma gondii";"SINGLE PROTEIN";"CHEMBL1156926";"1";"Scientific Literature";"Bioorg Med Chem";"2010";"None";"";"";""
"CHEMBL591935";"";"None";"364.43";"0";"4.47";"57";"Nc1nc(N)c2c(CSc3cccc(Oc4ccccc4)c3)coc2n1";"IC50";"'='";"19054.61";"nM";"4.72";"";"";"UO_0000065";"12.95";"0.25";"0.25";"4.71";"0";"CHEMBL1071424";"Inhibition of Toxoplasma gondii DHFR by spectrophotometric assay";"B";"BAO_0000357";"single protein format";"Toxoplasma gondii";"None";"None";"None";"None";"";"";"";"CHEMBL2425";"Dihydrofolate reductase";"Toxoplasma gondii";"SINGLE PROTEIN";"CHEMBL1156926";"1";"Scientific Literature";"Bioorg Med Chem";"2010";"None";"";"";""
"CHEMBL605980";"";"None";"364.43";"0";"4.47";"58";"Nc1nc(N)c2c(CSc3ccc(Oc4ccccc4)cc3)coc2n1";"IC50";"'='";"257039.58";"nM";"";"Outside typical range";"";"UO_0000065";"";"";"";"";"0";"CHEMBL1071424";"Inhibition of Toxoplasma gondii DHFR by spectrophotometric assay";"B";"BAO_0000357";"single protein format";"Toxoplasma gondii";"None";"None";"None";"None";"";"";"";"CHEMBL2425";"Dihydrofolate reductase";"Toxoplasma gondii";"SINGLE PROTEIN";"CHEMBL1156926";"1";"Scientific Literature";"Bioorg Med Chem";"2010";"None";"";"";""
"CHEMBL147886";"";"None";"380.45";"0";"2.07";"121";"COc1cc2c(cc1OC)CN(Cc1cnc3nc(N)nc(N)c3c1C)CC2";"IC50";"'='";"110.0";"nM";"6.96";"";"";"UO_0000065";"18.29";"0.34";"4.89";"6.19";"1";"CHEMBL828662";"Inhibition of Toxoplasma gondii dihydrofolate reductase";"B";"BAO_0000357";"single protein format";"Toxoplasma gondii";"None";"None";"None";"None";"";"";"";"CHEMBL2425";"Dihydrofolate reductase";"Toxoplasma gondii";"SINGLE PROTEIN";"CHEMBL1145190";"1";"Scientific Literature";"J Med Chem";"2005";"None";"";"";""
"CHEMBL264548";"";"None";"371.49";"0";"2.68";"8";"CCOc1ccc(OCC)c(N(C)CC2CCc3nc(N)nc(N)c3C2)c1";"IC50";"'='";"17.0";"nM";"7.77";"";"";"UO_0000065";"20.91";"0.39";"5.09";"7.81";"0";"CHEMBL665605";"Inhibitory activity against purified Dihydrofolate reductase from Toxoplasma gondii.";"B";"BAO_0000357";"single protein format";"Toxoplasma gondii";"None";"None";"None";"None";"";"";"";"CHEMBL2425";"Dihydrofolate reductase";"Toxoplasma gondii";"SINGLE PROTEIN";"CHEMBL1128550";"1";"Scientific Literature";"J Med Chem";"1995";"None";"";"";""
"CHEMBL50514";"";"None";"384.44";"0";"2.16";"5a";"COc1cc(N(C)Cc2cnc3nc(N)nc(N)c3c2C)cc(OC)c1OC";"IC50";"'='";"0.58";"nM";"9.24";"";"";"UO_0000065";"24.03";"0.45";"7.08";"7.59";"0";"CHEMBL665696";"Inhibition of Toxoplasma gondii dihydrofolate reductase";"B";"BAO_0000357";"single protein format";"Toxoplasma gondii";"None";"None";"None";"None";"";"";"";"CHEMBL2425";"Dihydrofolate reductase";"Toxoplasma gondii";"SINGLE PROTEIN";"CHEMBL1126886";"1";"Scientific Literature";"J Med Chem";"1993";"None";"";"";""
"CHEMBL1237205";"";"None";"878.86";"None";"None";"7";"C/C(=C/c1coc2nc(N)nc(N)c12)c1ccc(C(=O)N[C@@H](CCC(=O)O)C(=O)O)cc1.C/C(=C\c1coc2nc(N)nc(N)c12)c1ccc(C(=O)N[C@@H](CCC(=O)O)C(=O)O)cc1";"IC50";"'='";"4400.0";"nM";"5.36";"";"";"UO_0000065";"6.09";"None";"None";"None";"0";"CHEMBL665594";"Inhibitory concentration against Toxoplasma gondii Dihydrofolate reductase";"B";"BAO_0000357";"single protein format";"Toxoplasma gondii";"None";"None";"None";"None";"";"";"";"CHEMBL2425";"Dihydrofolate reductase";"Toxoplasma gondii";"SINGLE PROTEIN";"CHEMBL1133617";"1";"Scientific Literature";"J Med Chem";"2000";"None";"";"";""
"CHEMBL106628";"";"None";"428.41";"1";"1.05";"2";"Nc1nc(N)c2c(CNc3ccc(C(=O)N[C@@H](CCC(=O)O)C(=O)O)cc3)coc2n1";"IC50";"'='";"700.0";"nM";"6.16";"";"";"UO_0000065";"14.37";"0.27";"5.10";"2.98";"0";"CHEMBL665592";"Inhibitory concentration against Toxoplasma gondii Dihydrofolate reductase";"B";"BAO_0000357";"single protein format";"Toxoplasma gondii";"None";"None";"None";"None";"";"";"";"CHEMBL2425";"Dihydrofolate reductase";"Toxoplasma gondii";"SINGLE PROTEIN";"CHEMBL1133617";"1";"Scientific Literature";"J Med Chem";"2000";"None";"";"";""
"CHEMBL551049";"";"None";"476.54";"0";"2.33";"2";"CCc1sc2nc(N)[nH]c(=O)c2c1Sc1ccc(C(=O)N[C@@H](CCC(=O)O)C(=O)O)cc1";"IC50";"'='";"90.0";"nM";"7.05";"";"";"UO_0000065";"14.79";"0.30";"4.72";"4.02";"0";"CHEMBL1062968";"Inhibition of Toxoplasma gondii thymidylate synthase";"B";"BAO_0000357";"single protein format";"Toxoplasma gondii";"None";"None";"None";"None";"";"";"";"CHEMBL2425";"Dihydrofolate reductase";"Toxoplasma gondii";"SINGLE PROTEIN";"CHEMBL1151945";"1";"Scientific Literature";"J Med Chem";"2009";"None";"";"";""
"CHEMBL550296";"";"None";"353.47";"0";"4.43";"2g";"CCc1sc2nc(N)[nH]c(=O)c2c1Sc1ccc2ccccc2c1";"IC50";"'='";"1100.0";"nM";"5.96";"";"";"UO_0000065";"16.86";"0.34";"1.53";"8.30";"0";"CHEMBL1062968";"Inhibition of Toxoplasma gondii thymidylate synthase";"B";"BAO_0000357";"single protein format";"Toxoplasma gondii";"None";"None";"None";"None";"";"";"";"CHEMBL2425";"Dihydrofolate reductase";"Toxoplasma gondii";"SINGLE PROTEIN";"CHEMBL1151945";"1";"Scientific Literature";"J Med Chem";"2009";"None";"";"";""
"CHEMBL538143";"";"None";"321.40";"0";"3.42";"2i";"CCc1sc2nc(N)[nH]c(=O)c2c1Sc1ccc(F)cc1";"IC50";"'='";"2600.0";"nM";"5.58";"";"";"UO_0000065";"17.38";"0.36";"2.17";"7.78";"0";"CHEMBL1062968";"Inhibition of Toxoplasma gondii thymidylate synthase";"B";"BAO_0000357";"single protein format";"Toxoplasma gondii";"None";"None";"None";"None";"";"";"";"CHEMBL2425";"Dihydrofolate reductase";"Toxoplasma gondii";"SINGLE PROTEIN";"CHEMBL1151945";"1";"Scientific Literature";"J Med Chem";"2009";"None";"";"";""
"CHEMBL22";"TRIMETHOPRIM";"4.0";"290.32";"0";"1.26";"TMP";"COc1cc(Cc2cnc(N)nc2N)cc(OC)c1OC";"IC50";"";"";"";"";"";"Not Determined";"";"";"";"";"";"0";"CHEMBL1062968";"Inhibition of Toxoplasma gondii thymidylate synthase";"B";"BAO_0000357";"single protein format";"Toxoplasma gondii";"None";"None";"None";"None";"";"";"";"CHEMBL2425";"Dihydrofolate reductase";"Toxoplasma gondii";"SINGLE PROTEIN";"CHEMBL1151945";"1";"Scientific Literature";"J Med Chem";"2009";"None";"";"";""
"CHEMBL564277";"";"None";"337.86";"0";"3.93";"2b";"CCc1sc2nc(N)[nH]c(=O)c2c1Sc1ccc(Cl)cc1";"IC50";"'='";"9.0";"nM";"8.05";"";"";"UO_0000065";"23.81";"0.52";"4.12";"11.21";"0";"CHEMBL1062971";"Inhibition of Toxoplasma gondii dihydrofolate reductase";"B";"BAO_0000357";"single protein format";"Toxoplasma gondii";"None";"None";"None";"None";"";"";"";"CHEMBL2425";"Dihydrofolate reductase";"Toxoplasma gondii";"SINGLE PROTEIN";"CHEMBL1151945";"1";"Scientific Literature";"J Med Chem";"2009";"None";"";"";""
"CHEMBL32708";"";"None";"326.36";"0";"1.82";"1a";"COc1ccc(OC)c(CNc2cnc3nc(N)nc(N)c3c2)c1";"IC50";"'='";"500.0";"nM";"6.30";"";"";"UO_0000065";"19.31";"0.36";"4.48";"5.20";"1";"CHEMBL664917";"Inhibitory activity against Dihydrofolate reductase from Toxoplasma gondii (tgDHFR)";"B";"BAO_0000357";"single protein format";"Toxoplasma gondii";"None";"None";"None";"None";"";"";"";"CHEMBL2425";"Dihydrofolate reductase";"Toxoplasma gondii";"SINGLE PROTEIN";"CHEMBL1131583";"1";"Scientific Literature";"J Med Chem";"1998";"None";"";"";""
"CHEMBL23846";"";"None";"305.34";"0";"3.15";"41";"Nc1nc(N)c2c(CNc3cccc4ccccc34)coc2n1";"IC50";"'='";"37000.0";"nM";"4.43";"";"";"UO_0000065";"14.51";"0.26";"1.28";"4.30";"1";"CHEMBL828662";"Inhibition of Toxoplasma gondii dihydrofolate reductase";"B";"BAO_0000357";"single protein format";"Toxoplasma gondii";"None";"None";"None";"None";"";"";"";"CHEMBL2425";"Dihydrofolate reductase";"Toxoplasma gondii";"SINGLE PROTEIN";"CHEMBL1145190";"1";"Scientific Literature";"J Med Chem";"2005";"None";"";"";""
"CHEMBL283311";"";"None";"322.39";"0";"3.83";"46";"Nc1nc(N)c2c(CSc3ccc4ccccc4c3)coc2n1";"IC50";"'='";"11600.0";"nM";"4.94";"";"";"UO_0000065";"15.31";"0.29";"1.11";"5.43";"1";"CHEMBL828662";"Inhibition of Toxoplasma gondii dihydrofolate reductase";"B";"BAO_0000357";"single protein format";"Toxoplasma gondii";"None";"None";"None";"None";"";"";"";"CHEMBL2425";"Dihydrofolate reductase";"Toxoplasma gondii";"SINGLE PROTEIN";"CHEMBL1145190";"1";"Scientific Literature";"J Med Chem";"2005";"None";"";"";""
"CHEMBL279679";"";"None";"368.44";"0";"2.91";"1";"CCOc1ccc(OCC)c(NCc2cnc3nc(N)nc(N)c3c2C)c1";"IC50";"'='";"17.0";"nM";"7.77";"";"";"UO_0000065";"21.09";"0.39";"4.86";"6.41";"1";"CHEMBL828662";"Inhibition of Toxoplasma gondii dihydrofolate reductase";"B";"BAO_0000357";"single protein format";"Toxoplasma gondii";"None";"None";"None";"None";"";"";"";"CHEMBL2425";"Dihydrofolate reductase";"Toxoplasma gondii";"SINGLE PROTEIN";"CHEMBL1145190";"1";"Scientific Literature";"J Med Chem";"2005";"None";"";"";""
"CHEMBL331314";"";"None";"301.38";"0";"2.59";"7";"COc1ccccc1Sc1[nH]c2nc(N)nc(N)c2c1C";"IC50";"'='";"1020.0";"nM";"5.99";"";"";"UO_0000065";"19.88";"0.39";"3.40";"5.83";"0";"CHEMBL668092";"Inhibitory concentration against Dihydrofolate reductase from Toxoplasma gondii (Toxoplasma gondii)";"B";"BAO_0000357";"single protein format";"Toxoplasma gondii";"None";"None";"None";"None";"";"";"";"CHEMBL2425";"Dihydrofolate reductase";"Toxoplasma gondii";"SINGLE PROTEIN";"CHEMBL1148359";"1";"Scientific Literature";"J Med Chem";"2004";"None";"";"";""
"CHEMBL34259";"METHOTREXATE";"4.0";"454.45";"0";"0.27";"MTX";"CN(Cc1cnc2nc(N)nc(N)c2n1)c1ccc(C(=O)N[C@@H](CCC(=O)O)C(=O)O)cc1";"IC50";"'='";"14.0";"nM";"7.85";"";"";"UO_0000065";"17.28";"0.33";"7.58";"3.73";"1";"CHEMBL665698";"Inhibition of Toxoplasma gondii (tc) Dihydrofolate reductase";"B";"BAO_0000357";"single protein format";"Toxoplasma gondii";"None";"None";"None";"None";"";"";"";"CHEMBL2425";"Dihydrofolate reductase";"Toxoplasma gondii";"SINGLE PROTEIN";"CHEMBL1128397";"1";"Scientific Literature";"J Med Chem";"1995";"None";"";"";""
"CHEMBL604722";"";"None";"412.29";"0";"4.42";"12";"Cc1c(Sc2c(F)c(F)c(C(F)(F)F)c(F)c2F)oc2nc(N)nc(N)c12";"IC50";"'='";"81800.0";"nM";"4.09";"";"";"UO_0000065";"9.91";"0.21";"-0.33";"4.49";"0";"CHEMBL1073069";"Inhibition of Toxoplasma gondii DHFR at 37 degC by spectrophotometry";"B";"BAO_0000357";"single protein format";"Toxoplasma gondii";"None";"None";"None";"None";"";"";"";"CHEMBL2425";"Dihydrofolate reductase";"Toxoplasma gondii";"SINGLE PROTEIN";"CHEMBL1159120";"1";"Scientific Literature";"Bioorg Med Chem";"2010";"None";"";"";""
"CHEMBL283518";"";"None";"340.39";"0";"2.13";"14g";"COc1ccc(NCc2cnc3nc(N)nc(N)c3c2C)cc1OC";"IC50";"'='";"2.7";"nM";"8.57";"";"";"UO_0000065";"25.17";"0.47";"6.44";"7.07";"0";"CHEMBL665590";"Inhibitory activity against Toxoplasma gondii dihydrofolate reductase";"B";"BAO_0000357";"single protein format";"Toxoplasma gondii";"None";"None";"None";"None";"";"";"";"CHEMBL2425";"Dihydrofolate reductase";"Toxoplasma gondii";"SINGLE PROTEIN";"CHEMBL1129525";"1";"Scientific Literature";"J Med Chem";"1996";"None";"";"";""
"CHEMBL538143";"";"None";"321.40";"0";"3.42";"2i";"CCc1sc2nc(N)[nH]c(=O)c2c1Sc1ccc(F)cc1";"IC50";"'='";"25.0";"nM";"7.60";"";"";"UO_0000065";"23.65";"0.49";"4.18";"10.59";"0";"CHEMBL1062971";"Inhibition of Toxoplasma gondii dihydrofolate reductase";"B";"BAO_0000357";"single protein format";"Toxoplasma gondii";"None";"None";"None";"None";"";"";"";"CHEMBL2425";"Dihydrofolate reductase";"Toxoplasma gondii";"SINGLE PROTEIN";"CHEMBL1151945";"1";"Scientific Literature";"J Med Chem";"2009";"None";"";"";""
"CHEMBL522543";"";"None";"396.71";"0";"4.78";"9";"CCN(Cc1cc(Cl)cc(Cl)c1Cl)c1ccc2nc(N)nc(N)c2c1";"IC50";"'='";"19.0";"nM";"7.72";"";"";"UO_0000065";"19.46";"0.42";"2.94";"9.53";"0";"CHEMBL1027390";"Inhibition of Toxoplasma gondii dihydrofolate reductase";"B";"BAO_0000357";"single protein format";"Toxoplasma gondii";"None";"None";"None";"None";"";"";"";"CHEMBL2425";"Dihydrofolate reductase";"Toxoplasma gondii";"SINGLE PROTEIN";"CHEMBL1140088";"1";"Scientific Literature";"J Med Chem";"2008";"None";"";"";""
"CHEMBL388121";"";"None";"315.40";"0";"2.84";"12";"CCc1c(Sc2ccc(OC)cc2)[nH]c2nc(N)nc(N)c12";"IC50";"'='";"4620000.0";"nM";"";"Outside typical range";"";"UO_0000065";"";"";"";"";"0";"CHEMBL889609";"Inhibition of Toxoplasma gondii DHFR";"B";"BAO_0000357";"single protein format";"Toxoplasma gondii";"None";"None";"None";"None";"";"";"";"CHEMBL2425";"Dihydrofolate reductase";"Toxoplasma gondii";"SINGLE PROTEIN";"CHEMBL1145401";"1";"Scientific Literature";"J Med Chem";"2007";"None";"";"";""
"CHEMBL54523";"";"None";"296.33";"0";"1.81";"53";"COc1ccccc1NCc1ccc2nc(N)nc(N)c2n1";"IC50";"'='";"120.01";"nM";"6.92";"";"";"UO_0000065";"23.35";"0.43";"5.11";"6.18";"0";"CHEMBL830839";"Inhibition of Toxoplasma gondii dihydrofolate reductase";"B";"BAO_0000357";"single protein format";"Toxoplasma gondii";"None";"None";"None";"None";"";"";"";"CHEMBL2425";"Dihydrofolate reductase";"Toxoplasma gondii";"SINGLE PROTEIN";"CHEMBL1145190";"1";"Scientific Literature";"J Med Chem";"2005";"None";"";"";""
"CHEMBL144200";"";"None";"373.44";"0";"3.39";"4e";"Nc1nc(N)c2nc(CN3c4ccccc4Sc4ccccc43)cnc2n1";"IC50";"'='";"110.0";"nM";"6.96";"";"";"UO_0000065";"18.63";"0.35";"3.57";"6.51";"0";"CHEMBL665587";"Inhibitory activity against DHFR (Dihydrofolate reductase) from Toxoplasma gondii.";"B";"BAO_0000357";"single protein format";"Toxoplasma gondii";"None";"None";"None";"None";"";"";"";"CHEMBL2425";"Dihydrofolate reductase";"Toxoplasma gondii";"SINGLE PROTEIN";"CHEMBL1132186";"1";"Scientific Literature";"J Med Chem";"1999";"None";"";"";""
"CHEMBL284544";"";"None";"339.40";"0";"2.30";"22";"COc1ccc(OC)c(CCc2cnc3nc(N)nc(N)c3c2C)c1";"IC50";"'='";"7.9";"nM";"8.10";"";"";"UO_0000065";"23.87";"0.44";"5.80";"7.42";"1";"CHEMBL666222";"Concentration required to inhibit the Toxoplasma gondii Dihydrofolate reductase by 50% was determined";"B";"BAO_0000357";"single protein format";"Toxoplasma gondii";"None";"None";"None";"None";"";"";"";"CHEMBL2425";"Dihydrofolate reductase";"Toxoplasma gondii";"SINGLE PROTEIN";"CHEMBL1149188";"1";"Scientific Literature";"J Med Chem";"2004";"None";"";"";""
"CHEMBL32769";"";"None";"326.36";"0";"1.82";"18";"COc1ccc(CNc2cnc3nc(N)nc(N)c3c2)cc1OC";"IC50";"'='";"730.0";"nM";"6.14";"";"";"UO_0000065";"18.80";"0.35";"4.32";"5.06";"0";"CHEMBL665616";"Inhibitory activity against Toxoplasma gondii dihydrofolate reductase (in 90 uM dihydrofolic acid)";"B";"BAO_0000357";"single protein format";"Toxoplasma gondii";"None";"None";"None";"None";"";"";"";"CHEMBL2425";"Dihydrofolate reductase";"Toxoplasma gondii";"SINGLE PROTEIN";"CHEMBL1129539";"1";"Scientific Literature";"J Med Chem";"1996";"None";"";"";""
"CHEMBL23867";"";"None";"330.39";"0";"3.26";"9";"Cc1c(CNc2cccc3ccccc23)cnc2nc(N)nc(N)c12";"IC50";"'='";"14.49";"nM";"7.84";"";"";"UO_0000065";"23.73";"0.43";"4.58";"7.63";"1";"CHEMBL830839";"Inhibition of Toxoplasma gondii dihydrofolate reductase";"B";"BAO_0000357";"single protein format";"Toxoplasma gondii";"None";"None";"None";"None";"";"";"";"CHEMBL2425";"Dihydrofolate reductase";"Toxoplasma gondii";"SINGLE PROTEIN";"CHEMBL1145190";"1";"Scientific Literature";"J Med Chem";"2005";"None";"";"";""
"CHEMBL178904";"";"None";"303.80";"0";"2.51";"142";"Nc1nc(N)c2c(n1)CCC(CNc1cccc(Cl)c1)C2";"IC50";"'='";"77.98";"nM";"7.11";"";"";"UO_0000065";"23.40";"0.46";"4.60";"7.91";"0";"CHEMBL830839";"Inhibition of Toxoplasma gondii dihydrofolate reductase";"B";"BAO_0000357";"single protein format";"Toxoplasma gondii";"None";"None";"None";"None";"";"";"";"CHEMBL2425";"Dihydrofolate reductase";"Toxoplasma gondii";"SINGLE PROTEIN";"CHEMBL1145190";"1";"Scientific Literature";"J Med Chem";"2005";"None";"";"";""
"CHEMBL7488";"";"None";"359.43";"0";"1.88";"149";"COc1cc(NCC2CCc3nc(N)nc(N)c3C2)cc(OC)c1OC";"IC50";"'='";"54.0";"nM";"7.27";"";"";"UO_0000065";"20.22";"0.38";"5.39";"6.18";"1";"CHEMBL830839";"Inhibition of Toxoplasma gondii dihydrofolate reductase";"B";"BAO_0000357";"single protein format";"Toxoplasma gondii";"None";"None";"None";"None";"";"";"";"CHEMBL2425";"Dihydrofolate reductase";"Toxoplasma gondii";"SINGLE PROTEIN";"CHEMBL1145190";"1";"Scientific Literature";"J Med Chem";"2005";"None";"";"";""
"CHEMBL140705";"";"None";"282.31";"0";"1.94";"154";"COc1ccccc1Nc1ccc2nc(N)nc(N)c2n1";"IC50";"'='";"460.04";"nM";"6.34";"";"";"UO_0000065";"22.45";"0.41";"4.40";"5.66";"0";"CHEMBL830839";"Inhibition of Toxoplasma gondii dihydrofolate reductase";"B";"BAO_0000357";"single protein format";"Toxoplasma gondii";"None";"None";"None";"None";"";"";"";"CHEMBL2425";"Dihydrofolate reductase";"Toxoplasma gondii";"SINGLE PROTEIN";"CHEMBL1145190";"1";"Scientific Literature";"J Med Chem";"2005";"None";"";"";""
"CHEMBL22623";"";"None";"354.41";"0";"2.15";"19";"COc1cc(OC)cc(N(C)Cc2cnc3nc(N)nc(N)c3c2C)c1";"IC50";"'='";"58.0";"nM";"7.24";"";"";"UO_0000065";"20.42";"0.38";"5.09";"6.44";"1";"CHEMBL828662";"Inhibition of Toxoplasma gondii dihydrofolate reductase";"B";"BAO_0000357";"single protein format";"Toxoplasma gondii";"None";"None";"None";"None";"";"";"";"CHEMBL2425";"Dihydrofolate reductase";"Toxoplasma gondii";"SINGLE PROTEIN";"CHEMBL1145190";"1";"Scientific Literature";"J Med Chem";"2005";"None";"";"";""
"CHEMBL82853";"";"None";"439.95";"0";"4.06";"12c";"CCc1nc(N)nc(N)c1-c1ccc(Cl)c(/N=N/N(CCO)CCc2ccccc2)c1";"IC50";"'='";"1790.0";"nM";"5.75";"";"";"UO_0000065";"13.06";"0.25";"1.69";"4.56";"0";"CHEMBL664922";"Inhibitory activity against dihydrofolate reductase DHFR in Toxoplasma gondii.";"B";"BAO_0000357";"single protein format";"Toxoplasma gondii";"None";"None";"None";"None";"";"";"";"CHEMBL2425";"Dihydrofolate reductase";"Toxoplasma gondii";"SINGLE PROTEIN";"CHEMBL1134547";"1";"Scientific Literature";"J Med Chem";"2001";"None";"";"";""
"CHEMBL301105";"";"None";"340.39";"0";"1.84";"61";"COc1ccc(OC)c(N(C)Cc2ccc3nc(N)nc(N)c3n2)c1";"IC50";"'='";"250.0";"nM";"6.60";"";"";"UO_0000065";"19.40";"0.36";"4.76";"5.87";"0";"CHEMBL828662";"Inhibition of Toxoplasma gondii dihydrofolate reductase";"B";"BAO_0000357";"single protein format";"Toxoplasma gondii";"None";"None";"None";"None";"";"";"";"CHEMBL2425";"Dihydrofolate reductase";"Toxoplasma gondii";"SINGLE PROTEIN";"CHEMBL1145190";"1";"Scientific Literature";"J Med Chem";"2005";"None";"";"";""
"CHEMBL17430";"";"None";"340.24";"0";"3.72";"6";"Nc1nc(N)c2c(CSc3ccc(Cl)c(Cl)c3)c[nH]c2n1";"IC50";"'='";"11600.0";"nM";"4.94";"";"";"UO_0000065";"14.51";"0.32";"1.22";"5.27";"0";"CHEMBL664913";"Inhibition against Dihydrofolate reductase in Toxoplasma gondii";"B";"BAO_0000357";"single protein format";"Toxoplasma gondii";"None";"None";"None";"None";"";"";"";"CHEMBL2425";"Dihydrofolate reductase";"Toxoplasma gondii";"SINGLE PROTEIN";"CHEMBL1129990";"1";"Scientific Literature";"J Med Chem";"1997";"None";"";"";""
"CHEMBL420224";"";"None";"383.67";"0";"4.07";"7";"Cc1c(CNc2cc(Cl)c(Cl)c(Cl)c2)cnc2nc(N)nc(N)c12";"IC50";"'='";"12.0";"nM";"7.92";"";"";"UO_0000065";"20.64";"0.45";"3.85";"7.71";"1";"CHEMBL830839";"Inhibition of Toxoplasma gondii dihydrofolate reductase";"B";"BAO_0000357";"single protein format";"Toxoplasma gondii";"None";"None";"None";"None";"";"";"";"CHEMBL2425";"Dihydrofolate reductase";"Toxoplasma gondii";"SINGLE PROTEIN";"CHEMBL1145190";"1";"Scientific Literature";"J Med Chem";"2005";"None";"";"";""
"CHEMBL279680";"";"None";"354.41";"0";"2.15";"15";"COc1ccc(N(C)Cc2cnc3nc(N)nc(N)c3c2C)cc1OC";"IC50";"'='";"29.0";"nM";"7.54";"";"";"UO_0000065";"21.27";"0.40";"5.39";"6.71";"1";"CHEMBL830839";"Inhibition of Toxoplasma gondii dihydrofolate reductase";"B";"BAO_0000357";"single protein format";"Toxoplasma gondii";"None";"None";"None";"None";"";"";"";"CHEMBL2425";"Dihydrofolate reductase";"Toxoplasma gondii";"SINGLE PROTEIN";"CHEMBL1145190";"1";"Scientific Literature";"J Med Chem";"2005";"None";"";"";""
"CHEMBL81119";"";"None";"314.78";"0";"2.76";"107";"Cc1c(CNc2ccccc2Cl)cnc2nc(N)nc(N)c12";"IC50";"'='";"7.1";"nM";"8.15";"";"";"UO_0000065";"25.89";"0.51";"5.39";"7.93";"1";"CHEMBL828662";"Inhibition of Toxoplasma gondii dihydrofolate reductase";"B";"BAO_0000357";"single protein format";"Toxoplasma gondii";"None";"None";"None";"None";"";"";"";"CHEMBL2425";"Dihydrofolate reductase";"Toxoplasma gondii";"SINGLE PROTEIN";"CHEMBL1145190";"1";"Scientific Literature";"J Med Chem";"2005";"None";"";"";""
"CHEMBL1096527";"";"None";"317.40";"0";"3.08";"8b";"Nc1ncc(CN2c3ccccc3CCc3ccccc32)c(N)n1";"Activity";"'='";"0.14";"uM";"";"";"";"UO_0000064";"";"";"";"";"0";"CHEMBL1108182";"Inhibition of Toxoplasma gondii DHFR by continuous spectrophotometric assay";"B";"BAO_0000357";"single protein format";"Toxoplasma gondii";"None";"None";"None";"None";"";"";"";"CHEMBL2425";"Dihydrofolate reductase";"Toxoplasma gondii";"SINGLE PROTEIN";"CHEMBL1157930";"1";"Scientific Literature";"Bioorg Med Chem";"2010";"None";"";"";""
"CHEMBL145068";"";"None";"325.37";"0";"1.99";"30";"COc1ccc(CCc2cnc3nc(N)nc(N)c3c2)cc1OC";"IC50";"'='";"199.99";"nM";"6.70";"";"";"UO_0000065";"20.59";"0.38";"4.71";"6.14";"0";"CHEMBL830839";"Inhibition of Toxoplasma gondii dihydrofolate reductase";"B";"BAO_0000357";"single protein format";"Toxoplasma gondii";"None";"None";"None";"None";"";"";"";"CHEMBL2425";"Dihydrofolate reductase";"Toxoplasma gondii";"SINGLE PROTEIN";"CHEMBL1145190";"1";"Scientific Literature";"J Med Chem";"2005";"None";"";"";""
"CHEMBL123276";"";"None";"348.25";"0";"2.62";"136";"Nc1nc(N)c2c(n1)CCC(CNc1cccc(Br)c1)C2";"IC50";"'='";"30.0";"nM";"7.52";"";"";"UO_0000065";"21.60";"0.49";"4.90";"8.37";"1";"CHEMBL828662";"Inhibition of Toxoplasma gondii dihydrofolate reductase";"B";"BAO_0000357";"single protein format";"Toxoplasma gondii";"None";"None";"None";"None";"";"";"";"CHEMBL2425";"Dihydrofolate reductase";"Toxoplasma gondii";"SINGLE PROTEIN";"CHEMBL1145190";"1";"Scientific Literature";"J Med Chem";"2005";"None";"";"";""
"CHEMBL607583";"";"None";"267.34";"0";"2.30";"80";"Nc1nc(N)c2c(CCCc3ccccc3)c[nH]c2n1";"IC50";"'='";"2700.0";"nM";"5.57";"";"";"UO_0000065";"20.83";"0.38";"3.27";"5.95";"0";"CHEMBL1071424";"Inhibition of Toxoplasma gondii DHFR by spectrophotometric assay";"B";"BAO_0000357";"single protein format";"Toxoplasma gondii";"None";"None";"None";"None";"";"";"";"CHEMBL2425";"Dihydrofolate reductase";"Toxoplasma gondii";"SINGLE PROTEIN";"CHEMBL1156926";"1";"Scientific Literature";"Bioorg Med Chem";"2010";"None";"";"";""
"CHEMBL597962";"";"None";"321.43";"0";"3.18";"79";"Nc1nc(N)c2c(CCCc3ccc4c(c3)CCCC4)c[nH]c2n1";"IC50";"'='";"1000.0";"nM";"6.00";"";"";"UO_0000065";"18.67";"0.34";"2.82";"6.41";"0";"CHEMBL1071424";"Inhibition of Toxoplasma gondii DHFR by spectrophotometric assay";"B";"BAO_0000357";"single protein format";"Toxoplasma gondii";"None";"None";"None";"None";"";"";"";"CHEMBL2425";"Dihydrofolate reductase";"Toxoplasma gondii";"SINGLE PROTEIN";"CHEMBL1156926";"1";"Scientific Literature";"Bioorg Med Chem";"2010";"None";"";"";""
"CHEMBL53165";"";"None";"300.75";"0";"2.45";"54";"Nc1nc(N)c2nc(CNc3ccccc3Cl)ccc2n1";"IC50";"'='";"109.9";"nM";"6.96";"";"";"UO_0000065";"23.14";"0.45";"4.51";"6.77";"0";"CHEMBL830839";"Inhibition of Toxoplasma gondii dihydrofolate reductase";"B";"BAO_0000357";"single protein format";"Toxoplasma gondii";"None";"None";"None";"None";"";"";"";"CHEMBL2425";"Dihydrofolate reductase";"Toxoplasma gondii";"SINGLE PROTEIN";"CHEMBL1145190";"1";"Scientific Literature";"J Med Chem";"2005";"None";"";"";""
"CHEMBL281803";"";"None";"354.41";"0";"2.15";"11";"COc1ccc(OC)c(N(C)Cc2cnc3nc(N)nc(N)c3c2C)c1";"IC50";"'='";"30.1";"nM";"7.52";"";"";"UO_0000065";"21.22";"0.40";"5.37";"6.69";"1";"CHEMBL828662";"Inhibition of Toxoplasma gondii dihydrofolate reductase";"B";"BAO_0000357";"single protein format";"Toxoplasma gondii";"None";"None";"None";"None";"";"";"";"CHEMBL2425";"Dihydrofolate reductase";"Toxoplasma gondii";"SINGLE PROTEIN";"CHEMBL1145190";"1";"Scientific Literature";"J Med Chem";"2005";"None";"";"";""
"CHEMBL602913";"";"None";"325.44";"0";"3.29";"16";"Nc1nc(N)c2c(CSc3cccc4c3CCCC4)c[nH]c2n1";"IC50";"'='";"810.0";"nM";"6.09";"";"";"UO_0000065";"18.72";"0.36";"2.80";"6.51";"0";"CHEMBL1071424";"Inhibition of Toxoplasma gondii DHFR by spectrophotometric assay";"B";"BAO_0000357";"single protein format";"Toxoplasma gondii";"None";"None";"None";"None";"";"";"";"CHEMBL2425";"Dihydrofolate reductase";"Toxoplasma gondii";"SINGLE PROTEIN";"CHEMBL1156926";"1";"Scientific Literature";"Bioorg Med Chem";"2010";"None";"";"";""
"CHEMBL356490";"";"None";"384.44";"0";"2.24";"26";"CCN(Cc1cnc2nc(N)nc(N)c2c1)c1cc(OC)c(OC)c(OC)c1";"IC50";"'='";"49.0";"nM";"7.31";"";"";"UO_0000065";"19.01";"0.36";"5.07";"6.01";"1";"CHEMBL828662";"Inhibition of Toxoplasma gondii dihydrofolate reductase";"B";"BAO_0000357";"single protein format";"Toxoplasma gondii";"None";"None";"None";"None";"";"";"";"CHEMBL2425";"Dihydrofolate reductase";"Toxoplasma gondii";"SINGLE PROTEIN";"CHEMBL1145190";"1";"Scientific Literature";"J Med Chem";"2005";"None";"";"";""
"CHEMBL600413";"";"None";"305.79";"0";"3.24";"68";"Cc1[nH]c2nc(N)nc(N)c2c1Sc1ccc(Cl)cc1";"IC50";"'='";"31800.0";"nM";"4.50";"";"";"UO_0000065";"14.71";"0.31";"1.26";"4.80";"0";"CHEMBL1071424";"Inhibition of Toxoplasma gondii DHFR by spectrophotometric assay";"B";"BAO_0000357";"single protein format";"Toxoplasma gondii";"None";"None";"None";"None";"";"";"";"CHEMBL2425";"Dihydrofolate reductase";"Toxoplasma gondii";"SINGLE PROTEIN";"CHEMBL1156926";"1";"Scientific Literature";"Bioorg Med Chem";"2010";"None";"";"";""
"CHEMBL116816";"";"None";"325.37";"0";"2.42";"3";"COc1ccc(OC)c(CNc2ccc3nc(N)nc(N)c3c2)c1";"IC50";"'='";"160.0";"nM";"6.80";"";"";"UO_0000065";"20.89";"0.39";"4.38";"6.27";"1";"CHEMBL1027390";"Inhibition of Toxoplasma gondii dihydrofolate reductase";"B";"BAO_0000357";"single protein format";"Toxoplasma gondii";"None";"None";"None";"None";"";"";"";"CHEMBL2425";"Dihydrofolate reductase";"Toxoplasma gondii";"SINGLE PROTEIN";"CHEMBL1140088";"1";"Scientific Literature";"J Med Chem";"2008";"None";"";"";""
"CHEMBL597784";"";"None";"359.39";"0";"3.06";"50";"Nc1nc(N)c2c(CNc3ccc4c(c3)C(O)c3ccccc3-4)coc2n1";"IC50";"'='";"63000.0";"nM";"4.20";"";"";"UO_0000065";"11.69";"0.21";"1.14";"3.41";"0";"CHEMBL1071424";"Inhibition of Toxoplasma gondii DHFR by spectrophotometric assay";"B";"BAO_0000357";"single protein format";"Toxoplasma gondii";"None";"None";"None";"None";"";"";"";"CHEMBL2425";"Dihydrofolate reductase";"Toxoplasma gondii";"SINGLE PROTEIN";"CHEMBL1156926";"1";"Scientific Literature";"Bioorg Med Chem";"2010";"None";"";"";""
"CHEMBL52688";"";"None";"370.41";"0";"1.85";"7";"COc1cc(N(C)Cc2ccc3nc(N)nc(N)c3n2)cc(OC)c1OC";"IC50";"'='";"4.7";"nM";"8.33";"";"";"UO_0000065";"22.48";"0.42";"6.48";"6.85";"0";"CHEMBL664909";"Concentration inhibiting Toxoplasma gondii dihydrofolate reductase";"B";"BAO_0000357";"single protein format";"Toxoplasma gondii";"None";"None";"None";"None";"";"";"";"CHEMBL2425";"Dihydrofolate reductase";"Toxoplasma gondii";"SINGLE PROTEIN";"CHEMBL1128717";"1";"Scientific Literature";"J Med Chem";"1995";"None";"";"";""
"CHEMBL23532";"";"None";"370.41";"0";"2.14";"1a";"COc1cc(NCc2cnc3nc(N)nc(N)c3c2C)cc(OC)c1OC";"IC50";"'='";"23000.0";"nM";"4.64";"";"";"UO_0000065";"12.52";"0.23";"2.50";"3.56";"0";"CHEMBL665612";"Inhibitory activity against cultured Toxoplasma gondii";"B";"BAO_0000357";"single protein format";"Toxoplasma gondii";"None";"None";"None";"None";"";"";"";"CHEMBL2425";"Dihydrofolate reductase";"Toxoplasma gondii";"SINGLE PROTEIN";"CHEMBL1128680";"1";"Scientific Literature";"J Med Chem";"1995";"None";"";"";""
"CHEMBL22";"TRIMETHOPRIM";"4.0";"290.32";"0";"1.26";"TMP";"COc1cc(Cc2cnc(N)nc2N)cc(OC)c1OC";"IC50";"'='";"2900.0";"nM";"5.54";"";"";"UO_0000065";"19.07";"0.36";"4.28";"5.25";"0";"CHEMBL983765";"Inhibition of Toxoplasma gondii dihydrofolate reductase";"B";"BAO_0000357";"single protein format";"Toxoplasma gondii";"None";"None";"None";"None";"";"";"";"CHEMBL2425";"Dihydrofolate reductase";"Toxoplasma gondii";"SINGLE PROTEIN";"CHEMBL1155823";"1";"Scientific Literature";"J Med Chem";"2008";"None";"";"";""
"CHEMBL34259";"METHOTREXATE";"4.0";"454.45";"0";"0.27";"MTX";"CN(Cc1cnc2nc(N)nc(N)c2n1)c1ccc(C(=O)N[C@@H](CCC(=O)O)C(=O)O)cc1";"IC50";"'='";"11.0";"nM";"7.96";"";"";"UO_0000065";"17.51";"0.33";"7.69";"3.78";"1";"CHEMBL983765";"Inhibition of Toxoplasma gondii dihydrofolate reductase";"B";"BAO_0000357";"single protein format";"Toxoplasma gondii";"None";"None";"None";"None";"";"";"";"CHEMBL2425";"Dihydrofolate reductase";"Toxoplasma gondii";"SINGLE PROTEIN";"CHEMBL1155823";"1";"Scientific Literature";"J Med Chem";"2008";"None";"";"";""
"CHEMBL120939";"";"None";"357.46";"0";"2.66";"7";"CCOc1ccc(OCC)c(NCC2CCc3nc(N)nc(N)c3C2)c1";"IC50";"'='";"140.0";"nM";"6.85";"";"";"UO_0000065";"19.17";"0.36";"4.19";"6.33";"0";"CHEMBL665604";"Inhibitory activity against purified DHFR (Dihydrofolate reductase) from Toxoplasma gondii.";"B";"BAO_0000357";"single protein format";"Toxoplasma gondii";"None";"None";"None";"None";"";"";"";"CHEMBL2425";"Dihydrofolate reductase";"Toxoplasma gondii";"SINGLE PROTEIN";"CHEMBL1128550";"1";"Scientific Literature";"J Med Chem";"1995";"None";"";"";""
"CHEMBL54618";"";"None";"300.75";"0";"2.45";"14";"Nc1nc(N)c2nc(CNc3cccc(Cl)c3)ccc2n1";"IC50";"'='";"130.0";"nM";"6.89";"";"";"UO_0000065";"22.90";"0.45";"4.44";"6.70";"0";"CHEMBL665702";"Inhibitory activity against Toxoplasma gondii dihydrofolate reductase.";"B";"BAO_0000357";"single protein format";"Toxoplasma gondii";"None";"None";"None";"None";"";"";"";"CHEMBL2425";"Dihydrofolate reductase";"Toxoplasma gondii";"SINGLE PROTEIN";"CHEMBL1129583";"1";"Scientific Literature";"J Med Chem";"1996";"None";"";"";""
"CHEMBL284544";"";"None";"339.40";"0";"2.30";"13u";"COc1ccc(OC)c(CCc2cnc3nc(N)nc(N)c3c2C)c1";"IC50";"'='";"7.9";"nM";"8.10";"";"";"UO_0000065";"23.87";"0.44";"5.80";"7.42";"0";"CHEMBL665590";"Inhibitory activity against Toxoplasma gondii dihydrofolate reductase";"B";"BAO_0000357";"single protein format";"Toxoplasma gondii";"None";"None";"None";"None";"";"";"";"CHEMBL2425";"Dihydrofolate reductase";"Toxoplasma gondii";"SINGLE PROTEIN";"CHEMBL1129525";"1";"Scientific Literature";"J Med Chem";"1996";"None";"";"";""
"CHEMBL279680";"";"None";"354.41";"0";"2.15";"14h";"COc1ccc(N(C)Cc2cnc3nc(N)nc(N)c3c2C)cc1OC";"IC50";"'='";"2.9";"nM";"8.54";"";"";"UO_0000065";"24.09";"0.45";"6.39";"7.60";"0";"CHEMBL665590";"Inhibitory activity against Toxoplasma gondii dihydrofolate reductase";"B";"BAO_0000357";"single protein format";"Toxoplasma gondii";"None";"None";"None";"None";"";"";"";"CHEMBL2425";"Dihydrofolate reductase";"Toxoplasma gondii";"SINGLE PROTEIN";"CHEMBL1129525";"1";"Scientific Literature";"J Med Chem";"1996";"None";"";"";""
"CHEMBL422395";"";"None";"477.48";"0";"1.19";"PDDF";"C#CCN(Cc1ccc2[nH]c(N)nc(=O)c2c1)c1ccc(C(=O)NC(CCC(=O)O)C(=O)O)cc1";"IC50";"'='";"430.0";"nM";"6.37";"";"";"UO_0000065";"13.33";"0.25";"5.18";"3.56";"0";"CHEMBL1034982";"Inhibition of Toxoplasma gondii thymidylate synthase";"B";"BAO_0000357";"single protein format";"Toxoplasma gondii";"None";"None";"None";"None";"";"";"";"CHEMBL2425";"Dihydrofolate reductase";"Toxoplasma gondii";"SINGLE PROTEIN";"CHEMBL1140135";"1";"Scientific Literature";"J Med Chem";"2008";"None";"";"";""
"CHEMBL495124";"";"None";"339.45";"0";"4.18";"11";"Cc1sc2nc(N)[nH]c(=O)c2c1Sc1ccc2ccccc2c1";"IC50";"'='";"1200.0";"nM";"5.92";"";"";"UO_0000065";"17.44";"0.35";"1.74";"8.25";"0";"CHEMBL1034982";"Inhibition of Toxoplasma gondii thymidylate synthase";"B";"BAO_0000357";"single protein format";"Toxoplasma gondii";"None";"None";"None";"None";"";"";"";"CHEMBL2425";"Dihydrofolate reductase";"Toxoplasma gondii";"SINGLE PROTEIN";"CHEMBL1140135";"1";"Scientific Literature";"J Med Chem";"2008";"None";"";"";""
"CHEMBL494067";"";"None";"289.38";"0";"3.03";"5";"Cc1sc2nc(N)[nH]c(=O)c2c1Sc1ccccc1";"IC50";"'='";"8400.0";"nM";"5.08";"";"";"UO_0000065";"17.54";"0.36";"2.05";"7.07";"0";"CHEMBL1034982";"Inhibition of Toxoplasma gondii thymidylate synthase";"B";"BAO_0000357";"single protein format";"Toxoplasma gondii";"None";"None";"None";"None";"";"";"";"CHEMBL2425";"Dihydrofolate reductase";"Toxoplasma gondii";"SINGLE PROTEIN";"CHEMBL1140135";"1";"Scientific Literature";"J Med Chem";"2008";"None";"";"";""
"CHEMBL495125";"";"None";"290.37";"0";"2.42";"12";"Cc1sc2nc(N)[nH]c(=O)c2c1Sc1ccncc1";"IC50";"'='";"34.0";"nM";"7.47";"";"";"UO_0000065";"25.72";"0.54";"5.05";"8.82";"0";"CHEMBL1034984";"Inhibition of Toxoplasma gondii DHFR";"B";"BAO_0000357";"single protein format";"Toxoplasma gondii";"None";"None";"None";"None";"";"";"";"CHEMBL2425";"Dihydrofolate reductase";"Toxoplasma gondii";"SINGLE PROTEIN";"CHEMBL1140135";"1";"Scientific Literature";"J Med Chem";"2008";"None";"";"";""
"CHEMBL492837";"";"None";"332.39";"0";"2.31";"8";"COc1ccc(OC)c(Sc2c(C)[nH]c3nc(N)[nH]c(=O)c23)c1";"Inhibition";"'='";"0.0";"%";"";"";"";"UO_0000187";"";"";"";"";"0";"CHEMBL1034987";"Inhibition of Toxoplasma gondii thymidylate synthase at >23 uM";"B";"BAO_0000357";"single protein format";"Toxoplasma gondii";"None";"None";"None";"None";"";"";"";"CHEMBL2425";"Dihydrofolate reductase";"Toxoplasma gondii";"SINGLE PROTEIN";"CHEMBL1140135";"1";"Scientific Literature";"J Med Chem";"2008";"None";"";"";""
"CHEMBL421319";"";"None";"294.31";"0";"2.15";"2a";"Nc1nc(N)c2cc(COC(=O)c3ccccc3)ccc2n1";"IC50";"'='";"99.0";"nM";"7.00";"";"";"UO_0000065";"23.80";"0.43";"4.85";"6.73";"0";"CHEMBL665597";"Inhibitory concentration against dihydrofolate reductase DHFR from Toxoplasma gondii";"B";"BAO_0000357";"single protein format";"Toxoplasma gondii";"None";"None";"None";"None";"";"";"";"CHEMBL2425";"Dihydrofolate reductase";"Toxoplasma gondii";"SINGLE PROTEIN";"CHEMBL1134533";"1";"Scientific Literature";"J Med Chem";"2001";"None";"";"";""
"CHEMBL22";"TRIMETHOPRIM";"4.0";"290.32";"0";"1.26";"1, TMP";"COc1cc(Cc2cnc(N)nc2N)cc(OC)c1OC";"IC50";"'='";"2700.0";"nM";"5.57";"";"";"UO_0000065";"19.18";"0.36";"4.31";"5.28";"1";"CHEMBL665597";"Inhibitory concentration against dihydrofolate reductase DHFR from Toxoplasma gondii";"B";"BAO_0000357";"single protein format";"Toxoplasma gondii";"None";"None";"None";"None";"";"";"";"CHEMBL2425";"Dihydrofolate reductase";"Toxoplasma gondii";"SINGLE PROTEIN";"CHEMBL1134533";"1";"Scientific Literature";"J Med Chem";"2001";"None";"";"";""
"CHEMBL119";"TRIMETREXATE";"4.0";"369.43";"0";"2.74";"TMQ";"COc1cc(NCc2ccc3nc(N)nc(N)c3c2C)cc(OC)c1OC";"IC50";"'='";"10.0";"nM";"8.00";"";"";"UO_0000065";"21.65";"0.40";"5.26";"6.81";"1";"CHEMBL665698";"Inhibition of Toxoplasma gondii (tc) Dihydrofolate reductase";"B";"BAO_0000357";"single protein format";"Toxoplasma gondii";"None";"None";"None";"None";"";"";"";"CHEMBL2425";"Dihydrofolate reductase";"Toxoplasma gondii";"SINGLE PROTEIN";"CHEMBL1128397";"1";"Scientific Literature";"J Med Chem";"1995";"None";"";"";""
"CHEMBL1098478";"";"None";"322.40";"0";"2.84";"3b";"Nc1nc(N)nc(CN2c3ccccc3Sc3ccccc32)n1";"Inhibition";"'='";"15.0";"%";"";"";"";"UO_0000187";"";"";"";"";"0";"CHEMBL1108184";"Inhibition of Toxoplasma gondii DHFR at IC50 by continuous spectrophotometric assay";"B";"BAO_0000357";"single protein format";"Toxoplasma gondii";"None";"None";"None";"None";"";"";"";"CHEMBL2425";"Dihydrofolate reductase";"Toxoplasma gondii";"SINGLE PROTEIN";"CHEMBL1157930";"1";"Scientific Literature";"Bioorg Med Chem";"2010";"None";"";"";""
"CHEMBL116200";"";"None";"325.37";"0";"2.42";"95";"COc1ccc(CNc2ccc3nc(N)nc(N)c3c2)c(OC)c1";"IC50";"'='";"170.0";"nM";"6.77";"";"";"UO_0000065";"20.81";"0.39";"4.35";"6.25";"1";"CHEMBL828662";"Inhibition of Toxoplasma gondii dihydrofolate reductase";"B";"BAO_0000357";"single protein format";"Toxoplasma gondii";"None";"None";"None";"None";"";"";"";"CHEMBL2425";"Dihydrofolate reductase";"Toxoplasma gondii";"SINGLE PROTEIN";"CHEMBL1145190";"1";"Scientific Literature";"J Med Chem";"2005";"None";"";"";""
"CHEMBL56170";"";"None";"378.44";"0";"3.42";"3 (methylbenzoprim)";"CCc1nc(N)nc(N)c1-c1ccc(N(C)Cc2ccccc2)c([N+](=O)[O-])c1";"IC50";"'='";"91.0";"nM";"7.04";"";"";"UO_0000065";"18.61";"0.34";"3.62";"5.67";"0";"CHEMBL664912";"Inhibitory concentration against Toxoplasma gondii dihydrofolate reductase";"B";"BAO_0000357";"single protein format";"Toxoplasma gondii";"None";"None";"None";"None";"";"";"";"CHEMBL2425";"Dihydrofolate reductase";"Toxoplasma gondii";"SINGLE PROTEIN";"CHEMBL1130062";"1";"Scientific Literature";"J Med Chem";"1997";"None";"";"";""
"CHEMBL17232";"";"None";"427.42";"1";"0.78";"9";"Nc1nc(N)c2c(CNc3ccc(C(=O)NC(CCC(=O)O)C(=O)O)cc3)c[nH]c2n1";"IC50";"'='";"210.0";"nM";"6.68";"";"";"UO_0000065";"15.62";"0.29";"5.90";"3.19";"1";"CHEMBL664913";"Inhibition against Dihydrofolate reductase in Toxoplasma gondii";"B";"BAO_0000357";"single protein format";"Toxoplasma gondii";"None";"None";"None";"None";"";"";"";"CHEMBL2425";"Dihydrofolate reductase";"Toxoplasma gondii";"SINGLE PROTEIN";"CHEMBL1129990";"1";"Scientific Literature";"J Med Chem";"1997";"None";"";"";""
"CHEMBL301769";"";"None";"367.42";"0";"3.41";"6";"Nc1nc(N)c2nc(CN3c4ccccc4C=Cc4ccccc43)cnc2n1";"IC50";"'='";"39.0";"nM";"7.41";"";"";"UO_0000065";"20.16";"0.36";"4.00";"6.93";"0";"CHEMBL664381";"Concentration required to inhibit the Toxoplasma gondii Dihydrofolate reductase by 50% was determined; Range: 32-47";"B";"BAO_0000357";"single protein format";"Toxoplasma gondii";"None";"None";"None";"None";"";"";"";"CHEMBL2425";"Dihydrofolate reductase";"Toxoplasma gondii";"SINGLE PROTEIN";"CHEMBL1149188";"1";"Scientific Literature";"J Med Chem";"2004";"None";"";"";""
"CHEMBL57222";"";"None";"362.53";"0";"3.01";"1f";"CCc1nc(N)nc(N)c1-c1ccc(Cl)c([N+]#N)c1.F[B-](F)(F)F";"IC50";"'='";"23.0";"nM";"7.64";"";"";"UO_0000065";"27.70";"0.55";"4.63";"7.21";"0";"CHEMBL664912";"Inhibitory concentration against Toxoplasma gondii dihydrofolate reductase";"B";"BAO_0000357";"single protein format";"Toxoplasma gondii";"None";"None";"None";"None";"";"";"";"CHEMBL2425";"Dihydrofolate reductase";"Toxoplasma gondii";"SINGLE PROTEIN";"CHEMBL1130062";"1";"Scientific Literature";"J Med Chem";"1997";"None";"";"";""
"CHEMBL53165";"";"None";"300.75";"0";"2.45";"12";"Nc1nc(N)c2nc(CNc3ccccc3Cl)ccc2n1";"IC50";"'='";"110.0";"nM";"6.96";"";"";"UO_0000065";"23.14";"0.45";"4.51";"6.77";"0";"CHEMBL665702";"Inhibitory activity against Toxoplasma gondii dihydrofolate reductase.";"B";"BAO_0000357";"single protein format";"Toxoplasma gondii";"None";"None";"None";"None";"";"";"";"CHEMBL2425";"Dihydrofolate reductase";"Toxoplasma gondii";"SINGLE PROTEIN";"CHEMBL1129583";"1";"Scientific Literature";"J Med Chem";"1996";"None";"";"";""
"CHEMBL225072";"PEMETREXED";"4.0";"427.42";"1";"0.67";"LY-231514";"Nc1nc2[nH]cc(CCc3ccc(C(=O)N[C@@H](CCC(=O)O)C(=O)O)cc3)c2c(=O)[nH]1";"IC50";"'='";"1400.0";"nM";"5.85";"";"";"UO_0000065";"13.70";"0.26";"5.18";"3.06";"0";"CHEMBL665599";"Inhibitory concentration against isolated Toxoplasma gondii DHFR (dihydrofolate reductase)";"B";"BAO_0000357";"single protein format";"Toxoplasma gondii";"None";"None";"None";"None";"";"";"";"CHEMBL2425";"Dihydrofolate reductase";"Toxoplasma gondii";"SINGLE PROTEIN";"CHEMBL1133086";"1";"Scientific Literature";"J Med Chem";"2000";"None";"";"";""
"CHEMBL114833";"";"None";"355.40";"0";"2.43";"8";"COc1cc(OC)c(OC)cc1CNc1ccc2nc(N)nc(N)c2c1";"IC50";"'='";"124.0";"nM";"6.91";"";"";"UO_0000065";"19.43";"0.36";"4.48";"5.88";"0";"CHEMBL664917";"Inhibitory activity against Dihydrofolate reductase from Toxoplasma gondii (tgDHFR)";"B";"BAO_0000357";"single protein format";"Toxoplasma gondii";"None";"None";"None";"None";"";"";"";"CHEMBL2425";"Dihydrofolate reductase";"Toxoplasma gondii";"SINGLE PROTEIN";"CHEMBL1131583";"1";"Scientific Literature";"J Med Chem";"1998";"None";"";"";""
"CHEMBL596681";"";"None";"332.39";"0";"2.86";"10";"COc1ccc(OC)c(Sc2oc3nc(N)nc(N)c3c2C)c1";"IC50";"'='";"38400.0";"nM";"4.42";"";"";"UO_0000065";"13.28";"0.26";"1.56";"4.04";"0";"CHEMBL1073069";"Inhibition of Toxoplasma gondii DHFR at 37 degC by spectrophotometry";"B";"BAO_0000357";"single protein format";"Toxoplasma gondii";"None";"None";"None";"None";"";"";"";"CHEMBL2425";"Dihydrofolate reductase";"Toxoplasma gondii";"SINGLE PROTEIN";"CHEMBL1159120";"1";"Scientific Literature";"Bioorg Med Chem";"2010";"None";"";"";""
"CHEMBL114058";"";"None";"355.40";"0";"2.43";"9";"COc1cc(OC)c(CNc2ccc3nc(N)nc(N)c3c2)c(OC)c1";"IC50";"'='";"950.0";"nM";"6.02";"";"";"UO_0000065";"16.95";"0.32";"3.59";"5.12";"0";"CHEMBL664917";"Inhibitory activity against Dihydrofolate reductase from Toxoplasma gondii (tgDHFR)";"B";"BAO_0000357";"single protein format";"Toxoplasma gondii";"None";"None";"None";"None";"";"";"";"CHEMBL2425";"Dihydrofolate reductase";"Toxoplasma gondii";"SINGLE PROTEIN";"CHEMBL1131583";"1";"Scientific Literature";"J Med Chem";"1998";"None";"";"";""
"CHEMBL7492";"PIRITREXIM";"2.0";"325.37";"0";"2.11";"PTX";"COc1ccc(OC)c(Cc2cnc3nc(N)nc(N)c3c2C)c1";"IC50";"'='";"11.0";"nM";"7.96";"";"";"UO_0000065";"24.46";"0.45";"5.85";"7.29";"1";"CHEMBL664921";"Inhibition of Dihydrofolate Reductase of Toxoplasma gondii.";"B";"BAO_0000357";"single protein format";"Toxoplasma gondii";"None";"None";"None";"None";"";"";"";"CHEMBL2425";"Dihydrofolate reductase";"Toxoplasma gondii";"SINGLE PROTEIN";"CHEMBL1129938";"1";"Scientific Literature";"J Med Chem";"1997";"None";"";"";""
"CHEMBL7492";"PIRITREXIM";"2.0";"325.37";"0";"2.11";"6";"COc1ccc(OC)c(Cc2cnc3nc(N)nc(N)c3c2C)c1";"IC50";"'='";"17.0";"nM";"7.77";"";"";"UO_0000065";"23.88";"0.44";"5.66";"7.12";"1";"CHEMBL665602";"The ability to inhibit Toxoplasma gondii Dihydrofolate reductase was tested";"B";"BAO_0000357";"single protein format";"Toxoplasma gondii";"None";"None";"None";"None";"";"";"";"CHEMBL2425";"Dihydrofolate reductase";"Toxoplasma gondii";"SINGLE PROTEIN";"CHEMBL1132605";"1";"Scientific Literature";"J Med Chem";"1999";"None";"";"";""
"CHEMBL6970";"";"None";"254.34";"0";"1.99";"5a";"Nc1nc(N)c2c(n1)CCC(Cc1ccccc1)C2";"IC50";"'='";"32.0";"nM";"7.50";"";"";"UO_0000065";"29.47";"0.54";"5.50";"9.63";"0";"CHEMBL665602";"The ability to inhibit Toxoplasma gondii Dihydrofolate reductase was tested";"B";"BAO_0000357";"single protein format";"Toxoplasma gondii";"None";"None";"None";"None";"";"";"";"CHEMBL2425";"Dihydrofolate reductase";"Toxoplasma gondii";"SINGLE PROTEIN";"CHEMBL1132605";"1";"Scientific Literature";"J Med Chem";"1999";"None";"";"";""
"CHEMBL7452";"";"None";"284.36";"0";"2.00";"5f";"COc1ccc(CC2CCc3nc(N)nc(N)c3C2)cc1";"IC50";"'='";"50.0";"nM";"7.30";"";"";"UO_0000065";"25.68";"0.47";"5.30";"8.39";"0";"CHEMBL665602";"The ability to inhibit Toxoplasma gondii Dihydrofolate reductase was tested";"B";"BAO_0000357";"single protein format";"Toxoplasma gondii";"None";"None";"None";"None";"";"";"";"CHEMBL2425";"Dihydrofolate reductase";"Toxoplasma gondii";"SINGLE PROTEIN";"CHEMBL1132605";"1";"Scientific Literature";"J Med Chem";"1999";"None";"";"";""
"CHEMBL119";"TRIMETREXATE";"4.0";"369.43";"0";"2.74";"TMX";"COc1cc(NCc2ccc3nc(N)nc(N)c3c2C)cc(OC)c1OC";"IC50";"'='";"16.0";"nM";"7.80";"";"";"UO_0000065";"21.10";"0.39";"5.06";"6.63";"0";"CHEMBL665596";"Inhibitory concentration against Toxoplasma gondii dihydrofolate reductase";"B";"BAO_0000357";"single protein format";"Toxoplasma gondii";"None";"None";"None";"None";"";"";"";"CHEMBL2425";"Dihydrofolate reductase";"Toxoplasma gondii";"SINGLE PROTEIN";"CHEMBL1147507";"1";"Scientific Literature";"Bioorg Med Chem Lett";"2004";"None";"";"";""
"CHEMBL37334";"";"None";"340.38";"0";"1.85";"4";"COc1ccc(C#CCCCC(=O)O)cc1Cc1cnc(N)nc1N";"IC50";"'='";"32.0";"nM";"7.50";"";"";"UO_0000065";"22.02";"0.41";"5.64";"6.03";"1";"CHEMBL665596";"Inhibitory concentration against Toxoplasma gondii dihydrofolate reductase";"B";"BAO_0000357";"single protein format";"Toxoplasma gondii";"None";"None";"None";"None";"";"";"";"CHEMBL2425";"Dihydrofolate reductase";"Toxoplasma gondii";"SINGLE PROTEIN";"CHEMBL1147507";"1";"Scientific Literature";"Bioorg Med Chem Lett";"2004";"None";"";"";""
"CHEMBL139485";"";"None";"356.39";"0";"1.98";"22";"COc1cc(N(C)c2ccc3nc(N)nc(N)c3n2)cc(OC)c1OC";"IC50";"'='";"7.6";"nM";"8.12";"";"";"UO_0000065";"22.78";"0.43";"6.14";"6.67";"0";"CHEMBL661507";"Inhibitory activity against dihydrofolate reductase (DHFR) from Toxoplasma gondii";"B";"BAO_0000357";"single protein format";"Toxoplasma gondii";"None";"None";"None";"None";"";"";"";"CHEMBL2425";"Dihydrofolate reductase";"Toxoplasma gondii";"SINGLE PROTEIN";"CHEMBL1131172";"1";"Scientific Literature";"J Med Chem";"1998";"None";"";"";""
"CHEMBL34259";"METHOTREXATE";"4.0";"454.45";"0";"0.27";"METHOTREXATE";"CN(Cc1cnc2nc(N)nc(N)c2n1)c1ccc(C(=O)N[C@@H](CCC(=O)O)C(=O)O)cc1";"IC50";"'='";"1.4";"nM";"8.85";"";"";"UO_0000065";"19.48";"0.37";"8.58";"4.21";"0";"CHEMBL884350";"Inhibitory activity against Dihydrofolate reductase from Toxoplasma gondii was evaluated using 90 uM dihydrofolic acid as substrate";"B";"BAO_0000357";"single protein format";"Toxoplasma gondii";"None";"None";"None";"None";"";"";"";"CHEMBL2425";"Dihydrofolate reductase";"Toxoplasma gondii";"SINGLE PROTEIN";"CHEMBL1130351";"1";"Scientific Literature";"J Med Chem";"1997";"None";"";"";""
"CHEMBL115788";"";"None";"398.42";"0";"1.69";"6a";"COc1cc(N(C=O)Cc2cnc3nc(N)nc(N)c3c2C)cc(OC)c1OC";"IC50";"'='";"13.0";"nM";"7.89";"";"";"UO_0000065";"19.79";"0.37";"6.20";"5.69";"0";"CHEMBL665696";"Inhibition of Toxoplasma gondii dihydrofolate reductase";"B";"BAO_0000357";"single protein format";"Toxoplasma gondii";"None";"None";"None";"None";"";"";"";"CHEMBL2425";"Dihydrofolate reductase";"Toxoplasma gondii";"SINGLE PROTEIN";"CHEMBL1126886";"1";"Scientific Literature";"J Med Chem";"1993";"None";"";"";""
"CHEMBL323565";"";"None";"427.42";"0";"1.22";"1";"Nc1nc(N)c2c(CCc3ccc(C(=O)N[C@@H](CCC(=O)O)C(=O)O)cc3)coc2n1";"IC50";"";"";"nM";"";"";"Not Determined";"UO_0000065";"";"";"";"";"0";"CHEMBL665595";"Inhibitory concentration against Toxoplasma gondii Dihydrofolate reductase; ND is Not Determined.";"B";"BAO_0000357";"single protein format";"Toxoplasma gondii";"None";"None";"None";"None";"";"";"";"CHEMBL2425";"Dihydrofolate reductase";"Toxoplasma gondii";"SINGLE PROTEIN";"CHEMBL1133617";"1";"Scientific Literature";"J Med Chem";"2000";"None";"";"";""
"CHEMBL34259";"METHOTREXATE";"4.0";"454.45";"0";"0.27";"Methotrexate";"CN(Cc1cnc2nc(N)nc(N)c2n1)c1ccc(C(=O)N[C@@H](CCC(=O)O)C(=O)O)cc1";"IC50";"'='";"14.0";"nM";"7.85";"";"";"UO_0000065";"17.28";"0.33";"7.58";"3.73";"1";"CHEMBL664913";"Inhibition against Dihydrofolate reductase in Toxoplasma gondii";"B";"BAO_0000357";"single protein format";"Toxoplasma gondii";"None";"None";"None";"None";"";"";"";"CHEMBL2425";"Dihydrofolate reductase";"Toxoplasma gondii";"SINGLE PROTEIN";"CHEMBL1129990";"1";"Scientific Literature";"J Med Chem";"1997";"None";"";"";""
"CHEMBL80065";"";"None";"359.23";"0";"2.87";"12";"Cc1c(CNc2ccc(Br)cc2)cnc2nc(N)nc(N)c12";"IC50";"'='";"9.5";"nM";"8.02";"";"";"UO_0000065";"22.33";"0.50";"5.15";"7.81";"0";"CHEMBL665700";"Inhibition of dihydrofolate reductase (DHFR) from Toxoplasma gondii(tg)";"B";"BAO_0000357";"single protein format";"Toxoplasma gondii";"None";"None";"None";"None";"";"";"";"CHEMBL2425";"Dihydrofolate reductase";"Toxoplasma gondii";"SINGLE PROTEIN";"CHEMBL1132261";"1";"Scientific Literature";"J Med Chem";"1999";"None";"";"";""
"CHEMBL50514";"";"None";"384.44";"0";"2.16";"1b";"COc1cc(N(C)Cc2cnc3nc(N)nc(N)c3c2C)cc(OC)c1OC";"IC50";"'='";"0.85";"nM";"9.07";"";"";"UO_0000065";"23.59";"0.44";"6.91";"7.46";"1";"CHEMBL665700";"Inhibition of dihydrofolate reductase (DHFR) from Toxoplasma gondii(tg)";"B";"BAO_0000357";"single protein format";"Toxoplasma gondii";"None";"None";"None";"None";"";"";"";"CHEMBL2425";"Dihydrofolate reductase";"Toxoplasma gondii";"SINGLE PROTEIN";"CHEMBL1132261";"1";"Scientific Literature";"J Med Chem";"1999";"None";"";"";""
"CHEMBL283518";"";"None";"340.39";"0";"2.13";"3a";"COc1ccc(NCc2cnc3nc(N)nc(N)c3c2C)cc1OC";"IC50";"'='";"29.0";"nM";"7.54";"";"";"UO_0000065";"22.14";"0.41";"5.41";"6.22";"0";"CHEMBL665700";"Inhibition of dihydrofolate reductase (DHFR) from Toxoplasma gondii(tg)";"B";"BAO_0000357";"single protein format";"Toxoplasma gondii";"None";"None";"None";"None";"";"";"";"CHEMBL2425";"Dihydrofolate reductase";"Toxoplasma gondii";"SINGLE PROTEIN";"CHEMBL1132261";"1";"Scientific Literature";"J Med Chem";"1999";"None";"";"";""
"CHEMBL2115210";"";"None";"439.95";"0";"4.58";"12d";"CCc1nc(N)nc(N)c1-c1ccc(Cl)c(/N=N/N(CCO)[C@H](C)c2ccccc2)c1";"IC50";"'='";"1470.0";"nM";"5.83";"";"";"UO_0000065";"13.26";"0.26";"1.25";"4.63";"0";"CHEMBL664922";"Inhibitory activity against dihydrofolate reductase DHFR in Toxoplasma gondii.";"B";"BAO_0000357";"single protein format";"Toxoplasma gondii";"None";"None";"None";"None";"";"";"";"CHEMBL2425";"Dihydrofolate reductase";"Toxoplasma gondii";"SINGLE PROTEIN";"CHEMBL1134547";"1";"Scientific Literature";"J Med Chem";"2001";"None";"";"";""
"CHEMBL36";"PYRIMETHAMINE";"4.0";"248.72";"0";"2.52";"Pyrimethamine";"CCc1nc(N)nc(N)c1-c1ccc(Cl)cc1";"IC50";"'='";"390.0";"nM";"6.41";"";"";"UO_0000065";"25.77";"0.51";"3.89";"8.24";"1";"CHEMBL665620";"The ability to inhibit Toxoplasma gondii Dihydrofolate reductase was tested";"B";"BAO_0000357";"single protein format";"Toxoplasma gondii";"None";"None";"None";"None";"";"";"";"CHEMBL2425";"Dihydrofolate reductase";"Toxoplasma gondii";"SINGLE PROTEIN";"CHEMBL1132605";"1";"Scientific Literature";"J Med Chem";"1999";"None";"";"";""
"CHEMBL119";"TRIMETREXATE";"4.0";"369.43";"0";"2.74";"TMQ";"COc1cc(NCc2ccc3nc(N)nc(N)c3c2C)cc(OC)c1OC";"IC50";"'='";"10.0";"nM";"8.00";"";"";"UO_0000065";"21.65";"0.40";"5.26";"6.81";"1";"CHEMBL665591";"Inhibitory concentration against Dihydrofolate reductase from Toxoplasma gondii (tg)";"B";"BAO_0000357";"single protein format";"Toxoplasma gondii";"None";"None";"None";"None";"";"";"";"CHEMBL2425";"Dihydrofolate reductase";"Toxoplasma gondii";"SINGLE PROTEIN";"CHEMBL1129937";"1";"Scientific Literature";"J Med Chem";"1997";"None";"";"";""
"CHEMBL55049";"";"None";"376.34";"0";"2.57";"43";"CN(Cc1ccc2nc(N)nc(N)c2n1)c1ccc(C(=O)C(F)(F)F)cc1";"IC50";"'='";"46.0";"nM";"7.34";"";"";"UO_0000065";"19.50";"0.37";"4.77";"6.61";"0";"CHEMBL665702";"Inhibitory activity against Toxoplasma gondii dihydrofolate reductase.";"B";"BAO_0000357";"single protein format";"Toxoplasma gondii";"None";"None";"None";"None";"";"";"";"CHEMBL2425";"Dihydrofolate reductase";"Toxoplasma gondii";"SINGLE PROTEIN";"CHEMBL1129583";"1";"Scientific Literature";"J Med Chem";"1996";"None";"";"";""
"CHEMBL7571";"";"None";"220.32";"0";"1.79";"9b";"CC(C)(C)C1CCc2nc(N)nc(N)c2C1";"IC50";"'='";"18.0";"nM";"7.75";"";"";"UO_0000065";"35.15";"0.66";"5.95";"9.95";"0";"CHEMBL665602";"The ability to inhibit Toxoplasma gondii Dihydrofolate reductase was tested";"B";"BAO_0000357";"single protein format";"Toxoplasma gondii";"None";"None";"None";"None";"";"";"";"CHEMBL2425";"Dihydrofolate reductase";"Toxoplasma gondii";"SINGLE PROTEIN";"CHEMBL1132605";"1";"Scientific Literature";"J Med Chem";"1999";"None";"";"";""
"CHEMBL33208";"";"None";"356.39";"0";"1.83";"11";"COc1cc(CNc2cnc3nc(N)nc(N)c3c2)cc(OC)c1OC";"IC50";"'='";"1300.0";"nM";"5.89";"";"";"UO_0000065";"16.52";"0.31";"4.06";"4.51";"0";"CHEMBL665613";"Inhibitory activity against Toxoplasma gondii dihydrofolate reductase (in 50 uM dihydrofolic acid)";"B";"BAO_0000357";"single protein format";"Toxoplasma gondii";"None";"None";"None";"None";"";"";"";"CHEMBL2425";"Dihydrofolate reductase";"Toxoplasma gondii";"SINGLE PROTEIN";"CHEMBL1129539";"1";"Scientific Literature";"J Med Chem";"1996";"None";"";"";""
"CHEMBL119";"TRIMETREXATE";"4.0";"369.43";"0";"2.74";"TMQ";"COc1cc(NCc2ccc3nc(N)nc(N)c3c2C)cc(OC)c1OC";"IC50";"'='";"10.0";"nM";"8.00";"";"";"UO_0000065";"21.65";"0.40";"5.26";"6.81";"0";"CHEMBL665696";"Inhibition of Toxoplasma gondii dihydrofolate reductase";"B";"BAO_0000357";"single protein format";"Toxoplasma gondii";"None";"None";"None";"None";"";"";"";"CHEMBL2425";"Dihydrofolate reductase";"Toxoplasma gondii";"SINGLE PROTEIN";"CHEMBL1126886";"1";"Scientific Literature";"J Med Chem";"1993";"None";"";"";""
"CHEMBL23416";"";"None";"314.78";"0";"2.76";"11";"Cc1c(CNc2ccc(Cl)cc2)cnc2nc(N)nc(N)c12";"IC50";"'='";"19.0";"nM";"7.72";"";"";"UO_0000065";"24.53";"0.48";"4.96";"7.52";"0";"CHEMBL665700";"Inhibition of dihydrofolate reductase (DHFR) from Toxoplasma gondii(tg)";"B";"BAO_0000357";"single protein format";"Toxoplasma gondii";"None";"None";"None";"None";"";"";"";"CHEMBL2425";"Dihydrofolate reductase";"Toxoplasma gondii";"SINGLE PROTEIN";"CHEMBL1132261";"1";"Scientific Literature";"J Med Chem";"1999";"None";"";"";""
"CHEMBL178904";"";"None";"303.80";"0";"2.51";"142";"Nc1nc(N)c2c(n1)CCC(CNc1cccc(Cl)c1)C2";"IC50";"'='";"78.0";"nM";"7.11";"";"";"UO_0000065";"23.40";"0.46";"4.60";"7.91";"0";"CHEMBL828662";"Inhibition of Toxoplasma gondii dihydrofolate reductase";"B";"BAO_0000357";"single protein format";"Toxoplasma gondii";"None";"None";"None";"None";"";"";"";"CHEMBL2425";"Dihydrofolate reductase";"Toxoplasma gondii";"SINGLE PROTEIN";"CHEMBL1145190";"1";"Scientific Literature";"J Med Chem";"2005";"None";"";"";""
"CHEMBL120826";"";"None";"295.39";"0";"1.81";"143";"Nc1nc(N)c2c(n1)CCC(CN1CCc3ccccc31)C2";"IC50";"'='";"27.0";"nM";"7.57";"";"";"UO_0000065";"25.62";"0.47";"5.76";"9.34";"1";"CHEMBL830839";"Inhibition of Toxoplasma gondii dihydrofolate reductase";"B";"BAO_0000357";"single protein format";"Toxoplasma gondii";"None";"None";"None";"None";"";"";"";"CHEMBL2425";"Dihydrofolate reductase";"Toxoplasma gondii";"SINGLE PROTEIN";"CHEMBL1145190";"1";"Scientific Literature";"J Med Chem";"2005";"None";"";"";""
"CHEMBL120821";"";"None";"397.48";"0";"1.91";"148";"C#CCN(CC1CCc2nc(N)nc(N)c2C1)c1cc(OC)c(OC)c(OC)c1";"IC50";"'='";"12.0";"nM";"7.92";"";"";"UO_0000065";"19.93";"0.37";"6.01";"7.28";"1";"CHEMBL828662";"Inhibition of Toxoplasma gondii dihydrofolate reductase";"B";"BAO_0000357";"single protein format";"Toxoplasma gondii";"None";"None";"None";"None";"";"";"";"CHEMBL2425";"Dihydrofolate reductase";"Toxoplasma gondii";"SINGLE PROTEIN";"CHEMBL1145190";"1";"Scientific Literature";"J Med Chem";"2005";"None";"";"";""
"CHEMBL115788";"";"None";"398.42";"0";"1.69";"3";"COc1cc(N(C=O)Cc2cnc3nc(N)nc(N)c3c2C)cc(OC)c1OC";"IC50";"'='";"13.0";"nM";"7.89";"";"";"UO_0000065";"19.79";"0.37";"6.20";"5.69";"1";"CHEMBL828662";"Inhibition of Toxoplasma gondii dihydrofolate reductase";"B";"BAO_0000357";"single protein format";"Toxoplasma gondii";"None";"None";"None";"None";"";"";"";"CHEMBL2425";"Dihydrofolate reductase";"Toxoplasma gondii";"SINGLE PROTEIN";"CHEMBL1145190";"1";"Scientific Literature";"J Med Chem";"2005";"None";"";"";""
"CHEMBL142081";"";"None";"299.36";"0";"2.35";"150";"COc1ccccc1Sc1ccc2nc(N)nc(N)c2n1";"IC50";"'='";"57.94";"nM";"7.24";"";"";"UO_0000065";"24.17";"0.47";"4.89";"7.24";"0";"CHEMBL830839";"Inhibition of Toxoplasma gondii dihydrofolate reductase";"B";"BAO_0000357";"single protein format";"Toxoplasma gondii";"None";"None";"None";"None";"";"";"";"CHEMBL2425";"Dihydrofolate reductase";"Toxoplasma gondii";"SINGLE PROTEIN";"CHEMBL1145190";"1";"Scientific Literature";"J Med Chem";"2005";"None";"";"";""
"CHEMBL123122";"";"None";"373.46";"0";"1.91";"132";"COc1cc(N(C)CC2CCc3nc(N)nc(N)c3C2)cc(OC)c1OC";"IC50";"'='";"7.0";"nM";"8.15";"";"";"UO_0000065";"21.84";"0.41";"6.24";"7.50";"1";"CHEMBL828662";"Inhibition of Toxoplasma gondii dihydrofolate reductase";"B";"BAO_0000357";"single protein format";"Toxoplasma gondii";"None";"None";"None";"None";"";"";"";"CHEMBL2425";"Dihydrofolate reductase";"Toxoplasma gondii";"SINGLE PROTEIN";"CHEMBL1145190";"1";"Scientific Literature";"J Med Chem";"2005";"None";"";"";""
"CHEMBL444587";"";"None";"502.41";"2";"5.24";"10m";"CCc1nc(N)nc(N)c1-c1ccc(Cl)c(/N=N/N(CCOC(C)=O)Cc2ccc(Cl)cc2)c1";"IC50";"'='";"800.0";"nM";"6.10";"";"";"UO_0000065";"12.14";"0.24";"0.86";"4.62";"0";"CHEMBL664922";"Inhibitory activity against dihydrofolate reductase DHFR in Toxoplasma gondii.";"B";"BAO_0000357";"single protein format";"Toxoplasma gondii";"None";"None";"None";"None";"";"";"";"CHEMBL2425";"Dihydrofolate reductase";"Toxoplasma gondii";"SINGLE PROTEIN";"CHEMBL1134547";"1";"Scientific Literature";"J Med Chem";"2001";"None";"";"";""
"CHEMBL288647";"";"None";"380.40";"0";"2.52";"8";"COc1ccc(OCc2cccc(C(=O)O)c2)cc1Cc1cnc(N)nc1N";"IC50";"'='";"600.0";"nM";"6.22";"";"";"UO_0000065";"16.36";"0.30";"3.70";"4.66";"0";"CHEMBL664919";"Inhibitory activity against Dihydrohydrofolate reductase(DHFR) of Toxoplasma gondii";"B";"BAO_0000357";"single protein format";"Toxoplasma gondii";"None";"None";"None";"None";"";"";"";"CHEMBL2425";"Dihydrofolate reductase";"Toxoplasma gondii";"SINGLE PROTEIN";"CHEMBL1136782";"1";"Scientific Literature";"J Med Chem";"2003";"None";"";"";""
"CHEMBL48189";"";"None";"267.30";"0";"1.14";"45";"Cc1cccc(-c2nc3c(N)nc(N)nc3nc2N)c1";"IC50";"'='";"18.0";"nM";"7.75";"";"";"UO_0000065";"28.97";"0.53";"6.60";"5.97";"0";"CHEMBL664919";"Inhibitory activity against Dihydrohydrofolate reductase(DHFR) of Toxoplasma gondii";"B";"BAO_0000357";"single protein format";"Toxoplasma gondii";"None";"None";"None";"None";"";"";"";"CHEMBL2425";"Dihydrofolate reductase";"Toxoplasma gondii";"SINGLE PROTEIN";"CHEMBL1136782";"1";"Scientific Literature";"J Med Chem";"2003";"None";"";"";""
"CHEMBL7063";"";"None";"344.42";"0";"2.01";"5l";"COc1cc(CC2CCc3nc(N)nc(N)c3C2)cc(OC)c1OC";"IC50";"'='";"24.0";"nM";"7.62";"";"";"UO_0000065";"22.12";"0.42";"5.61";"7.22";"0";"CHEMBL665602";"The ability to inhibit Toxoplasma gondii Dihydrofolate reductase was tested";"B";"BAO_0000357";"single protein format";"Toxoplasma gondii";"None";"None";"None";"None";"";"";"";"CHEMBL2425";"Dihydrofolate reductase";"Toxoplasma gondii";"SINGLE PROTEIN";"CHEMBL1132605";"1";"Scientific Literature";"J Med Chem";"1999";"None";"";"";""
"CHEMBL278261";"";"None";"318.38";"0";"2.91";"4";"CN(Cc1c[nH]c2nc(N)nc(N)c12)c1cccc2ccccc12";"IC50";"'='";"870.0";"nM";"6.06";"";"";"UO_0000065";"19.04";"0.34";"3.15";"6.26";"0";"CHEMBL664913";"Inhibition against Dihydrofolate reductase in Toxoplasma gondii";"B";"BAO_0000357";"single protein format";"Toxoplasma gondii";"None";"None";"None";"None";"";"";"";"CHEMBL2425";"Dihydrofolate reductase";"Toxoplasma gondii";"SINGLE PROTEIN";"CHEMBL1129990";"1";"Scientific Literature";"J Med Chem";"1997";"None";"";"";""
"CHEMBL267616";"";"None";"314.39";"0";"2.01";"5k";"COc1ccc(CC2CCc3nc(N)nc(N)c3C2)cc1OC";"IC50";"'='";"23.0";"nM";"7.64";"";"";"UO_0000065";"24.30";"0.45";"5.63";"7.93";"0";"CHEMBL665602";"The ability to inhibit Toxoplasma gondii Dihydrofolate reductase was tested";"B";"BAO_0000357";"single protein format";"Toxoplasma gondii";"None";"None";"None";"None";"";"";"";"CHEMBL2425";"Dihydrofolate reductase";"Toxoplasma gondii";"SINGLE PROTEIN";"CHEMBL1132605";"1";"Scientific Literature";"J Med Chem";"1999";"None";"";"";""
"CHEMBL124256";"";"None";"515.57";"1";"3.20";"3b";"Cc1nc(N)nc2c1c(CCc1ccc(C(=O)N[C@@H](CCC(=O)O)C(=O)O)cc1)cn2Cc1ccccc1";"IC50";"'>'";"19000.0";"nM";"";"";"";"UO_0000065";"";"";"";"";"0";"CHEMBL665599";"Inhibitory concentration against isolated Toxoplasma gondii DHFR (dihydrofolate reductase)";"B";"BAO_0000357";"single protein format";"Toxoplasma gondii";"None";"None";"None";"None";"";"";"";"CHEMBL2425";"Dihydrofolate reductase";"Toxoplasma gondii";"SINGLE PROTEIN";"CHEMBL1133086";"1";"Scientific Literature";"J Med Chem";"2000";"None";"";"";""
"CHEMBL281803";"";"None";"354.41";"0";"2.15";"3c";"COc1ccc(OC)c(N(C)Cc2cnc3nc(N)nc(N)c3c2C)c1";"IC50";"'='";"30.1";"nM";"7.52";"";"";"UO_0000065";"21.22";"0.40";"5.37";"6.69";"1";"CHEMBL665700";"Inhibition of dihydrofolate reductase (DHFR) from Toxoplasma gondii(tg)";"B";"BAO_0000357";"single protein format";"Toxoplasma gondii";"None";"None";"None";"None";"";"";"";"CHEMBL2425";"Dihydrofolate reductase";"Toxoplasma gondii";"SINGLE PROTEIN";"CHEMBL1132261";"1";"Scientific Literature";"J Med Chem";"1999";"None";"";"";""
"CHEMBL23153";"";"None";"338.20";"0";"3.33";"14";"CN(Cc1coc2nc(N)nc(N)c12)c1ccc(Cl)c(Cl)c1";"IC50";"'>'";"27000.0";"nM";"";"";"";"UO_0000065";"";"";"";"";"0";"CHEMBL664908";"Inhibitory activity against dihydrofolate reductase from Toxoplasma gondii";"B";"BAO_0000357";"single protein format";"Toxoplasma gondii";"None";"None";"None";"None";"";"";"";"CHEMBL2425";"Dihydrofolate reductase";"Toxoplasma gondii";"SINGLE PROTEIN";"CHEMBL1131327";"1";"Scientific Literature";"J Med Chem";"1998";"None";"";"";""
"CHEMBL278515";"";"None";"442.43";"0";"1.07";"2";"CN(Cc1coc2nc(N)nc(N)c12)c1ccc(C(=O)NC(CCC(=O)O)C(=O)O)cc1";"IC50";"'='";"19800.0";"nM";"4.70";"";"";"UO_0000065";"10.63";"0.20";"3.63";"2.38";"0";"CHEMBL665600";"Inhibitory concentration for DHFR in Toxoplasma gondii";"B";"BAO_0000357";"single protein format";"Toxoplasma gondii";"None";"None";"None";"None";"";"";"";"CHEMBL2425";"Dihydrofolate reductase";"Toxoplasma gondii";"SINGLE PROTEIN";"CHEMBL1127819";"1";"Scientific Literature";"J Med Chem";"1994";"None";"";"";""
"CHEMBL34337";"";"None";"294.36";"0";"1.87";"28";"CN(CCc1ccccc1)c1cnc2nc(N)nc(N)c2c1";"IC50";"'='";"920.0";"nM";"6.04";"";"";"UO_0000065";"20.51";"0.37";"4.17";"6.42";"0";"CHEMBL665616";"Inhibitory activity against Toxoplasma gondii dihydrofolate reductase (in 90 uM dihydrofolic acid)";"B";"BAO_0000357";"single protein format";"Toxoplasma gondii";"None";"None";"None";"None";"";"";"";"CHEMBL2425";"Dihydrofolate reductase";"Toxoplasma gondii";"SINGLE PROTEIN";"CHEMBL1129539";"1";"Scientific Literature";"J Med Chem";"1996";"None";"";"";""
"CHEMBL121868";"";"None";"343.43";"0";"1.90";"5";"COc1ccc(OC)c(N(C)CC2CCc3nc(N)nc(N)c3C2)c1";"IC50";"'='";"15.0";"nM";"7.82";"";"";"UO_0000065";"22.78";"0.43";"5.92";"7.86";"0";"CHEMBL665605";"Inhibitory activity against purified Dihydrofolate reductase from Toxoplasma gondii.";"B";"BAO_0000357";"single protein format";"Toxoplasma gondii";"None";"None";"None";"None";"";"";"";"CHEMBL2425";"Dihydrofolate reductase";"Toxoplasma gondii";"SINGLE PROTEIN";"CHEMBL1128550";"1";"Scientific Literature";"J Med Chem";"1995";"None";"";"";""
"CHEMBL52698";"";"None";"383.67";"0";"3.79";"31";"CN(Cc1ccc2nc(N)nc(N)c2n1)c1cc(Cl)c(Cl)c(Cl)c1";"IC50";"'='";"38.0";"nM";"7.42";"";"";"UO_0000065";"19.34";"0.42";"3.63";"7.90";"0";"CHEMBL665702";"Inhibitory activity against Toxoplasma gondii dihydrofolate reductase.";"B";"BAO_0000357";"single protein format";"Toxoplasma gondii";"None";"None";"None";"None";"";"";"";"CHEMBL2425";"Dihydrofolate reductase";"Toxoplasma gondii";"SINGLE PROTEIN";"CHEMBL1129583";"1";"Scientific Literature";"J Med Chem";"1996";"None";"";"";""
"CHEMBL24344";"";"None";"311.41";"0";"3.10";"13e";"Cc1ccc(SCc2cnc3nc(N)nc(N)c3c2C)cc1";"IC50";"'='";"57.0";"nM";"7.24";"";"";"UO_0000065";"23.26";"0.45";"4.14";"7.99";"0";"CHEMBL665590";"Inhibitory activity against Toxoplasma gondii dihydrofolate reductase";"B";"BAO_0000357";"single protein format";"Toxoplasma gondii";"None";"None";"None";"None";"";"";"";"CHEMBL2425";"Dihydrofolate reductase";"Toxoplasma gondii";"SINGLE PROTEIN";"CHEMBL1129525";"1";"Scientific Literature";"J Med Chem";"1996";"None";"";"";""
"CHEMBL22";"TRIMETHOPRIM";"4.0";"290.32";"0";"1.26";"TMP";"COc1cc(Cc2cnc(N)nc2N)cc(OC)c1OC";"IC50";"'='";"2730.0";"nM";"5.56";"";"";"UO_0000065";"19.16";"0.36";"4.30";"5.27";"0";"CHEMBL665590";"Inhibitory activity against Toxoplasma gondii dihydrofolate reductase";"B";"BAO_0000357";"single protein format";"Toxoplasma gondii";"None";"None";"None";"None";"";"";"";"CHEMBL2425";"Dihydrofolate reductase";"Toxoplasma gondii";"SINGLE PROTEIN";"CHEMBL1129525";"1";"Scientific Literature";"J Med Chem";"1996";"None";"";"";""
"CHEMBL23584";"";"None";"347.45";"0";"3.94";"13c";"Cc1c(CSc2cccc3ccccc23)cnc2nc(N)nc(N)c12";"IC50";"'='";"30.0";"nM";"7.52";"";"";"UO_0000065";"21.65";"0.41";"3.58";"8.29";"0";"CHEMBL665590";"Inhibitory activity against Toxoplasma gondii dihydrofolate reductase";"B";"BAO_0000357";"single protein format";"Toxoplasma gondii";"None";"None";"None";"None";"";"";"";"CHEMBL2425";"Dihydrofolate reductase";"Toxoplasma gondii";"SINGLE PROTEIN";"CHEMBL1129525";"1";"Scientific Literature";"J Med Chem";"1996";"None";"";"";""
"CHEMBL7492";"PIRITREXIM";"2.0";"325.37";"0";"2.11";"PTX";"COc1ccc(OC)c(Cc2cnc3nc(N)nc(N)c3c2C)c1";"IC50";"'='";"11.0";"nM";"7.96";"";"";"UO_0000065";"24.46";"0.45";"5.85";"7.29";"1";"CHEMBL665700";"Inhibition of dihydrofolate reductase (DHFR) from Toxoplasma gondii(tg)";"B";"BAO_0000357";"single protein format";"Toxoplasma gondii";"None";"None";"None";"None";"";"";"";"CHEMBL2425";"Dihydrofolate reductase";"Toxoplasma gondii";"SINGLE PROTEIN";"CHEMBL1132261";"1";"Scientific Literature";"J Med Chem";"1999";"None";"";"";""
"CHEMBL7492";"PIRITREXIM";"2.0";"325.37";"0";"2.11";"PTX";"COc1ccc(OC)c(Cc2cnc3nc(N)nc(N)c3c2C)c1";"IC50";"'='";"17.0";"nM";"7.77";"";"";"UO_0000065";"23.88";"0.44";"5.66";"7.12";"1";"CHEMBL664911";"Inhibition of Toxoplasma gondii dihydrofolate reductase";"B";"BAO_0000357";"single protein format";"Toxoplasma gondii";"None";"None";"None";"None";"";"";"";"CHEMBL2425";"Dihydrofolate reductase";"Toxoplasma gondii";"SINGLE PROTEIN";"CHEMBL1130150";"1";"Scientific Literature";"J Med Chem";"1997";"None";"";"";""
"CHEMBL145068";"";"None";"325.37";"0";"1.99";"10";"COc1ccc(CCc2cnc3nc(N)nc(N)c3c2)cc1OC";"IC50";"'='";"200.0";"nM";"6.70";"";"";"UO_0000065";"20.59";"0.38";"4.71";"6.14";"0";"CHEMBL665591";"Inhibitory concentration against Dihydrofolate reductase from Toxoplasma gondii (tg)";"B";"BAO_0000357";"single protein format";"Toxoplasma gondii";"None";"None";"None";"None";"";"";"";"CHEMBL2425";"Dihydrofolate reductase";"Toxoplasma gondii";"SINGLE PROTEIN";"CHEMBL1129937";"1";"Scientific Literature";"J Med Chem";"1997";"None";"";"";""
"CHEMBL492896";"";"None";"357.46";"0";"4.36";"11";"CCCN(Cc1ccc2ccccc2c1)c1ccc2nc(N)nc(N)c2c1";"IC50";"'='";"19.0";"nM";"7.72";"";"";"UO_0000065";"21.60";"0.39";"3.36";"9.53";"0";"CHEMBL1027390";"Inhibition of Toxoplasma gondii dihydrofolate reductase";"B";"BAO_0000357";"single protein format";"Toxoplasma gondii";"None";"None";"None";"None";"";"";"";"CHEMBL2425";"Dihydrofolate reductase";"Toxoplasma gondii";"SINGLE PROTEIN";"CHEMBL1140088";"1";"Scientific Literature";"J Med Chem";"2008";"None";"";"";""
"CHEMBL325434";"";"None";"339.40";"0";"2.45";"4";"COc1ccc(OC)c(CN(C)c2ccc3nc(N)nc(N)c3c2)c1";"IC50";"'='";"30.0";"nM";"7.52";"";"";"UO_0000065";"22.17";"0.41";"5.07";"7.56";"1";"CHEMBL1027390";"Inhibition of Toxoplasma gondii dihydrofolate reductase";"B";"BAO_0000357";"single protein format";"Toxoplasma gondii";"None";"None";"None";"None";"";"";"";"CHEMBL2425";"Dihydrofolate reductase";"Toxoplasma gondii";"SINGLE PROTEIN";"CHEMBL1140088";"1";"Scientific Literature";"J Med Chem";"2008";"None";"";"";""
"CHEMBL61708";"";"None";"428.41";"1";"0.91";"6";"Nc1nc(O)c2c(CNc3ccc(C(=O)N[C@@H](CCC(=O)O)C(=O)O)cc3)c[nH]c2n1";"IC50";"'='";"8000.0";"nM";"5.10";"";"";"UO_0000065";"11.90";"0.22";"4.19";"2.50";"0";"CHEMBL664920";"Inhibitory activity against Toxoplasma gondii dihydrofolate reductase";"B";"BAO_0000357";"single protein format";"Toxoplasma gondii";"None";"None";"None";"None";"";"";"";"CHEMBL2425";"Dihydrofolate reductase";"Toxoplasma gondii";"SINGLE PROTEIN";"CHEMBL1134503";"1";"Scientific Literature";"J Med Chem";"2001";"None";"";"";""
"CHEMBL1738740";"";"None";"507.53";"1";"2.61";"7";"Nc1nc2sc3cccc(CNc4ccc5c(c4)CN([C@@H](CCC(=O)O)C(=O)O)C5=O)c3c2c(=O)[nH]1";"IC50";"'='";"170.0";"nM";"6.77";"";"";"UO_0000065";"13.34";"0.26";"4.16";"3.79";"0";"CHEMBL1819661";"Inhibition of Toxoplasma gondii TS assessed as oxidation of tetrahydrofolate to dihydrofolate after 2 to 12 mins by spectrophotometry";"B";"BAO_0000357";"single protein format";"Toxoplasma gondii";"None";"None";"None";"None";"";"";"";"CHEMBL2425";"Dihydrofolate reductase";"Toxoplasma gondii";"SINGLE PROTEIN";"CHEMBL1817595";"1";"Scientific Literature";"Bioorg Med Chem";"2011";"None";"";"";""
"CHEMBL7492";"PIRITREXIM";"2.0";"325.37";"0";"2.11";"5";"COc1ccc(OC)c(Cc2cnc3nc(N)nc(N)c3c2C)c1";"IC50";"'='";"4.3";"nM";"8.37";"";"";"UO_0000065";"25.71";"0.48";"6.26";"7.66";"1";"CHEMBL827820";"Inhibitory concentration against Toxoplasma gondii DHFR";"B";"BAO_0000357";"single protein format";"Toxoplasma gondii";"None";"None";"None";"None";"";"";"";"CHEMBL2425";"Dihydrofolate reductase";"Toxoplasma gondii";"SINGLE PROTEIN";"CHEMBL1145152";"1";"Scientific Literature";"J Med Chem";"2005";"None";"";"";""
"CHEMBL189952";"";"None";"397.44";"0";"2.34";"6";"COc1ccc(OCCCC(=O)O)cc1Cc1cnc2nc(N)nc(N)c2c1C";"IC50";"'='";"1.9";"nM";"8.72";"";"";"UO_0000065";"21.94";"0.41";"6.38";"5.95";"0";"CHEMBL827820";"Inhibitory concentration against Toxoplasma gondii DHFR";"B";"BAO_0000357";"single protein format";"Toxoplasma gondii";"None";"None";"None";"None";"";"";"";"CHEMBL2425";"Dihydrofolate reductase";"Toxoplasma gondii";"SINGLE PROTEIN";"CHEMBL1145152";"1";"Scientific Literature";"J Med Chem";"2005";"None";"";"";""
"CHEMBL145528";"";"None";"295.35";"0";"1.98";"31";"COc1ccc(CCc2cnc3nc(N)nc(N)c3c2)cc1";"IC50";"'='";"250.0";"nM";"6.60";"";"";"UO_0000065";"22.35";"0.41";"4.62";"6.61";"1";"CHEMBL828662";"Inhibition of Toxoplasma gondii dihydrofolate reductase";"B";"BAO_0000357";"single protein format";"Toxoplasma gondii";"None";"None";"None";"None";"";"";"";"CHEMBL2425";"Dihydrofolate reductase";"Toxoplasma gondii";"SINGLE PROTEIN";"CHEMBL1145190";"1";"Scientific Literature";"J Med Chem";"2005";"None";"";"";""
"CHEMBL169896";"OSI-7904";"2.0";"500.51";"1";"3.27";"2, OSI-7904, BW1843, PDB: 1SYN";"Cc1nc2ccc3ccc(CNc4ccc5c(c4)CN([C@@H](CCC(=O)O)C(=O)O)C5=O)cc3c2c(=O)[nH]1";"IC50";"'='";"27.0";"nM";"7.57";"";"";"UO_0000065";"15.12";"0.28";"4.30";"4.96";"0";"CHEMBL1819661";"Inhibition of Toxoplasma gondii TS assessed as oxidation of tetrahydrofolate to dihydrofolate after 2 to 12 mins by spectrophotometry";"B";"BAO_0000357";"single protein format";"Toxoplasma gondii";"None";"None";"None";"None";"";"";"";"CHEMBL2425";"Dihydrofolate reductase";"Toxoplasma gondii";"SINGLE PROTEIN";"CHEMBL1817595";"1";"Scientific Literature";"Bioorg Med Chem";"2011";"None";"";"";""
"CHEMBL225180";"";"None";"445.46";"1";"1.34";"3";"Cc1[nH]c2nc(N)[nH]c(=O)c2c1Sc1ccc(C(=O)N[C@@H](CCC(=O)O)C(=O)O)cc1";"IC50";"'='";"230.0";"nM";"6.64";"";"";"UO_0000065";"14.90";"0.29";"5.30";"3.47";"0";"CHEMBL1819664";"Inhibition of Toxoplasma gondii DHFR by spectrophotometry";"B";"BAO_0000357";"single protein format";"Toxoplasma gondii";"None";"None";"None";"None";"";"";"";"CHEMBL2425";"Dihydrofolate reductase";"Toxoplasma gondii";"SINGLE PROTEIN";"CHEMBL1817595";"1";"Scientific Literature";"Bioorg Med Chem";"2011";"None";"";"";""
"CHEMBL1818548";"";"None";"494.53";"0";"3.11";"4";"Cc1nc2sc3cccc(CNc4ccc(C(=O)N[C@@H](CCC(=O)O)C(=O)O)cc4)c3c2c(=O)[nH]1";"IC50";"'='";"1400.0";"nM";"5.85";"";"";"UO_0000065";"11.84";"0.23";"2.74";"3.63";"0";"CHEMBL1819664";"Inhibition of Toxoplasma gondii DHFR by spectrophotometry";"B";"BAO_0000357";"single protein format";"Toxoplasma gondii";"None";"None";"None";"None";"";"";"";"CHEMBL2425";"Dihydrofolate reductase";"Toxoplasma gondii";"SINGLE PROTEIN";"CHEMBL1817595";"1";"Scientific Literature";"Bioorg Med Chem";"2011";"None";"";"";""
"CHEMBL34259";"METHOTREXATE";"4.0";"454.45";"0";"0.27";"MTX";"CN(Cc1cnc2nc(N)nc(N)c2n1)c1ccc(C(=O)N[C@@H](CCC(=O)O)C(=O)O)cc1";"IC50";"'='";"22.0";"nM";"7.66";"";"";"UO_0000065";"16.85";"0.32";"7.39";"3.64";"1";"CHEMBL1819664";"Inhibition of Toxoplasma gondii DHFR by spectrophotometry";"B";"BAO_0000357";"single protein format";"Toxoplasma gondii";"None";"None";"None";"None";"";"";"";"CHEMBL2425";"Dihydrofolate reductase";"Toxoplasma gondii";"SINGLE PROTEIN";"CHEMBL1817595";"1";"Scientific Literature";"Bioorg Med Chem";"2011";"None";"";"";""
"CHEMBL7779";"";"None";"268.36";"0";"2.30";"5c";"Cc1cccc(CC2CCc3nc(N)nc(N)c3C2)c1";"IC50";"'='";"36.0";"nM";"7.44";"";"";"UO_0000065";"27.74";"0.51";"5.14";"9.57";"0";"CHEMBL665602";"The ability to inhibit Toxoplasma gondii Dihydrofolate reductase was tested";"B";"BAO_0000357";"single protein format";"Toxoplasma gondii";"None";"None";"None";"None";"";"";"";"CHEMBL2425";"Dihydrofolate reductase";"Toxoplasma gondii";"SINGLE PROTEIN";"CHEMBL1132605";"1";"Scientific Literature";"J Med Chem";"1999";"None";"";"";""
"CHEMBL32220";"";"None";"346.39";"0";"2.96";"24";"COc1ccc(CNc2cnc3nc(N)nc(N)c3c2)c2ccccc12";"IC50";"'='";"380.0";"nM";"6.42";"";"";"UO_0000065";"18.53";"0.34";"3.46";"5.73";"0";"CHEMBL665616";"Inhibitory activity against Toxoplasma gondii dihydrofolate reductase (in 90 uM dihydrofolic acid)";"B";"BAO_0000357";"single protein format";"Toxoplasma gondii";"None";"None";"None";"None";"";"";"";"CHEMBL2425";"Dihydrofolate reductase";"Toxoplasma gondii";"SINGLE PROTEIN";"CHEMBL1129539";"1";"Scientific Literature";"J Med Chem";"1996";"None";"";"";""
"CHEMBL141585";"";"None";"312.33";"0";"1.95";"15";"COc1ccc(Nc2ccc3nc(N)nc(N)c3n2)cc1OC";"IC50";"'='";"680.0";"nM";"6.17";"";"";"UO_0000065";"19.75";"0.37";"4.22";"5.09";"0";"CHEMBL661507";"Inhibitory activity against dihydrofolate reductase (DHFR) from Toxoplasma gondii";"B";"BAO_0000357";"single protein format";"Toxoplasma gondii";"None";"None";"None";"None";"";"";"";"CHEMBL2425";"Dihydrofolate reductase";"Toxoplasma gondii";"SINGLE PROTEIN";"CHEMBL1131172";"1";"Scientific Literature";"J Med Chem";"1998";"None";"";"";""
"CHEMBL142624";"";"None";"355.40";"0";"2.00";"9";"COc1cc(CCc2cnc3nc(N)nc(N)c3c2)cc(OC)c1OC";"IC50";"'='";"200.0";"nM";"6.70";"";"";"UO_0000065";"18.85";"0.35";"4.70";"5.66";"0";"CHEMBL665591";"Inhibitory concentration against Dihydrofolate reductase from Toxoplasma gondii (tg)";"B";"BAO_0000357";"single protein format";"Toxoplasma gondii";"None";"None";"None";"None";"";"";"";"CHEMBL2425";"Dihydrofolate reductase";"Toxoplasma gondii";"SINGLE PROTEIN";"CHEMBL1129937";"1";"Scientific Literature";"J Med Chem";"1997";"None";"";"";""
"CHEMBL431257";"";"None";"316.32";"0";"1.21";"3";"COc1cc(-c2nc3c(N)nc(N)nc3[nH]2)cc(OC)c1OC";"IC50";"'='";"2200.0";"nM";"5.66";"";"";"UO_0000065";"17.89";"0.34";"4.45";"4.22";"0";"CHEMBL664911";"Inhibition of Toxoplasma gondii dihydrofolate reductase";"B";"BAO_0000357";"single protein format";"Toxoplasma gondii";"None";"None";"None";"None";"";"";"";"CHEMBL2425";"Dihydrofolate reductase";"Toxoplasma gondii";"SINGLE PROTEIN";"CHEMBL1130150";"1";"Scientific Literature";"J Med Chem";"1997";"None";"";"";""
"CHEMBL140597";"";"None";"361.38";"0";"1.04";"9";"COc1ccc(S(=O)(=O)c2ccc3nc(N)nc(N)c3n2)cc1OC";"IC50";"'='";"940.0";"nM";"6.03";"";"";"UO_0000065";"16.68";"0.33";"4.99";"4.21";"0";"CHEMBL661507";"Inhibitory activity against dihydrofolate reductase (DHFR) from Toxoplasma gondii";"B";"BAO_0000357";"single protein format";"Toxoplasma gondii";"None";"None";"None";"None";"";"";"";"CHEMBL2425";"Dihydrofolate reductase";"Toxoplasma gondii";"SINGLE PROTEIN";"CHEMBL1131172";"1";"Scientific Literature";"J Med Chem";"1998";"None";"";"";""
"CHEMBL55656";"";"None";"333.42";"0";"3.63";"34";"Nc1nc(N)c2nc(CSc3cccc4ccccc34)ccc2n1";"IC50";"'='";"49.0";"nM";"7.31";"";"";"UO_0000065";"21.92";"0.42";"3.68";"8.06";"0";"CHEMBL665702";"Inhibitory activity against Toxoplasma gondii dihydrofolate reductase.";"B";"BAO_0000357";"single protein format";"Toxoplasma gondii";"None";"None";"None";"None";"";"";"";"CHEMBL2425";"Dihydrofolate reductase";"Toxoplasma gondii";"SINGLE PROTEIN";"CHEMBL1129583";"1";"Scientific Literature";"J Med Chem";"1996";"None";"";"";""
"CHEMBL7492";"PIRITREXIM";"2.0";"325.37";"0";"2.11";"4";"COc1ccc(OC)c(Cc2cnc3nc(N)nc(N)c3c2C)c1";"IC50";"'='";"17.0";"nM";"7.77";"";"";"UO_0000065";"23.88";"0.44";"5.66";"7.12";"1";"CHEMBL665589";"Inhibitory activity against Toxoplasma gondii Dihydrofolate reductase";"B";"BAO_0000357";"single protein format";"Toxoplasma gondii";"None";"None";"None";"None";"";"";"";"CHEMBL2425";"Dihydrofolate reductase";"Toxoplasma gondii";"SINGLE PROTEIN";"CHEMBL1128249";"1";"Scientific Literature";"J Med Chem";"1995";"None";"";"";""
"CHEMBL7488";"";"None";"359.43";"0";"1.88";"1";"COc1cc(NCC2CCc3nc(N)nc(N)c3C2)cc(OC)c1OC";"IC50";"'='";"54.0";"nM";"7.27";"";"";"UO_0000065";"20.22";"0.38";"5.39";"6.18";"0";"CHEMBL665604";"Inhibitory activity against purified DHFR (Dihydrofolate reductase) from Toxoplasma gondii.";"B";"BAO_0000357";"single protein format";"Toxoplasma gondii";"None";"None";"None";"None";"";"";"";"CHEMBL2425";"Dihydrofolate reductase";"Toxoplasma gondii";"SINGLE PROTEIN";"CHEMBL1128550";"1";"Scientific Literature";"J Med Chem";"1995";"None";"";"";""
"CHEMBL281803";"";"None";"354.41";"0";"2.15";"3a";"COc1ccc(OC)c(N(C)Cc2cnc3nc(N)nc(N)c3c2C)c1";"IC50";"'='";"30.1";"nM";"7.52";"";"";"UO_0000065";"21.22";"0.40";"5.37";"6.69";"0";"CHEMBL664916";"Inhibitory activity against Dihydrofolate reductase from Toxoplasma gondii";"B";"BAO_0000357";"single protein format";"Toxoplasma gondii";"None";"None";"None";"None";"";"";"";"CHEMBL2425";"Dihydrofolate reductase";"Toxoplasma gondii";"SINGLE PROTEIN";"CHEMBL1128680";"1";"Scientific Literature";"J Med Chem";"1995";"None";"";"";""
"CHEMBL55191";"";"None";"349.23";"0";"3.13";"24";"CN(Cc1ccc2nc(N)nc(N)c2n1)c1cc(Cl)ccc1Cl";"IC50";"'='";"25.0";"nM";"7.60";"";"";"UO_0000065";"21.77";"0.45";"4.47";"8.09";"0";"CHEMBL665702";"Inhibitory activity against Toxoplasma gondii dihydrofolate reductase.";"B";"BAO_0000357";"single protein format";"Toxoplasma gondii";"None";"None";"None";"None";"";"";"";"CHEMBL2425";"Dihydrofolate reductase";"Toxoplasma gondii";"SINGLE PROTEIN";"CHEMBL1129583";"1";"Scientific Literature";"J Med Chem";"1996";"None";"";"";""
"CHEMBL80066";"";"None";"314.78";"0";"2.76";"10";"Cc1c(CNc2cccc(Cl)c2)cnc2nc(N)nc(N)c12";"IC50";"'='";"11.0";"nM";"7.96";"";"";"UO_0000065";"25.28";"0.49";"5.20";"7.75";"0";"CHEMBL665700";"Inhibition of dihydrofolate reductase (DHFR) from Toxoplasma gondii(tg)";"B";"BAO_0000357";"single protein format";"Toxoplasma gondii";"None";"None";"None";"None";"";"";"";"CHEMBL2425";"Dihydrofolate reductase";"Toxoplasma gondii";"SINGLE PROTEIN";"CHEMBL1132261";"1";"Scientific Literature";"J Med Chem";"1999";"None";"";"";""
"CHEMBL162270";"";"None";"369.43";"0";"2.46";"9";"COc1cc(N(C)Cc2cccc3nc(N)nc(N)c23)cc(OC)c1OC";"IC50";"'>'";"20000.0";"nM";"";"";"";"UO_0000065";"";"";"";"";"0";"CHEMBL665589";"Inhibitory activity against Toxoplasma gondii Dihydrofolate reductase";"B";"BAO_0000357";"single protein format";"Toxoplasma gondii";"None";"None";"None";"None";"";"";"";"CHEMBL2425";"Dihydrofolate reductase";"Toxoplasma gondii";"SINGLE PROTEIN";"CHEMBL1128249";"1";"Scientific Literature";"J Med Chem";"1995";"None";"";"";""
"CHEMBL306731";"";"None";"294.31";"0";"2.15";"1a";"Nc1nc(N)c2cc(C(=O)OCc3ccccc3)ccc2n1";"Relative IC50";"'='";"1.2";"";"";"";"";"";"";"";"";"";"0";"CHEMBL665611";"Relative activity against dihydrofolate reductase DHFR from Toxoplasma gondii";"B";"BAO_0000357";"single protein format";"Toxoplasma gondii";"None";"None";"None";"None";"";"";"";"CHEMBL2425";"Dihydrofolate reductase";"Toxoplasma gondii";"SINGLE PROTEIN";"CHEMBL1134533";"1";"Scientific Literature";"J Med Chem";"2001";"None";"";"";""
"CHEMBL313680";"";"None";"518.02";"2";"5.74";"10u";"CCc1nc(N)nc(N)c1-c1ccc(Cl)c(/N=N/N(CCOC(C)=O)Cc2ccc3ccccc3c2)c1";"IC50";"'='";"1050.0";"nM";"5.98";"";"";"UO_0000065";"11.54";"0.22";"0.24";"4.53";"0";"CHEMBL664922";"Inhibitory activity against dihydrofolate reductase DHFR in Toxoplasma gondii.";"B";"BAO_0000357";"single protein format";"Toxoplasma gondii";"None";"None";"None";"None";"";"";"";"CHEMBL2425";"Dihydrofolate reductase";"Toxoplasma gondii";"SINGLE PROTEIN";"CHEMBL1134547";"1";"Scientific Literature";"J Med Chem";"2001";"None";"";"";""
"CHEMBL55179";"";"None";"356.39";"0";"1.83";"6";"COc1cc(NCc2ccc3nc(N)nc(N)c3n2)cc(OC)c1OC";"IC50";"'='";"82.0";"nM";"7.09";"";"";"UO_0000065";"19.88";"0.37";"5.26";"5.43";"0";"CHEMBL664909";"Concentration inhibiting Toxoplasma gondii dihydrofolate reductase";"B";"BAO_0000357";"single protein format";"Toxoplasma gondii";"None";"None";"None";"None";"";"";"";"CHEMBL2425";"Dihydrofolate reductase";"Toxoplasma gondii";"SINGLE PROTEIN";"CHEMBL1128717";"1";"Scientific Literature";"J Med Chem";"1995";"None";"";"";""
"CHEMBL34259";"METHOTREXATE";"4.0";"454.45";"0";"0.27";"Methotrexate";"CN(Cc1cnc2nc(N)nc(N)c2n1)c1ccc(C(=O)N[C@@H](CCC(=O)O)C(=O)O)cc1";"IC50";"'='";"33.0";"nM";"7.48";"";"";"UO_0000065";"16.46";"0.31";"7.21";"3.55";"0";"CHEMBL1034984";"Inhibition of Toxoplasma gondii DHFR";"B";"BAO_0000357";"single protein format";"Toxoplasma gondii";"None";"None";"None";"None";"";"";"";"CHEMBL2425";"Dihydrofolate reductase";"Toxoplasma gondii";"SINGLE PROTEIN";"CHEMBL1140135";"1";"Scientific Literature";"J Med Chem";"2008";"None";"";"";""
"CHEMBL492838";"";"None";"358.27";"0";"4.33";"9";"Cc1sc2nc(N)[nH]c(=O)c2c1Sc1ccc(Cl)c(Cl)c1";"IC50";"'='";"28.0";"nM";"7.55";"";"";"UO_0000065";"21.08";"0.49";"3.22";"10.52";"0";"CHEMBL1034984";"Inhibition of Toxoplasma gondii DHFR";"B";"BAO_0000357";"single protein format";"Toxoplasma gondii";"None";"None";"None";"None";"";"";"";"CHEMBL2425";"Dihydrofolate reductase";"Toxoplasma gondii";"SINGLE PROTEIN";"CHEMBL1140135";"1";"Scientific Literature";"J Med Chem";"2008";"None";"";"";""
"CHEMBL400485";"";"None";"341.22";"0";"3.60";"3";"Cc1[nH]c2nc(N)[nH]c(=O)c2c1Sc1ccc(Cl)c(Cl)c1";"IC50";"";"";"";"";"";"Not Determined";"";"";"";"";"";"0";"CHEMBL1034984";"Inhibition of Toxoplasma gondii DHFR";"B";"BAO_0000357";"single protein format";"Toxoplasma gondii";"None";"None";"None";"None";"";"";"";"CHEMBL2425";"Dihydrofolate reductase";"Toxoplasma gondii";"SINGLE PROTEIN";"CHEMBL1140135";"1";"Scientific Literature";"J Med Chem";"2008";"None";"";"";""
"CHEMBL492836";"";"None";"334.38";"0";"2.93";"7";"Cc1sc2nc(N)[nH]c(=O)c2c1Sc1ccc([N+](=O)[O-])cc1";"IC50";"'='";"56.0";"nM";"7.25";"";"";"UO_0000065";"21.69";"0.45";"4.32";"6.31";"0";"CHEMBL1034984";"Inhibition of Toxoplasma gondii DHFR";"B";"BAO_0000357";"single protein format";"Toxoplasma gondii";"None";"None";"None";"None";"";"";"";"CHEMBL2425";"Dihydrofolate reductase";"Toxoplasma gondii";"SINGLE PROTEIN";"CHEMBL1140135";"1";"Scientific Literature";"J Med Chem";"2008";"None";"";"";""
"CHEMBL302633";"";"None";"315.33";"0";"1.88";"7";"COc1ccc(OC)c(NCc2c[nH]c3nc(N)nc(O)c23)c1";"IC50";"'='";"2200.0";"nM";"5.66";"";"";"UO_0000065";"17.94";"0.34";"3.78";"4.78";"0";"CHEMBL664920";"Inhibitory activity against Toxoplasma gondii dihydrofolate reductase";"B";"BAO_0000357";"single protein format";"Toxoplasma gondii";"None";"None";"None";"None";"";"";"";"CHEMBL2425";"Dihydrofolate reductase";"Toxoplasma gondii";"SINGLE PROTEIN";"CHEMBL1134503";"1";"Scientific Literature";"J Med Chem";"2001";"None";"";"";""
"CHEMBL283518";"";"None";"340.39";"0";"2.13";"2d";"COc1ccc(NCc2cnc3nc(N)nc(N)c3c2C)cc1OC";"IC50";"'='";"8.8";"nM";"8.06";"";"";"UO_0000065";"23.67";"0.44";"5.93";"6.65";"0";"CHEMBL664916";"Inhibitory activity against Dihydrofolate reductase from Toxoplasma gondii";"B";"BAO_0000357";"single protein format";"Toxoplasma gondii";"None";"None";"None";"None";"";"";"";"CHEMBL2425";"Dihydrofolate reductase";"Toxoplasma gondii";"SINGLE PROTEIN";"CHEMBL1128680";"1";"Scientific Literature";"J Med Chem";"1995";"None";"";"";""
"CHEMBL49454";"";"None";"408.46";"0";"2.16";"4a";"C#CCN(Cc1cnc2nc(N)nc(N)c2c1C)c1cc(OC)c(OC)c(OC)c1";"IC50";"'='";"7.7";"nM";"8.11";"";"";"UO_0000065";"19.86";"0.37";"5.95";"6.67";"0";"CHEMBL664916";"Inhibitory activity against Dihydrofolate reductase from Toxoplasma gondii";"B";"BAO_0000357";"single protein format";"Toxoplasma gondii";"None";"None";"None";"None";"";"";"";"CHEMBL2425";"Dihydrofolate reductase";"Toxoplasma gondii";"SINGLE PROTEIN";"CHEMBL1128680";"1";"Scientific Literature";"J Med Chem";"1995";"None";"";"";""
"CHEMBL318601";"";"None";"295.13";"0";"2.49";"12";"Nc1nc(N)c2[nH]c(-c3c(Cl)cccc3Cl)nc2n1";"Inhibition";"'='";"6.0";"%";"";"";"";"UO_0000187";"";"";"";"";"0";"CHEMBL665609";"Percent inhibition against Toxoplasma gondii Dihydrofolate reductase";"B";"BAO_0000357";"single protein format";"Toxoplasma gondii";"None";"None";"None";"None";"";"";"";"CHEMBL2425";"Dihydrofolate reductase";"Toxoplasma gondii";"SINGLE PROTEIN";"CHEMBL1130150";"1";"Scientific Literature";"J Med Chem";"1997";"None";"";"";""
"CHEMBL284851";"";"None";"330.43";"0";"3.20";"3b";"CCCCCCOc1ccc(OC)c(Cc2cnc(N)nc2N)c1";"IC50";"'='";"9200.0";"nM";"5.04";"";"";"UO_0000065";"15.24";"0.29";"1.84";"5.23";"0";"CHEMBL662241";"Inhibition of partially purified dihydrofolate reductase (DHFR) from Toxoplasma gondii (Tg)";"B";"BAO_0000357";"single protein format";"Toxoplasma gondii";"None";"None";"None";"None";"";"";"";"CHEMBL2425";"Dihydrofolate reductase";"Toxoplasma gondii";"SINGLE PROTEIN";"CHEMBL1135399";"1";"Scientific Literature";"J Med Chem";"2002";"None";"";"";""
"CHEMBL1230421";"";"None";"338.21";"0";"-2.43";"TMP";"Cc1cn([C@@H]2O[C@H](COP(=O)(O)O)[C@@H](O)[C@H]2O)c(=O)[nH]c1=O";"IC50";"'='";"3400.0";"nM";"5.47";"";"";"UO_0000065";"16.17";"0.34";"7.90";"3.19";"0";"CHEMBL665599";"Inhibitory concentration against isolated Toxoplasma gondii DHFR (dihydrofolate reductase)";"B";"BAO_0000357";"single protein format";"Toxoplasma gondii";"None";"None";"None";"None";"";"";"";"CHEMBL2425";"Dihydrofolate reductase";"Toxoplasma gondii";"SINGLE PROTEIN";"CHEMBL1133086";"1";"Scientific Literature";"J Med Chem";"2000";"None";"";"";""
"CHEMBL292212";"";"None";"335.20";"0";"3.11";"74";"Nc1nc(N)c2nc(CNc3cc(Cl)ccc3Cl)ccc2n1";"IC50";"'='";"91.0";"nM";"7.04";"";"";"UO_0000065";"21.01";"0.44";"3.93";"6.85";"1";"CHEMBL828662";"Inhibition of Toxoplasma gondii dihydrofolate reductase";"B";"BAO_0000357";"single protein format";"Toxoplasma gondii";"None";"None";"None";"None";"";"";"";"CHEMBL2425";"Dihydrofolate reductase";"Toxoplasma gondii";"SINGLE PROTEIN";"CHEMBL1145190";"1";"Scientific Literature";"J Med Chem";"2005";"None";"";"";""
"CHEMBL79347";"";"None";"373.26";"0";"2.90";"115";"Cc1c(CN(C)c2ccc(Br)cc2)cnc2nc(N)nc(N)c12";"IC50";"'='";"29.99";"nM";"7.52";"";"";"UO_0000065";"20.15";"0.45";"4.62";"8.01";"0";"CHEMBL830839";"Inhibition of Toxoplasma gondii dihydrofolate reductase";"B";"BAO_0000357";"single protein format";"Toxoplasma gondii";"None";"None";"None";"None";"";"";"";"CHEMBL2425";"Dihydrofolate reductase";"Toxoplasma gondii";"SINGLE PROTEIN";"CHEMBL1145190";"1";"Scientific Literature";"J Med Chem";"2005";"None";"";"";""
"CHEMBL48296";"";"None";"314.35";"0";"2.92";"44";"Nc1nc(N)c2nc(-c3ccccc3)c(-c3ccccc3)nc2n1";"IC50";"'='";"240.0";"nM";"6.62";"";"";"UO_0000065";"21.06";"0.38";"3.70";"6.39";"0";"CHEMBL664919";"Inhibitory activity against Dihydrohydrofolate reductase(DHFR) of Toxoplasma gondii";"B";"BAO_0000357";"single protein format";"Toxoplasma gondii";"None";"None";"None";"None";"";"";"";"CHEMBL2425";"Dihydrofolate reductase";"Toxoplasma gondii";"SINGLE PROTEIN";"CHEMBL1136782";"1";"Scientific Literature";"J Med Chem";"2003";"None";"";"";""
"CHEMBL116200";"";"None";"325.37";"0";"2.42";"95";"COc1ccc(CNc2ccc3nc(N)nc(N)c3c2)c(OC)c1";"IC50";"'='";"169.82";"nM";"6.77";"";"";"UO_0000065";"20.81";"0.39";"4.35";"6.25";"0";"CHEMBL830839";"Inhibition of Toxoplasma gondii dihydrofolate reductase";"B";"BAO_0000357";"single protein format";"Toxoplasma gondii";"None";"None";"None";"None";"";"";"";"CHEMBL2425";"Dihydrofolate reductase";"Toxoplasma gondii";"SINGLE PROTEIN";"CHEMBL1145190";"1";"Scientific Literature";"J Med Chem";"2005";"None";"";"";""
"CHEMBL476945";"";"None";"349.46";"0";"4.55";"25";"CC(C)c1c(Sc2cccc3ccccc23)[nH]c2nc(N)nc(N)c12";"IC50";"'>'";"12000.0";"nM";"";"";"";"UO_0000065";"";"";"";"";"0";"CHEMBL983744";"Inhibition of Toxoplasma gondii thymidylate synthase";"B";"BAO_0000357";"single protein format";"Toxoplasma gondii";"None";"None";"None";"None";"";"";"";"CHEMBL2425";"Dihydrofolate reductase";"Toxoplasma gondii";"SINGLE PROTEIN";"CHEMBL1155823";"1";"Scientific Literature";"J Med Chem";"2008";"None";"";"";""
"CHEMBL476745";"";"None";"359.46";"0";"3.24";"16";"CCCc1c(Sc2ccc(OC)c(OC)c2)[nH]c2nc(N)nc(N)c12";"IC50";"'>'";"11000.0";"nM";"";"";"";"UO_0000065";"";"";"";"";"0";"CHEMBL983744";"Inhibition of Toxoplasma gondii thymidylate synthase";"B";"BAO_0000357";"single protein format";"Toxoplasma gondii";"None";"None";"None";"None";"";"";"";"CHEMBL2425";"Dihydrofolate reductase";"Toxoplasma gondii";"SINGLE PROTEIN";"CHEMBL1155823";"1";"Scientific Literature";"J Med Chem";"2008";"None";"";"";""
"CHEMBL476945";"";"None";"349.46";"0";"4.55";"25";"CC(C)c1c(Sc2cccc3ccccc23)[nH]c2nc(N)nc(N)c12";"IC50";"'='";"120.0";"nM";"6.92";"";"";"UO_0000065";"19.80";"0.38";"2.37";"7.39";"0";"CHEMBL983765";"Inhibition of Toxoplasma gondii dihydrofolate reductase";"B";"BAO_0000357";"single protein format";"Toxoplasma gondii";"None";"None";"None";"None";"";"";"";"CHEMBL2425";"Dihydrofolate reductase";"Toxoplasma gondii";"SINGLE PROTEIN";"CHEMBL1155823";"1";"Scientific Literature";"J Med Chem";"2008";"None";"";"";""
"CHEMBL476744";"";"None";"359.46";"0";"3.24";"15";"CCCc1c(Sc2cc(OC)ccc2OC)[nH]c2nc(N)nc(N)c12";"IC50";"'='";"1400.0";"nM";"5.85";"";"";"UO_0000065";"16.29";"0.32";"2.61";"5.22";"0";"CHEMBL983765";"Inhibition of Toxoplasma gondii dihydrofolate reductase";"B";"BAO_0000357";"single protein format";"Toxoplasma gondii";"None";"None";"None";"None";"";"";"";"CHEMBL2425";"Dihydrofolate reductase";"Toxoplasma gondii";"SINGLE PROTEIN";"CHEMBL1155823";"1";"Scientific Literature";"J Med Chem";"2008";"None";"";"";""
"CHEMBL516891";"";"None";"299.40";"0";"3.23";"13";"CCCc1c(Sc2ccccc2)[nH]c2nc(N)nc(N)c12";"Inhibition";"'='";"0.0";"%";"";"";"";"UO_0000187";"";"";"";"";"0";"CHEMBL983745";"Inhibition of Toxoplasma gondii thymidylate synthase at >1.4 uM";"B";"BAO_0000357";"single protein format";"Toxoplasma gondii";"None";"None";"None";"None";"";"";"";"CHEMBL2425";"Dihydrofolate reductase";"Toxoplasma gondii";"SINGLE PROTEIN";"CHEMBL1155823";"1";"Scientific Literature";"J Med Chem";"2008";"None";"";"";""
"CHEMBL478192";"";"None";"327.46";"0";"4.01";"20";"Cc1cccc(C)c1Sc1[nH]c2nc(N)nc(N)c2c1C(C)C";"Inhibition";"'='";"0.0";"%";"";"";"";"UO_0000187";"";"";"";"";"0";"CHEMBL983746";"Inhibition of Toxoplasma gondii thymidylate synthase at >13 uM";"B";"BAO_0000357";"single protein format";"Toxoplasma gondii";"None";"None";"None";"None";"";"";"";"CHEMBL2425";"Dihydrofolate reductase";"Toxoplasma gondii";"SINGLE PROTEIN";"CHEMBL1155823";"1";"Scientific Literature";"J Med Chem";"2008";"None";"";"";""
"CHEMBL476945";"";"None";"349.46";"0";"4.55";"25";"CC(C)c1c(Sc2cccc3ccccc23)[nH]c2nc(N)nc(N)c12";"Inhibition";"'='";"0.0";"%";"";"";"";"UO_0000187";"";"";"";"";"0";"CHEMBL983749";"Inhibition of Toxoplasma gondii thymidylate synthase at >12 uM";"B";"BAO_0000357";"single protein format";"Toxoplasma gondii";"None";"None";"None";"None";"";"";"";"CHEMBL2425";"Dihydrofolate reductase";"Toxoplasma gondii";"SINGLE PROTEIN";"CHEMBL1155823";"1";"Scientific Literature";"J Med Chem";"2008";"None";"";"";""
"CHEMBL66077";"";"None";"226.24";"0";"1.18";"2";"Nc1nc(N)c2[nH]c(-c3ccccc3)nc2n1";"IC50";"'='";"28000.0";"nM";"4.55";"";"";"UO_0000065";"20.12";"0.37";"3.37";"4.27";"0";"CHEMBL664911";"Inhibition of Toxoplasma gondii dihydrofolate reductase";"B";"BAO_0000357";"single protein format";"Toxoplasma gondii";"None";"None";"None";"None";"";"";"";"CHEMBL2425";"Dihydrofolate reductase";"Toxoplasma gondii";"SINGLE PROTEIN";"CHEMBL1130150";"1";"Scientific Literature";"J Med Chem";"1997";"None";"";"";""
"CHEMBL22";"TRIMETHOPRIM";"4.0";"290.32";"0";"1.26";"TMP";"COc1cc(Cc2cnc(N)nc2N)cc(OC)c1OC";"IC50";"'='";"2700.0";"nM";"5.57";"";"";"UO_0000065";"19.18";"0.36";"4.31";"5.28";"1";"CHEMBL1027390";"Inhibition of Toxoplasma gondii dihydrofolate reductase";"B";"BAO_0000357";"single protein format";"Toxoplasma gondii";"None";"None";"None";"None";"";"";"";"CHEMBL2425";"Dihydrofolate reductase";"Toxoplasma gondii";"SINGLE PROTEIN";"CHEMBL1140088";"1";"Scientific Literature";"J Med Chem";"2008";"None";"";"";""
"CHEMBL81119";"";"None";"314.78";"0";"2.76";"9";"Cc1c(CNc2ccccc2Cl)cnc2nc(N)nc(N)c12";"IC50";"'='";"7.1";"nM";"8.15";"";"";"UO_0000065";"25.89";"0.51";"5.39";"7.93";"0";"CHEMBL665700";"Inhibition of dihydrofolate reductase (DHFR) from Toxoplasma gondii(tg)";"B";"BAO_0000357";"single protein format";"Toxoplasma gondii";"None";"None";"None";"None";"";"";"";"CHEMBL2425";"Dihydrofolate reductase";"Toxoplasma gondii";"SINGLE PROTEIN";"CHEMBL1132261";"1";"Scientific Literature";"J Med Chem";"1999";"None";"";"";""
"CHEMBL141160";"";"None";"296.33";"0";"1.97";"19";"COc1ccc(N(C)c2ccc3nc(N)nc(N)c3n2)cc1";"IC50";"'='";"8.6";"nM";"8.07";"";"";"UO_0000065";"27.22";"0.50";"6.10";"7.82";"0";"CHEMBL661507";"Inhibitory activity against dihydrofolate reductase (DHFR) from Toxoplasma gondii";"B";"BAO_0000357";"single protein format";"Toxoplasma gondii";"None";"None";"None";"None";"";"";"";"CHEMBL2425";"Dihydrofolate reductase";"Toxoplasma gondii";"SINGLE PROTEIN";"CHEMBL1131172";"1";"Scientific Literature";"J Med Chem";"1998";"None";"";"";""
"CHEMBL477150";"";"None";"349.46";"0";"4.55";"26";"CC(C)c1c(Sc2ccc3ccccc3c2)[nH]c2nc(N)nc(N)c12";"IC50";"'='";"1500.0";"nM";"5.82";"";"";"UO_0000065";"16.67";"0.32";"1.27";"6.22";"0";"CHEMBL983765";"Inhibition of Toxoplasma gondii dihydrofolate reductase";"B";"BAO_0000357";"single protein format";"Toxoplasma gondii";"None";"None";"None";"None";"";"";"";"CHEMBL2425";"Dihydrofolate reductase";"Toxoplasma gondii";"SINGLE PROTEIN";"CHEMBL1155823";"1";"Scientific Literature";"J Med Chem";"2008";"None";"";"";""
"CHEMBL477566";"";"None";"359.46";"0";"3.41";"24";"COc1ccc(Sc2[nH]c3nc(N)nc(N)c3c2C(C)C)cc1OC";"Inhibition";"'='";"0.0";"%";"";"";"";"UO_0000187";"";"";"";"";"0";"CHEMBL983755";"Inhibition of Toxoplasma gondii thymidylate synthase at >2.3 uM";"B";"BAO_0000357";"single protein format";"Toxoplasma gondii";"None";"None";"None";"None";"";"";"";"CHEMBL2425";"Dihydrofolate reductase";"Toxoplasma gondii";"SINGLE PROTEIN";"CHEMBL1155823";"1";"Scientific Literature";"J Med Chem";"2008";"None";"";"";""
"CHEMBL223301";"";"None";"342.40";"0";"2.13";"37 (R)";"COc1cc([C@@H](C)C#Cc2c(C)nc(N)nc2N)cc(OC)c1OC";"Activity";"'='";"0.49";"";"";"";"";"";"";"";"";"";"0";"CHEMBL919384";"Ligand efficiency at Toxoplasma gondii DHFR-TS relative to TMP";"B";"BAO_0000357";"single protein format";"Toxoplasma gondii";"None";"None";"None";"None";"";"";"";"CHEMBL2425";"Dihydrofolate reductase";"Toxoplasma gondii";"SINGLE PROTEIN";"CHEMBL1142238";"1";"Scientific Literature";"J Med Chem";"2007";"None";"";"";""
"CHEMBL219624";"";"None";"314.35";"0";"1.26";"14";"COc1cc(CC#Cc2cnc(N)nc2N)cc(OC)c1OC";"Activity";"'='";"0.28";"";"";"";"";"";"";"";"";"";"0";"CHEMBL919384";"Ligand efficiency at Toxoplasma gondii DHFR-TS relative to TMP";"B";"BAO_0000357";"single protein format";"Toxoplasma gondii";"None";"None";"None";"None";"";"";"";"CHEMBL2425";"Dihydrofolate reductase";"Toxoplasma gondii";"SINGLE PROTEIN";"CHEMBL1142238";"1";"Scientific Literature";"J Med Chem";"2007";"None";"";"";""
"CHEMBL522517";"";"None";"323.83";"0";"3.68";"6";"Cc1sc2nc(N)[nH]c(=O)c2c1Sc1ccc(Cl)cc1";"IC50";"'='";"2600.0";"nM";"5.58";"";"";"UO_0000065";"17.25";"0.38";"1.91";"7.78";"0";"CHEMBL1034982";"Inhibition of Toxoplasma gondii thymidylate synthase";"B";"BAO_0000357";"single protein format";"Toxoplasma gondii";"None";"None";"None";"None";"";"";"";"CHEMBL2425";"Dihydrofolate reductase";"Toxoplasma gondii";"SINGLE PROTEIN";"CHEMBL1140135";"1";"Scientific Literature";"J Med Chem";"2008";"None";"";"";""
"CHEMBL522363";"";"None";"448.48";"0";"2.62";"4";"Cc1sc2nc(N)[nH]c(=O)c2c1Sc1ccc(C(=O)N(CCC(=O)O)C(=O)O)cc1";"IC50";"'='";"36.0";"nM";"7.44";"";"";"UO_0000065";"16.60";"0.34";"4.82";"4.47";"0";"CHEMBL1034982";"Inhibition of Toxoplasma gondii thymidylate synthase";"B";"BAO_0000357";"single protein format";"Toxoplasma gondii";"None";"None";"None";"None";"";"";"";"CHEMBL2425";"Dihydrofolate reductase";"Toxoplasma gondii";"SINGLE PROTEIN";"CHEMBL1140135";"1";"Scientific Literature";"J Med Chem";"2008";"None";"";"";""
"CHEMBL442702";"";"None";"340.24";"0";"3.89";"1h";"Cc1c(Sc2ccc(Cl)c(Cl)c2)[nH]c2nc(N)nc(N)c12";"IC50";"'='";"20000000.0";"nM";"";"Outside typical range";"";"UO_0000065";"";"";"";"";"0";"CHEMBL889609";"Inhibition of Toxoplasma gondii DHFR";"B";"BAO_0000357";"single protein format";"Toxoplasma gondii";"None";"None";"None";"None";"";"";"";"CHEMBL2425";"Dihydrofolate reductase";"Toxoplasma gondii";"SINGLE PROTEIN";"CHEMBL1145401";"1";"Scientific Literature";"J Med Chem";"2007";"None";"";"";""
"CHEMBL420172";"";"None";"305.79";"0";"3.24";"1d";"Cc1c(Sc2ccc(Cl)cc2)[nH]c2nc(N)nc(N)c12";"IC50";"'='";"8930000.0";"nM";"";"Outside typical range";"";"UO_0000065";"";"";"";"";"0";"CHEMBL889609";"Inhibition of Toxoplasma gondii DHFR";"B";"BAO_0000357";"single protein format";"Toxoplasma gondii";"None";"None";"None";"None";"";"";"";"CHEMBL2425";"Dihydrofolate reductase";"Toxoplasma gondii";"SINGLE PROTEIN";"CHEMBL1145401";"1";"Scientific Literature";"J Med Chem";"2007";"None";"";"";""
"CHEMBL22";"TRIMETHOPRIM";"4.0";"290.32";"0";"1.26";"54";"COc1cc(Cc2cnc(N)nc2N)cc(OC)c1OC";"IC50";"'='";"2800000.0";"nM";"";"Potential transcription error";"";"UO_0000065";"";"";"";"";"1";"CHEMBL889609";"Inhibition of Toxoplasma gondii DHFR";"B";"BAO_0000357";"single protein format";"Toxoplasma gondii";"None";"None";"None";"None";"";"";"";"CHEMBL2425";"Dihydrofolate reductase";"Toxoplasma gondii";"SINGLE PROTEIN";"CHEMBL1145401";"1";"Scientific Literature";"J Med Chem";"2007";"None";"";"";""
"CHEMBL68439";"";"None";"314.35";"0";"1.75";"4";"COc1ccc(NCc2c[nH]c3nc(N)nc(N)c23)cc1OC";"IC50";"'='";"4300.0";"nM";"5.37";"";"";"UO_0000065";"17.07";"0.32";"3.62";"4.32";"1";"CHEMBL1071424";"Inhibition of Toxoplasma gondii DHFR by spectrophotometric assay";"B";"BAO_0000357";"single protein format";"Toxoplasma gondii";"None";"None";"None";"None";"";"";"";"CHEMBL2425";"Dihydrofolate reductase";"Toxoplasma gondii";"SINGLE PROTEIN";"CHEMBL1156926";"1";"Scientific Literature";"Bioorg Med Chem";"2010";"None";"";"";""
"CHEMBL420172";"";"None";"305.79";"0";"3.24";"61";"Cc1c(Sc2ccc(Cl)cc2)[nH]c2nc(N)nc(N)c12";"IC50";"'='";"8930.0";"nM";"5.05";"";"";"UO_0000065";"16.51";"0.34";"1.81";"5.39";"1";"CHEMBL1071424";"Inhibition of Toxoplasma gondii DHFR by spectrophotometric assay";"B";"BAO_0000357";"single protein format";"Toxoplasma gondii";"None";"None";"None";"None";"";"";"";"CHEMBL2425";"Dihydrofolate reductase";"Toxoplasma gondii";"SINGLE PROTEIN";"CHEMBL1156926";"1";"Scientific Literature";"Bioorg Med Chem";"2010";"None";"";"";""
"CHEMBL598190";"";"None";"325.44";"0";"3.29";"17";"Nc1nc(N)c2c(CSc3ccc4c(c3)CCCC4)c[nH]c2n1";"IC50";"'='";"9200.0";"nM";"5.04";"";"";"UO_0000065";"15.48";"0.30";"1.75";"5.38";"0";"CHEMBL1071424";"Inhibition of Toxoplasma gondii DHFR by spectrophotometric assay";"B";"BAO_0000357";"single protein format";"Toxoplasma gondii";"None";"None";"None";"None";"";"";"";"CHEMBL2425";"Dihydrofolate reductase";"Toxoplasma gondii";"SINGLE PROTEIN";"CHEMBL1156926";"1";"Scientific Literature";"Bioorg Med Chem";"2010";"None";"";"";""
"CHEMBL17430";"";"None";"340.24";"0";"3.72";"15";"Nc1nc(N)c2c(CSc3ccc(Cl)c(Cl)c3)c[nH]c2n1";"IC50";"'='";"11600.0";"nM";"4.94";"";"";"UO_0000065";"14.51";"0.32";"1.22";"5.27";"1";"CHEMBL1071424";"Inhibition of Toxoplasma gondii DHFR by spectrophotometric assay";"B";"BAO_0000357";"single protein format";"Toxoplasma gondii";"None";"None";"None";"None";"";"";"";"CHEMBL2425";"Dihydrofolate reductase";"Toxoplasma gondii";"SINGLE PROTEIN";"CHEMBL1156926";"1";"Scientific Literature";"Bioorg Med Chem";"2010";"None";"";"";""
"CHEMBL589525";"";"None";"322.42";"0";"2.64";"13";"CN(Cc1c[nH]c2nc(N)nc(N)c12)c1cccc2c1CCCC2";"IC50";"'='";"870.0";"nM";"6.06";"";"";"UO_0000065";"18.80";"0.34";"3.42";"6.26";"0";"CHEMBL1071424";"Inhibition of Toxoplasma gondii DHFR by spectrophotometric assay";"B";"BAO_0000357";"single protein format";"Toxoplasma gondii";"None";"None";"None";"None";"";"";"";"CHEMBL2425";"Dihydrofolate reductase";"Toxoplasma gondii";"SINGLE PROTEIN";"CHEMBL1156926";"1";"Scientific Literature";"Bioorg Med Chem";"2010";"None";"";"";""
"CHEMBL105523";"";"None";"316.32";"0";"1.21";"22";"COc1cc(OC)c(-c2nc3c(N)nc(N)nc3[nH]2)cc1OC";"IC50";"'='";"1500.0";"nM";"5.82";"";"";"UO_0000065";"18.41";"0.35";"4.61";"4.34";"1";"CHEMBL1071424";"Inhibition of Toxoplasma gondii DHFR by spectrophotometric assay";"B";"BAO_0000357";"single protein format";"Toxoplasma gondii";"None";"None";"None";"None";"";"";"";"CHEMBL2425";"Dihydrofolate reductase";"Toxoplasma gondii";"SINGLE PROTEIN";"CHEMBL1156926";"1";"Scientific Literature";"Bioorg Med Chem";"2010";"None";"";"";""
"CHEMBL283311";"";"None";"322.39";"0";"3.83";"38";"Nc1nc(N)c2c(CSc3ccc4ccccc4c3)coc2n1";"IC50";"'='";"11481.54";"nM";"4.94";"";"";"UO_0000065";"15.32";"0.29";"1.11";"5.43";"0";"CHEMBL1071424";"Inhibition of Toxoplasma gondii DHFR by spectrophotometric assay";"B";"BAO_0000357";"single protein format";"Toxoplasma gondii";"None";"None";"None";"None";"";"";"";"CHEMBL2425";"Dihydrofolate reductase";"Toxoplasma gondii";"SINGLE PROTEIN";"CHEMBL1156926";"1";"Scientific Literature";"Bioorg Med Chem";"2010";"None";"";"";""
"CHEMBL478191";"";"None";"368.29";"0";"4.70";"19";"CC(C)c1c(Sc2c(Cl)cccc2Cl)[nH]c2nc(N)nc(N)c12";"IC50";"'>'";"2200.0";"nM";"";"";"";"UO_0000065";"";"";"";"";"0";"CHEMBL983744";"Inhibition of Toxoplasma gondii thymidylate synthase";"B";"BAO_0000357";"single protein format";"Toxoplasma gondii";"None";"None";"None";"None";"";"";"";"CHEMBL2425";"Dihydrofolate reductase";"Toxoplasma gondii";"SINGLE PROTEIN";"CHEMBL1155823";"1";"Scientific Literature";"J Med Chem";"2008";"None";"";"";""
"CHEMBL476744";"";"None";"359.46";"0";"3.24";"15";"CCCc1c(Sc2cc(OC)ccc2OC)[nH]c2nc(N)nc(N)c12";"IC50";"'>'";"12000.0";"nM";"";"";"";"UO_0000065";"";"";"";"";"0";"CHEMBL983744";"Inhibition of Toxoplasma gondii thymidylate synthase";"B";"BAO_0000357";"single protein format";"Toxoplasma gondii";"None";"None";"None";"None";"";"";"";"CHEMBL2425";"Dihydrofolate reductase";"Toxoplasma gondii";"SINGLE PROTEIN";"CHEMBL1155823";"1";"Scientific Literature";"J Med Chem";"2008";"None";"";"";""
"CHEMBL477789";"";"None";"327.46";"0";"3.84";"12";"CCCc1c(Sc2c(C)cccc2C)[nH]c2nc(N)nc(N)c12";"IC50";"";"";"";"";"";"Not Determined";"";"";"";"";"";"0";"CHEMBL983744";"Inhibition of Toxoplasma gondii thymidylate synthase";"B";"BAO_0000357";"single protein format";"Toxoplasma gondii";"None";"None";"None";"None";"";"";"";"CHEMBL2425";"Dihydrofolate reductase";"Toxoplasma gondii";"SINGLE PROTEIN";"CHEMBL1155823";"1";"Scientific Literature";"J Med Chem";"2008";"None";"";"";""
"CHEMBL477566";"";"None";"359.46";"0";"3.41";"24";"COc1ccc(Sc2[nH]c3nc(N)nc(N)c3c2C(C)C)cc1OC";"IC50";"'='";"2700.0";"nM";"5.57";"";"";"UO_0000065";"15.49";"0.30";"2.16";"4.97";"0";"CHEMBL983765";"Inhibition of Toxoplasma gondii dihydrofolate reductase";"B";"BAO_0000357";"single protein format";"Toxoplasma gondii";"None";"None";"None";"None";"";"";"";"CHEMBL2425";"Dihydrofolate reductase";"Toxoplasma gondii";"SINGLE PROTEIN";"CHEMBL1155823";"1";"Scientific Literature";"J Med Chem";"2008";"None";"";"";""
"CHEMBL477790";"";"None";"329.43";"0";"3.23";"14";"CCCc1c(Sc2ccc(OC)cc2)[nH]c2nc(N)nc(N)c12";"Inhibition";"'='";"12.0";"%";"";"";"";"UO_0000187";"";"";"";"";"0";"CHEMBL983746";"Inhibition of Toxoplasma gondii thymidylate synthase at >13 uM";"B";"BAO_0000357";"single protein format";"Toxoplasma gondii";"None";"None";"None";"None";"";"";"";"CHEMBL2425";"Dihydrofolate reductase";"Toxoplasma gondii";"SINGLE PROTEIN";"CHEMBL1155823";"1";"Scientific Literature";"J Med Chem";"2008";"None";"";"";""
"CHEMBL50514";"";"None";"384.44";"0";"2.16";"1b";"COc1cc(N(C)Cc2cnc3nc(N)nc(N)c3c2C)cc(OC)c1OC";"IC50";"'='";"0.85";"nM";"9.07";"";"";"UO_0000065";"23.59";"0.44";"6.91";"7.46";"0";"CHEMBL664916";"Inhibitory activity against Dihydrofolate reductase from Toxoplasma gondii";"B";"BAO_0000357";"single protein format";"Toxoplasma gondii";"None";"None";"None";"None";"";"";"";"CHEMBL2425";"Dihydrofolate reductase";"Toxoplasma gondii";"SINGLE PROTEIN";"CHEMBL1128680";"1";"Scientific Literature";"J Med Chem";"1995";"None";"";"";""
"CHEMBL23021";"";"None";"340.39";"0";"2.13";"2a";"COc1ccc(OC)c(NCc2cnc3nc(N)nc(N)c3c2C)c1";"IC50";"'='";"16.0";"nM";"7.80";"";"";"UO_0000065";"22.90";"0.43";"5.67";"6.43";"0";"CHEMBL664916";"Inhibitory activity against Dihydrofolate reductase from Toxoplasma gondii";"B";"BAO_0000357";"single protein format";"Toxoplasma gondii";"None";"None";"None";"None";"";"";"";"CHEMBL2425";"Dihydrofolate reductase";"Toxoplasma gondii";"SINGLE PROTEIN";"CHEMBL1128680";"1";"Scientific Literature";"J Med Chem";"1995";"None";"";"";""
"CHEMBL54913";"";"None";"335.20";"0";"3.11";"25";"Nc1nc(N)c2nc(CNc3c(Cl)cccc3Cl)ccc2n1";"IC50";"'='";"28.0";"nM";"7.55";"";"";"UO_0000065";"22.53";"0.47";"4.44";"7.35";"0";"CHEMBL665702";"Inhibitory activity against Toxoplasma gondii dihydrofolate reductase.";"B";"BAO_0000357";"single protein format";"Toxoplasma gondii";"None";"None";"None";"None";"";"";"";"CHEMBL2425";"Dihydrofolate reductase";"Toxoplasma gondii";"SINGLE PROTEIN";"CHEMBL1129583";"1";"Scientific Literature";"J Med Chem";"1996";"None";"";"";""
"CHEMBL38332";"";"None";"402.50";"0";"3.43";"3k";"COc1ccc(OCCCCCCCCC(=O)O)cc1Cc1cnc(N)nc1N";"IC50";"'='";"430.0";"nM";"6.37";"";"";"UO_0000065";"15.82";"0.30";"2.94";"4.77";"0";"CHEMBL662241";"Inhibition of partially purified dihydrofolate reductase (DHFR) from Toxoplasma gondii (Tg)";"B";"BAO_0000357";"single protein format";"Toxoplasma gondii";"None";"None";"None";"None";"";"";"";"CHEMBL2425";"Dihydrofolate reductase";"Toxoplasma gondii";"SINGLE PROTEIN";"CHEMBL1135399";"1";"Scientific Literature";"J Med Chem";"2002";"None";"";"";""
"CHEMBL425893";"";"None";"405.46";"0";"2.70";"11";"COc1ccc(C#CCCCC(=O)O)cc1Cc1cnc2nc(N)nc(N)c2c1C";"IC50";"'='";"4.3";"nM";"8.37";"";"";"UO_0000065";"20.63";"0.38";"5.67";"6.10";"0";"CHEMBL827820";"Inhibitory concentration against Toxoplasma gondii DHFR";"B";"BAO_0000357";"single protein format";"Toxoplasma gondii";"None";"None";"None";"None";"";"";"";"CHEMBL2425";"Dihydrofolate reductase";"Toxoplasma gondii";"SINGLE PROTEIN";"CHEMBL1145152";"1";"Scientific Literature";"J Med Chem";"2005";"None";"";"";""
"CHEMBL2047252";"";"None";"326.76";"0";"4.17";"12";"Nc1nc2c(c(Nc3ccc(F)c(Cl)c3)n1)-c1ccccc1C2";"IC50";"'>'";"13000.0";"nM";"";"";"";"UO_0000065";"";"";"";"";"0";"CHEMBL2050307";"Inhibition of Toxoplasma gondii thymidylate synthase";"B";"BAO_0000357";"single protein format";"Toxoplasma gondii";"None";"None";"None";"None";"";"";"";"CHEMBL2425";"Dihydrofolate reductase";"Toxoplasma gondii";"SINGLE PROTEIN";"CHEMBL2046359";"1";"Scientific Literature";"Bioorg Med Chem";"2012";"None";"";"";""
"CHEMBL325434";"";"None";"339.40";"0";"2.45";"11";"COc1ccc(OC)c(CN(C)c2ccc3nc(N)nc(N)c3c2)c1";"IC50";"'='";"3.9";"nM";"8.41";"";"";"UO_0000065";"24.78";"0.46";"5.96";"8.45";"0";"CHEMBL665585";"Inhibition of recombinant Dihydrofolate reductase from Toxoplasma gondii (tgDHFR)";"B";"BAO_0000357";"single protein format";"Toxoplasma gondii";"None";"None";"None";"None";"";"";"";"CHEMBL2425";"Dihydrofolate reductase";"Toxoplasma gondii";"SINGLE PROTEIN";"CHEMBL1131583";"1";"Scientific Literature";"J Med Chem";"1998";"None";"";"";""
"CHEMBL279680";"";"None";"354.41";"0";"2.15";"3d";"COc1ccc(N(C)Cc2cnc3nc(N)nc(N)c3c2C)cc1OC";"IC50";"'='";"29.0";"nM";"7.54";"";"";"UO_0000065";"21.27";"0.40";"5.39";"6.71";"0";"CHEMBL664916";"Inhibitory activity against Dihydrofolate reductase from Toxoplasma gondii";"B";"BAO_0000357";"single protein format";"Toxoplasma gondii";"None";"None";"None";"None";"";"";"";"CHEMBL2425";"Dihydrofolate reductase";"Toxoplasma gondii";"SINGLE PROTEIN";"CHEMBL1128680";"1";"Scientific Literature";"J Med Chem";"1995";"None";"";"";""
"CHEMBL356490";"";"None";"384.44";"0";"2.24";"4";"CCN(Cc1cnc2nc(N)nc(N)c2c1)c1cc(OC)c(OC)c(OC)c1";"IC50";"'='";"49.0";"nM";"7.31";"";"";"UO_0000065";"19.01";"0.36";"5.07";"6.01";"0";"CHEMBL665591";"Inhibitory concentration against Dihydrofolate reductase from Toxoplasma gondii (tg)";"B";"BAO_0000357";"single protein format";"Toxoplasma gondii";"None";"None";"None";"None";"";"";"";"CHEMBL2425";"Dihydrofolate reductase";"Toxoplasma gondii";"SINGLE PROTEIN";"CHEMBL1129937";"1";"Scientific Literature";"J Med Chem";"1997";"None";"";"";""
"CHEMBL119";"TRIMETREXATE";"4.0";"369.43";"0";"2.74";"1";"COc1cc(NCc2ccc3nc(N)nc(N)c3c2C)cc(OC)c1OC";"IC50";"'='";"10.0";"nM";"8.00";"";"";"UO_0000065";"21.65";"0.40";"5.26";"6.81";"1";"CHEMBL665605";"Inhibitory activity against purified Dihydrofolate reductase from Toxoplasma gondii.";"B";"BAO_0000357";"single protein format";"Toxoplasma gondii";"None";"None";"None";"None";"";"";"";"CHEMBL2425";"Dihydrofolate reductase";"Toxoplasma gondii";"SINGLE PROTEIN";"CHEMBL1128550";"1";"Scientific Literature";"J Med Chem";"1995";"None";"";"";""
"CHEMBL119";"TRIMETREXATE";"4.0";"369.43";"0";"2.74";"TMQ";"COc1cc(NCc2ccc3nc(N)nc(N)c3c2C)cc(OC)c1OC";"IC50";"'='";"10.0";"nM";"8.00";"";"";"UO_0000065";"21.65";"0.40";"5.26";"6.81";"1";"CHEMBL665700";"Inhibition of dihydrofolate reductase (DHFR) from Toxoplasma gondii(tg)";"B";"BAO_0000357";"single protein format";"Toxoplasma gondii";"None";"None";"None";"None";"";"";"";"CHEMBL2425";"Dihydrofolate reductase";"Toxoplasma gondii";"SINGLE PROTEIN";"CHEMBL1132261";"1";"Scientific Literature";"J Med Chem";"1999";"None";"";"";""
"CHEMBL114839";"";"None";"319.41";"0";"3.29";"10";"Nc1nc(N)c2cc(NCc3cccc4c3CCCC4)ccc2n1";"IC50";"'='";"99.0";"nM";"7.00";"";"";"UO_0000065";"21.93";"0.40";"3.71";"7.80";"0";"CHEMBL664917";"Inhibitory activity against Dihydrofolate reductase from Toxoplasma gondii (tgDHFR)";"B";"BAO_0000357";"single protein format";"Toxoplasma gondii";"None";"None";"None";"None";"";"";"";"CHEMBL2425";"Dihydrofolate reductase";"Toxoplasma gondii";"SINGLE PROTEIN";"CHEMBL1131583";"1";"Scientific Literature";"J Med Chem";"1998";"None";"";"";""
"CHEMBL53974";"";"None";"310.36";"0";"1.83";"7";"COc1ccccc1N(C)Cc1ccc2nc(N)nc(N)c2n1";"IC50";"'='";"26.0";"nM";"7.58";"";"";"UO_0000065";"24.44";"0.45";"5.76";"7.35";"0";"CHEMBL665702";"Inhibitory activity against Toxoplasma gondii dihydrofolate reductase.";"B";"BAO_0000357";"single protein format";"Toxoplasma gondii";"None";"None";"None";"None";"";"";"";"CHEMBL2425";"Dihydrofolate reductase";"Toxoplasma gondii";"SINGLE PROTEIN";"CHEMBL1129583";"1";"Scientific Literature";"J Med Chem";"1996";"None";"";"";""
"CHEMBL17383";"";"None";"428.41";"1";"1.05";"8";"Nc1nc(N)c2c(CNc3ccc(C(=O)NC(CCC(=O)O)C(=O)O)cc3)coc2n1";"IC50";"'='";"700.0";"nM";"6.16";"";"";"UO_0000065";"14.37";"0.27";"5.10";"2.98";"1";"CHEMBL665601";"Inhibition of Toxoplasma gondii Dihydrofolate reductase";"B";"BAO_0000357";"single protein format";"Toxoplasma gondii";"None";"None";"None";"None";"";"";"";"CHEMBL2425";"Dihydrofolate reductase";"Toxoplasma gondii";"SINGLE PROTEIN";"CHEMBL1131530";"1";"Scientific Literature";"J Med Chem";"1998";"None";"";"";""
"CHEMBL119";"TRIMETREXATE";"4.0";"369.43";"0";"2.74";"TMQ";"COc1cc(NCc2ccc3nc(N)nc(N)c3c2C)cc(OC)c1OC";"IC50";"'='";"10.0";"nM";"8.00";"";"";"UO_0000065";"21.65";"0.40";"5.26";"6.81";"1";"CHEMBL665601";"Inhibition of Toxoplasma gondii Dihydrofolate reductase";"B";"BAO_0000357";"single protein format";"Toxoplasma gondii";"None";"None";"None";"None";"";"";"";"CHEMBL2425";"Dihydrofolate reductase";"Toxoplasma gondii";"SINGLE PROTEIN";"CHEMBL1131530";"1";"Scientific Literature";"J Med Chem";"1998";"None";"";"";""
"CHEMBL22";"TRIMETHOPRIM";"4.0";"290.32";"0";"1.26";"TMP";"COc1cc(Cc2cnc(N)nc2N)cc(OC)c1OC";"IC50";"'='";"2700.0";"nM";"5.57";"";"";"UO_0000065";"19.18";"0.36";"4.31";"5.28";"1";"CHEMBL665601";"Inhibition of Toxoplasma gondii Dihydrofolate reductase";"B";"BAO_0000357";"single protein format";"Toxoplasma gondii";"None";"None";"None";"None";"";"";"";"CHEMBL2425";"Dihydrofolate reductase";"Toxoplasma gondii";"SINGLE PROTEIN";"CHEMBL1131530";"1";"Scientific Literature";"J Med Chem";"1998";"None";"";"";""
"CHEMBL23569";"";"None";"340.39";"0";"2.13";"2b";"COc1cc(NCc2cnc3nc(N)nc(N)c3c2C)cc(OC)c1";"IC50";"'='";"4.8";"nM";"8.32";"";"";"UO_0000065";"24.44";"0.45";"6.19";"6.86";"0";"CHEMBL664916";"Inhibitory activity against Dihydrofolate reductase from Toxoplasma gondii";"B";"BAO_0000357";"single protein format";"Toxoplasma gondii";"None";"None";"None";"None";"";"";"";"CHEMBL2425";"Dihydrofolate reductase";"Toxoplasma gondii";"SINGLE PROTEIN";"CHEMBL1128680";"1";"Scientific Literature";"J Med Chem";"1995";"None";"";"";""
"CHEMBL78756";"";"None";"204.19";"0";"0.49";"17a";"Nc1nc(N)c2cc(C(=O)O)ccc2n1";"Inhibition";"'='";"16.0";"%";"";"";"";"UO_0000187";"";"";"";"";"0";"CHEMBL665607";"Inhibitory activity against dihydrofolate reductase DHFR from Toxoplasma gondii at 32 uM concentration";"B";"BAO_0000357";"single protein format";"Toxoplasma gondii";"None";"None";"None";"None";"";"";"";"CHEMBL2425";"Dihydrofolate reductase";"Toxoplasma gondii";"SINGLE PROTEIN";"CHEMBL1134533";"1";"Scientific Literature";"J Med Chem";"2001";"None";"";"";""
"CHEMBL33357";"";"None";"346.39";"0";"2.96";"25";"COc1ccc2c(CNc3cnc4nc(N)nc(N)c4c3)cccc2c1";"IC50";"'='";"710.0";"nM";"6.15";"";"";"UO_0000065";"17.75";"0.32";"3.19";"5.49";"0";"CHEMBL665616";"Inhibitory activity against Toxoplasma gondii dihydrofolate reductase (in 90 uM dihydrofolic acid)";"B";"BAO_0000357";"single protein format";"Toxoplasma gondii";"None";"None";"None";"None";"";"";"";"CHEMBL2425";"Dihydrofolate reductase";"Toxoplasma gondii";"SINGLE PROTEIN";"CHEMBL1129539";"1";"Scientific Literature";"J Med Chem";"1996";"None";"";"";""
"CHEMBL122998";"";"None";"321.41";"0";"3.74";"4";"Cc1c(Sc2cccc3ccccc23)[nH]c2nc(N)nc(N)c12";"IC50";"'='";"160.0";"nM";"6.80";"";"";"UO_0000065";"21.14";"0.40";"3.06";"7.26";"0";"CHEMBL668092";"Inhibitory concentration against Dihydrofolate reductase from Toxoplasma gondii (Toxoplasma gondii)";"B";"BAO_0000357";"single protein format";"Toxoplasma gondii";"None";"None";"None";"None";"";"";"";"CHEMBL2425";"Dihydrofolate reductase";"Toxoplasma gondii";"SINGLE PROTEIN";"CHEMBL1148359";"1";"Scientific Literature";"J Med Chem";"2004";"None";"";"";""
"CHEMBL16950";"";"None";"345.36";"0";"2.03";"3";"COc1cc(NCc2coc3nc(N)nc(N)c23)cc(OC)c1OC";"IC50";"'='";"4000.0";"nM";"5.40";"";"";"UO_0000065";"15.63";"0.29";"3.37";"4.13";"0";"CHEMBL665600";"Inhibitory concentration for DHFR in Toxoplasma gondii";"B";"BAO_0000357";"single protein format";"Toxoplasma gondii";"None";"None";"None";"None";"";"";"";"CHEMBL2425";"Dihydrofolate reductase";"Toxoplasma gondii";"SINGLE PROTEIN";"CHEMBL1127819";"1";"Scientific Literature";"J Med Chem";"1994";"None";"";"";""
"CHEMBL145169";"";"None";"353.38";"0";"2.39";"6";"COc1cc(/C=C/c2cnc3nc(N)nc(N)c3c2)cc(OC)c1OC";"IC50";"'='";"1400.0";"nM";"5.85";"";"";"UO_0000065";"16.57";"0.31";"3.46";"4.94";"0";"CHEMBL665591";"Inhibitory concentration against Dihydrofolate reductase from Toxoplasma gondii (tg)";"B";"BAO_0000357";"single protein format";"Toxoplasma gondii";"None";"None";"None";"None";"";"";"";"CHEMBL2425";"Dihydrofolate reductase";"Toxoplasma gondii";"SINGLE PROTEIN";"CHEMBL1129937";"1";"Scientific Literature";"J Med Chem";"1997";"None";"";"";""
"CHEMBL284960";"";"None";"355.40";"0";"1.96";"3";"COc1cc(CN2CCc3c(oc4nc(N)nc(N)c34)C2)cc(OC)c1";"IC50";"'>'";"20400.0";"nM";"";"";"";"UO_0000065";"";"";"";"";"0";"CHEMBL665601";"Inhibition of Toxoplasma gondii Dihydrofolate reductase";"B";"BAO_0000357";"single protein format";"Toxoplasma gondii";"None";"None";"None";"None";"";"";"";"CHEMBL2425";"Dihydrofolate reductase";"Toxoplasma gondii";"SINGLE PROTEIN";"CHEMBL1131530";"1";"Scientific Literature";"J Med Chem";"1998";"None";"";"";""
"CHEMBL23532";"";"None";"370.41";"0";"2.14";"13q";"COc1cc(NCc2cnc3nc(N)nc(N)c3c2C)cc(OC)c1OC";"IC50";"'='";"2.7";"nM";"8.57";"";"";"UO_0000065";"23.13";"0.43";"6.43";"6.57";"0";"CHEMBL665590";"Inhibitory activity against Toxoplasma gondii dihydrofolate reductase";"B";"BAO_0000357";"single protein format";"Toxoplasma gondii";"None";"None";"None";"None";"";"";"";"CHEMBL2425";"Dihydrofolate reductase";"Toxoplasma gondii";"SINGLE PROTEIN";"CHEMBL1129525";"1";"Scientific Literature";"J Med Chem";"1996";"None";"";"";""
"CHEMBL296382";"";"None";"326.36";"0";"1.82";"15";"COc1ccc(NCc2ccc3nc(N)nc(N)c3n2)c(OC)c1";"IC50";"'='";"140.0";"nM";"6.85";"";"";"UO_0000065";"21.00";"0.39";"5.03";"5.66";"0";"CHEMBL665702";"Inhibitory activity against Toxoplasma gondii dihydrofolate reductase.";"B";"BAO_0000357";"single protein format";"Toxoplasma gondii";"None";"None";"None";"None";"";"";"";"CHEMBL2425";"Dihydrofolate reductase";"Toxoplasma gondii";"SINGLE PROTEIN";"CHEMBL1129583";"1";"Scientific Literature";"J Med Chem";"1996";"None";"";"";""
"CHEMBL279705";"";"None";"324.39";"0";"2.43";"14c";"COc1ccc(C)cc1NCc1cnc2nc(N)nc(N)c2c1C";"IC50";"'='";"15.0";"nM";"7.82";"";"";"UO_0000065";"24.12";"0.45";"5.39";"6.99";"0";"CHEMBL665590";"Inhibitory activity against Toxoplasma gondii dihydrofolate reductase";"B";"BAO_0000357";"single protein format";"Toxoplasma gondii";"None";"None";"None";"None";"";"";"";"CHEMBL2425";"Dihydrofolate reductase";"Toxoplasma gondii";"SINGLE PROTEIN";"CHEMBL1129525";"1";"Scientific Literature";"J Med Chem";"1996";"None";"";"";""
"CHEMBL102444";"";"None";"345.36";"0";"1.11";"21";"COc1cc(NCc2nc3[nH]c(N)nc(N)c-3n2)cc(OC)c1OC";"Inhibition";"'='";"5.0";"%";"";"";"";"UO_0000187";"";"";"";"";"0";"CHEMBL665609";"Percent inhibition against Toxoplasma gondii Dihydrofolate reductase";"B";"BAO_0000357";"single protein format";"Toxoplasma gondii";"None";"None";"None";"None";"";"";"";"CHEMBL2425";"Dihydrofolate reductase";"Toxoplasma gondii";"SINGLE PROTEIN";"CHEMBL1130150";"1";"Scientific Literature";"J Med Chem";"1997";"None";"";"";""
"CHEMBL420393";"";"None";"354.37";"0";"2.17";"6a";"COc1cc(OC)cc(C(=O)OCc2ccc3nc(N)nc(N)c3c2)c1";"IC50";"'='";"150.0";"nM";"6.82";"";"";"UO_0000065";"19.26";"0.36";"4.65";"5.57";"0";"CHEMBL665597";"Inhibitory concentration against dihydrofolate reductase DHFR from Toxoplasma gondii";"B";"BAO_0000357";"single protein format";"Toxoplasma gondii";"None";"None";"None";"None";"";"";"";"CHEMBL2425";"Dihydrofolate reductase";"Toxoplasma gondii";"SINGLE PROTEIN";"CHEMBL1134533";"1";"Scientific Literature";"J Med Chem";"2001";"None";"";"";""
"CHEMBL101378";"";"None";"331.29";"0";"1.06";"14";"COc1cc(-c2nc3[nH]c(N)nc(N)c-3n2)c([N+](=O)[O-])cc1OC";"IC50";"'='";"16800.0";"nM";"4.78";"";"";"UO_0000065";"14.41";"0.27";"3.71";"2.84";"0";"CHEMBL664911";"Inhibition of Toxoplasma gondii dihydrofolate reductase";"B";"BAO_0000357";"single protein format";"Toxoplasma gondii";"None";"None";"None";"None";"";"";"";"CHEMBL2425";"Dihydrofolate reductase";"Toxoplasma gondii";"SINGLE PROTEIN";"CHEMBL1130150";"1";"Scientific Literature";"J Med Chem";"1997";"None";"";"";""
"CHEMBL423558";"";"None";"359.43";"0";"1.88";"32";"COc1cc(CCC2CNc3nc(N)nc(N)c3C2)cc(OC)c1OC";"IC50";"'='";"470.0";"nM";"6.33";"";"";"UO_0000065";"17.61";"0.33";"4.45";"5.38";"1";"CHEMBL828662";"Inhibition of Toxoplasma gondii dihydrofolate reductase";"B";"BAO_0000357";"single protein format";"Toxoplasma gondii";"None";"None";"None";"None";"";"";"";"CHEMBL2425";"Dihydrofolate reductase";"Toxoplasma gondii";"SINGLE PROTEIN";"CHEMBL1145190";"1";"Scientific Literature";"J Med Chem";"2005";"None";"";"";""
"CHEMBL52836";"";"None";"296.33";"0";"1.81";"52";"COc1cccc(NCc2ccc3nc(N)nc(N)c3n2)c1";"IC50";"'='";"100.0";"nM";"7.00";"";"";"UO_0000065";"23.62";"0.43";"5.19";"6.25";"1";"CHEMBL830839";"Inhibition of Toxoplasma gondii dihydrofolate reductase";"B";"BAO_0000357";"single protein format";"Toxoplasma gondii";"None";"None";"None";"None";"";"";"";"CHEMBL2425";"Dihydrofolate reductase";"Toxoplasma gondii";"SINGLE PROTEIN";"CHEMBL1145190";"1";"Scientific Literature";"J Med Chem";"2005";"None";"";"";""
"CHEMBL415962";"";"None";"310.36";"0";"1.83";"56";"COc1ccc(N(C)Cc2ccc3nc(N)nc(N)c3n2)cc1";"IC50";"'='";"16.0";"nM";"7.80";"";"";"UO_0000065";"25.12";"0.46";"5.97";"7.56";"1";"CHEMBL828662";"Inhibition of Toxoplasma gondii dihydrofolate reductase";"B";"BAO_0000357";"single protein format";"Toxoplasma gondii";"None";"None";"None";"None";"";"";"";"CHEMBL2425";"Dihydrofolate reductase";"Toxoplasma gondii";"SINGLE PROTEIN";"CHEMBL1145190";"1";"Scientific Literature";"J Med Chem";"2005";"None";"";"";""
"CHEMBL17323";"";"None";"314.35";"0";"1.75";"36";"COc1ccc(OC)c(NCc2c[nH]c3nc(N)nc(N)c23)c1";"IC50";"'='";"1698.24";"nM";"5.77";"";"";"UO_0000065";"18.36";"0.34";"4.02";"4.65";"0";"CHEMBL830839";"Inhibition of Toxoplasma gondii dihydrofolate reductase";"B";"BAO_0000357";"single protein format";"Toxoplasma gondii";"None";"None";"None";"None";"";"";"";"CHEMBL2425";"Dihydrofolate reductase";"Toxoplasma gondii";"SINGLE PROTEIN";"CHEMBL1145190";"1";"Scientific Literature";"J Med Chem";"2005";"None";"";"";""
"CHEMBL35080";"";"None";"404.43";"0";"2.37";"11";"COc1ccc(C#CCOc2cccc(C(=O)O)c2)cc1Cc1cnc(N)nc1N";"IC50";"'='";"1600.0";"nM";"5.80";"";"";"UO_0000065";"14.33";"0.26";"3.43";"4.34";"0";"CHEMBL664919";"Inhibitory activity against Dihydrohydrofolate reductase(DHFR) of Toxoplasma gondii";"B";"BAO_0000357";"single protein format";"Toxoplasma gondii";"None";"None";"None";"None";"";"";"";"CHEMBL2425";"Dihydrofolate reductase";"Toxoplasma gondii";"SINGLE PROTEIN";"CHEMBL1136782";"1";"Scientific Literature";"J Med Chem";"2003";"None";"";"";""
"CHEMBL279914";"";"None";"305.34";"0";"3.15";"42";"Nc1nc(N)c2c(CNc3ccc4ccccc4c3)coc2n1";"IC50";"'='";"38000.0";"nM";"4.42";"";"";"UO_0000065";"14.48";"0.26";"1.27";"4.29";"1";"CHEMBL828662";"Inhibition of Toxoplasma gondii dihydrofolate reductase";"B";"BAO_0000357";"single protein format";"Toxoplasma gondii";"None";"None";"None";"None";"";"";"";"CHEMBL2425";"Dihydrofolate reductase";"Toxoplasma gondii";"SINGLE PROTEIN";"CHEMBL1145190";"1";"Scientific Literature";"J Med Chem";"2005";"None";"";"";""
"CHEMBL23960";"";"None";"331.38";"0";"3.67";"43";"Nc1nc(N)c2c(CNc3ccccc3-c3ccccc3)coc2n1";"IC50";"'='";"45400.0";"nM";"4.34";"";"";"UO_0000065";"13.11";"0.24";"0.67";"4.22";"1";"CHEMBL828662";"Inhibition of Toxoplasma gondii dihydrofolate reductase";"B";"BAO_0000357";"single protein format";"Toxoplasma gondii";"None";"None";"None";"None";"";"";"";"CHEMBL2425";"Dihydrofolate reductase";"Toxoplasma gondii";"SINGLE PROTEIN";"CHEMBL1145190";"1";"Scientific Literature";"J Med Chem";"2005";"None";"";"";""
"CHEMBL179131";"";"None";"391.44";"0";"2.61";"122";"COc1cc(NCc2cnc3nc(N)nc(N)c3c2C)c(O)cc1-n1cccc1";"IC50";"'='";"33.0";"nM";"7.48";"";"";"UO_0000065";"19.11";"0.35";"4.87";"5.46";"0";"CHEMBL828662";"Inhibition of Toxoplasma gondii dihydrofolate reductase";"B";"BAO_0000357";"single protein format";"Toxoplasma gondii";"None";"None";"None";"None";"";"";"";"CHEMBL2425";"Dihydrofolate reductase";"Toxoplasma gondii";"SINGLE PROTEIN";"CHEMBL1145190";"1";"Scientific Literature";"J Med Chem";"2005";"None";"";"";""
"CHEMBL179131";"";"None";"391.44";"0";"2.61";"122";"COc1cc(NCc2cnc3nc(N)nc(N)c3c2C)c(O)cc1-n1cccc1";"IC50";"'='";"32.96";"nM";"7.48";"";"";"UO_0000065";"19.11";"0.35";"4.87";"5.46";"0";"CHEMBL830839";"Inhibition of Toxoplasma gondii dihydrofolate reductase";"B";"BAO_0000357";"single protein format";"Toxoplasma gondii";"None";"None";"None";"None";"";"";"";"CHEMBL2425";"Dihydrofolate reductase";"Toxoplasma gondii";"SINGLE PROTEIN";"CHEMBL1145190";"1";"Scientific Literature";"J Med Chem";"2005";"None";"";"";""
"CHEMBL114354";"";"None";"333.44";"0";"3.31";"15";"CN(Cc1cccc2c1CCCC2)c1ccc2nc(N)nc(N)c2c1";"IC50";"'='";"21.0";"nM";"7.68";"";"";"UO_0000065";"23.03";"0.42";"4.37";"9.47";"0";"CHEMBL664917";"Inhibitory activity against Dihydrofolate reductase from Toxoplasma gondii (tgDHFR)";"B";"BAO_0000357";"single protein format";"Toxoplasma gondii";"None";"None";"None";"None";"";"";"";"CHEMBL2425";"Dihydrofolate reductase";"Toxoplasma gondii";"SINGLE PROTEIN";"CHEMBL1131583";"1";"Scientific Literature";"J Med Chem";"1998";"None";"";"";""
"CHEMBL32266";"";"None";"326.36";"0";"1.82";"19";"COc1cc(CNc2cnc3nc(N)nc(N)c3c2)cc(OC)c1";"IC50";"'='";"1200.0";"nM";"5.92";"";"";"UO_0000065";"18.14";"0.34";"4.10";"4.89";"0";"CHEMBL665616";"Inhibitory activity against Toxoplasma gondii dihydrofolate reductase (in 90 uM dihydrofolic acid)";"B";"BAO_0000357";"single protein format";"Toxoplasma gondii";"None";"None";"None";"None";"";"";"";"CHEMBL2425";"Dihydrofolate reductase";"Toxoplasma gondii";"SINGLE PROTEIN";"CHEMBL1129539";"1";"Scientific Literature";"J Med Chem";"1996";"None";"";"";""
"CHEMBL590502";"";"None";"331.29";"0";"1.11";"29";"COc1ccc(-c2nc3c(N)nc(N)nc3[nH]2)c([N+](=O)[O-])c1OC";"IC50";"'='";"16800.0";"nM";"4.78";"";"";"UO_0000065";"14.41";"0.27";"3.66";"2.84";"0";"CHEMBL1071424";"Inhibition of Toxoplasma gondii DHFR by spectrophotometric assay";"B";"BAO_0000357";"single protein format";"Toxoplasma gondii";"None";"None";"None";"None";"";"";"";"CHEMBL2425";"Dihydrofolate reductase";"Toxoplasma gondii";"SINGLE PROTEIN";"CHEMBL1156926";"1";"Scientific Literature";"Bioorg Med Chem";"2010";"None";"";"";""
"CHEMBL283515";"";"None";"322.39";"0";"3.83";"37";"Nc1nc(N)c2c(CSc3cccc4ccccc34)coc2n1";"IC50";"'='";"19000.0";"nM";"4.72";"";"";"UO_0000065";"14.64";"0.28";"0.89";"5.19";"1";"CHEMBL1071424";"Inhibition of Toxoplasma gondii DHFR by spectrophotometric assay";"B";"BAO_0000357";"single protein format";"Toxoplasma gondii";"None";"None";"None";"None";"";"";"";"CHEMBL2425";"Dihydrofolate reductase";"Toxoplasma gondii";"SINGLE PROTEIN";"CHEMBL1156926";"1";"Scientific Literature";"Bioorg Med Chem";"2010";"None";"";"";""
"CHEMBL604709";"";"None";"386.46";"0";"4.15";"52";"CCn1c2ccccc2c2cc(N(C)Cc3coc4nc(N)nc(N)c34)ccc21";"IC50";"'='";"22600.0";"nM";"4.65";"";"";"UO_0000065";"12.02";"0.22";"0.50";"4.69";"0";"CHEMBL1071424";"Inhibition of Toxoplasma gondii DHFR by spectrophotometric assay";"B";"BAO_0000357";"single protein format";"Toxoplasma gondii";"None";"None";"None";"None";"";"";"";"CHEMBL2425";"Dihydrofolate reductase";"Toxoplasma gondii";"SINGLE PROTEIN";"CHEMBL1156926";"1";"Scientific Literature";"Bioorg Med Chem";"2010";"None";"";"";""
"CHEMBL598605";"";"None";"343.39";"0";"3.57";"48";"Nc1nc(N)c2c(CNc3ccc4c(c3)Cc3ccccc3-4)coc2n1";"IC50";"'='";"27700.0";"nM";"4.56";"";"";"UO_0000065";"13.27";"0.24";"0.99";"4.43";"0";"CHEMBL1071424";"Inhibition of Toxoplasma gondii DHFR by spectrophotometric assay";"B";"BAO_0000357";"single protein format";"Toxoplasma gondii";"None";"None";"None";"None";"";"";"";"CHEMBL2425";"Dihydrofolate reductase";"Toxoplasma gondii";"SINGLE PROTEIN";"CHEMBL1156926";"1";"Scientific Literature";"Bioorg Med Chem";"2010";"None";"";"";""
"CHEMBL605782";"";"None";"325.44";"0";"3.46";"69";"Cc1[nH]c2nc(N)nc(N)c2c1Sc1ccc2c(c1)CCCC2";"IC50";"'='";"31000.0";"nM";"4.51";"";"";"UO_0000065";"13.85";"0.27";"1.05";"4.82";"0";"CHEMBL1071424";"Inhibition of Toxoplasma gondii DHFR by spectrophotometric assay";"B";"BAO_0000357";"single protein format";"Toxoplasma gondii";"None";"None";"None";"None";"";"";"";"CHEMBL2425";"Dihydrofolate reductase";"Toxoplasma gondii";"SINGLE PROTEIN";"CHEMBL1156926";"1";"Scientific Literature";"Bioorg Med Chem";"2010";"None";"";"";""
"CHEMBL102432";"";"None";"315.34";"0";"1.15";"34";"COc1ccc(OC)c(NCc2nc3c(N)nc(N)nc3[nH]2)c1";"IC50";"'='";"49000.0";"nM";"4.31";"";"";"UO_0000065";"13.67";"0.26";"3.16";"3.15";"1";"CHEMBL1071424";"Inhibition of Toxoplasma gondii DHFR by spectrophotometric assay";"B";"BAO_0000357";"single protein format";"Toxoplasma gondii";"None";"None";"None";"None";"";"";"";"CHEMBL2425";"Dihydrofolate reductase";"Toxoplasma gondii";"SINGLE PROTEIN";"CHEMBL1156926";"1";"Scientific Literature";"Bioorg Med Chem";"2010";"None";"";"";""
"CHEMBL608143";"";"None";"271.35";"0";"2.58";"73";"Cc1[nH]c2nc(N)nc(N)c2c1Sc1ccccc1";"IC50";"'='";"81000.0";"nM";"4.09";"";"";"UO_0000065";"15.08";"0.29";"1.51";"4.37";"0";"CHEMBL1071424";"Inhibition of Toxoplasma gondii DHFR by spectrophotometric assay";"B";"BAO_0000357";"single protein format";"Toxoplasma gondii";"None";"None";"None";"None";"";"";"";"CHEMBL2425";"Dihydrofolate reductase";"Toxoplasma gondii";"SINGLE PROTEIN";"CHEMBL1156926";"1";"Scientific Literature";"Bioorg Med Chem";"2010";"None";"";"";""
"CHEMBL606362";"";"None";"340.43";"0";"3.77";"12";"COc1ccccc1C(Cc1coc2nc(N)nc(N)c12)CC(C)C";"IC50";"'='";"22200.0";"nM";"4.65";"";"";"UO_0000065";"13.67";"0.25";"0.88";"4.64";"0";"CHEMBL1038908";"Inhibition of Toxoplasma gondii DHFR in presence of saturating levels of NADPH and DHFA";"B";"BAO_0000357";"single protein format";"Toxoplasma gondii";"None";"None";"None";"None";"";"";"";"CHEMBL2425";"Dihydrofolate reductase";"Toxoplasma gondii";"SINGLE PROTEIN";"CHEMBL1152608";"1";"Scientific Literature";"Bioorg Med Chem";"2009";"None";"";"";""
"CHEMBL22";"TRIMETHOPRIM";"4.0";"290.32";"0";"1.26";"trimethoprim";"COc1cc(Cc2cnc(N)nc2N)cc(OC)c1OC";"IC50";"'='";"6800.0";"nM";"5.17";"";"";"UO_0000065";"17.80";"0.34";"3.91";"4.90";"0";"CHEMBL1034984";"Inhibition of Toxoplasma gondii DHFR";"B";"BAO_0000357";"single protein format";"Toxoplasma gondii";"None";"None";"None";"None";"";"";"";"CHEMBL2425";"Dihydrofolate reductase";"Toxoplasma gondii";"SINGLE PROTEIN";"CHEMBL1140135";"1";"Scientific Literature";"J Med Chem";"2008";"None";"";"";""
"CHEMBL17873";"";"None";"323.19";"0";"3.04";"8";"Nc1nc(N)c2c(CNc3ccc(Cl)c(Cl)c3)c[nH]c2n1";"IC50";"'='";"1400.0";"nM";"5.85";"";"";"UO_0000065";"18.11";"0.38";"2.81";"5.54";"1";"CHEMBL1071424";"Inhibition of Toxoplasma gondii DHFR by spectrophotometric assay";"B";"BAO_0000357";"single protein format";"Toxoplasma gondii";"None";"None";"None";"None";"";"";"";"CHEMBL2425";"Dihydrofolate reductase";"Toxoplasma gondii";"SINGLE PROTEIN";"CHEMBL1156926";"1";"Scientific Literature";"Bioorg Med Chem";"2010";"None";"";"";""
"CHEMBL105323";"";"None";"286.30";"0";"1.20";"24";"COc1cc(OC)cc(-c2nc3c(N)nc(N)nc3[nH]2)c1";"IC50";"'='";"3019.95";"nM";"5.52";"";"";"UO_0000065";"19.28";"0.36";"4.32";"4.42";"0";"CHEMBL1071424";"Inhibition of Toxoplasma gondii DHFR by spectrophotometric assay";"B";"BAO_0000357";"single protein format";"Toxoplasma gondii";"None";"None";"None";"None";"";"";"";"CHEMBL2425";"Dihydrofolate reductase";"Toxoplasma gondii";"SINGLE PROTEIN";"CHEMBL1156926";"1";"Scientific Literature";"Bioorg Med Chem";"2010";"None";"";"";""
"CHEMBL3099580";"";"None";"308.37";"0";"3.14";"2";"Nc1nc2[nH]c3cccc(Sc4ccccc4)c3c2c(=O)[nH]1";"Ki";"'='";"2.0";"nM";"8.70";"";"";"UO_0000065";"28.21";"0.54";"5.56";"9.93";"0";"CHEMBL3101467";"Inhibition of wild type Toxoplasma gondii TS-DHFR expressed in Escherichia coli BL21 using dUMP and methylene-THF as substrate by kaleidagraph analysis";"B";"BAO_0000366";"cell-free format";"Toxoplasma gondii";"CHEMBL3559721";"Plasma";"None";"None";"";"";"";"CHEMBL2425";"Dihydrofolate reductase";"Toxoplasma gondii";"SINGLE PROTEIN";"CHEMBL3098035";"1";"Scientific Literature";"ACS Med Chem Lett";"2013";"None";"";"";""
"CHEMBL226952";"";"None";"335.44";"0";"3.99";"3";"CCc1c(Sc2cccc3ccccc23)[nH]c2nc(N)nc(N)c12";"IC50";"'='";"3150000.0";"nM";"";"Outside typical range";"";"UO_0000065";"";"";"";"";"0";"CHEMBL889609";"Inhibition of Toxoplasma gondii DHFR";"B";"BAO_0000357";"single protein format";"Toxoplasma gondii";"None";"None";"None";"None";"";"";"";"CHEMBL2425";"Dihydrofolate reductase";"Toxoplasma gondii";"SINGLE PROTEIN";"CHEMBL1145401";"1";"Scientific Literature";"J Med Chem";"2007";"None";"";"";""
"CHEMBL313553";"";"None";"518.02";"2";"5.74";"10t";"CCc1nc(N)nc(N)c1-c1ccc(Cl)c(/N=N/N(CCOC(C)=O)Cc2cccc3ccccc23)c1";"IC50";"'='";"200.0";"nM";"6.70";"";"";"UO_0000065";"12.93";"0.25";"0.96";"5.07";"0";"CHEMBL664922";"Inhibitory activity against dihydrofolate reductase DHFR in Toxoplasma gondii.";"B";"BAO_0000357";"single protein format";"Toxoplasma gondii";"None";"None";"None";"None";"";"";"";"CHEMBL2425";"Dihydrofolate reductase";"Toxoplasma gondii";"SINGLE PROTEIN";"CHEMBL1134547";"1";"Scientific Literature";"J Med Chem";"2001";"None";"";"";""
"CHEMBL142741";"";"None";"370.41";"0";"1.85";"3";"COc1cc(N(C)Cc2cnc3nc(N)nc(N)c3c2)cc(OC)c1OC";"IC50";"'='";"9.0";"nM";"8.05";"";"";"UO_0000065";"21.72";"0.41";"6.20";"6.61";"0";"CHEMBL665591";"Inhibitory concentration against Dihydrofolate reductase from Toxoplasma gondii (tg)";"B";"BAO_0000357";"single protein format";"Toxoplasma gondii";"None";"None";"None";"None";"";"";"";"CHEMBL2425";"Dihydrofolate reductase";"Toxoplasma gondii";"SINGLE PROTEIN";"CHEMBL1129937";"1";"Scientific Literature";"J Med Chem";"1997";"None";"";"";""
"CHEMBL141708";"";"None";"323.36";"0";"2.38";"7";"COc1ccc(/C=C/c2cnc3nc(N)nc(N)c3c2)cc1OC";"IC50";"'='";"1400.0";"nM";"5.85";"";"";"UO_0000065";"18.10";"0.33";"3.47";"5.36";"0";"CHEMBL665591";"Inhibitory concentration against Dihydrofolate reductase from Toxoplasma gondii (tg)";"B";"BAO_0000357";"single protein format";"Toxoplasma gondii";"None";"None";"None";"None";"";"";"";"CHEMBL2425";"Dihydrofolate reductase";"Toxoplasma gondii";"SINGLE PROTEIN";"CHEMBL1129937";"1";"Scientific Literature";"J Med Chem";"1997";"None";"";"";""
"CHEMBL77409";"";"None";"338.32";"0";"1.85";"8a";"Nc1nc(N)c2cc(COC(=O)c3ccc(C(=O)O)cc3)ccc2n1";"IC50";"'='";"1000.0";"nM";"6.00";"";"";"UO_0000065";"17.73";"0.33";"4.15";"4.24";"0";"CHEMBL665597";"Inhibitory concentration against dihydrofolate reductase DHFR from Toxoplasma gondii";"B";"BAO_0000357";"single protein format";"Toxoplasma gondii";"None";"None";"None";"None";"";"";"";"CHEMBL2425";"Dihydrofolate reductase";"Toxoplasma gondii";"SINGLE PROTEIN";"CHEMBL1134533";"1";"Scientific Literature";"J Med Chem";"2001";"None";"";"";""
"CHEMBL23459";"";"None";"357.37";"0";"1.22";"12q";"COc1cc(NCc2cnc3nc(N)nc(N)c3n2)cc(OC)c1OC";"IC50";"'='";"1000.0";"nM";"6.00";"";"";"UO_0000065";"16.79";"0.32";"4.78";"4.19";"0";"CHEMBL665590";"Inhibitory activity against Toxoplasma gondii dihydrofolate reductase";"B";"BAO_0000357";"single protein format";"Toxoplasma gondii";"None";"None";"None";"None";"";"";"";"CHEMBL2425";"Dihydrofolate reductase";"Toxoplasma gondii";"SINGLE PROTEIN";"CHEMBL1129525";"1";"Scientific Literature";"J Med Chem";"1996";"None";"";"";""
"CHEMBL121683";"";"None";"357.46";"0";"2.29";"6";"CCN(CC1CCc2nc(N)nc(N)c2C1)c1cc(OC)ccc1OC";"IC50";"'='";"17.0";"nM";"7.77";"";"";"UO_0000065";"21.74";"0.41";"5.48";"7.81";"0";"CHEMBL665605";"Inhibitory activity against purified Dihydrofolate reductase from Toxoplasma gondii.";"B";"BAO_0000357";"single protein format";"Toxoplasma gondii";"None";"None";"None";"None";"";"";"";"CHEMBL2425";"Dihydrofolate reductase";"Toxoplasma gondii";"SINGLE PROTEIN";"CHEMBL1128550";"1";"Scientific Literature";"J Med Chem";"1995";"None";"";"";""
"CHEMBL550769";"";"None";"303.41";"0";"3.28";"2a";"CCc1sc2nc(N)[nH]c(=O)c2c1Sc1ccccc1";"IC50";"'='";"8400.0";"nM";"5.08";"";"";"UO_0000065";"16.73";"0.35";"1.80";"7.07";"0";"CHEMBL1062968";"Inhibition of Toxoplasma gondii thymidylate synthase";"B";"BAO_0000357";"single protein format";"Toxoplasma gondii";"None";"None";"None";"None";"";"";"";"CHEMBL2425";"Dihydrofolate reductase";"Toxoplasma gondii";"SINGLE PROTEIN";"CHEMBL1151945";"1";"Scientific Literature";"J Med Chem";"2009";"None";"";"";""
"CHEMBL564277";"";"None";"337.86";"0";"3.93";"2b";"CCc1sc2nc(N)[nH]c(=O)c2c1Sc1ccc(Cl)cc1";"IC50";"'='";"2200.0";"nM";"5.66";"";"";"UO_0000065";"16.75";"0.37";"1.73";"7.88";"0";"CHEMBL1062968";"Inhibition of Toxoplasma gondii thymidylate synthase";"B";"BAO_0000357";"single protein format";"Toxoplasma gondii";"None";"None";"None";"None";"";"";"";"CHEMBL2425";"Dihydrofolate reductase";"Toxoplasma gondii";"SINGLE PROTEIN";"CHEMBL1151945";"1";"Scientific Literature";"J Med Chem";"2009";"None";"";"";""
"CHEMBL560912";"";"None";"372.30";"0";"4.59";"2f";"CCc1sc2nc(N)[nH]c(=O)c2c1Sc1cc(Cl)cc(Cl)c1";"IC50";"'='";"14.0";"nM";"7.85";"";"";"UO_0000065";"21.10";"0.49";"3.26";"10.94";"0";"CHEMBL1062971";"Inhibition of Toxoplasma gondii dihydrofolate reductase";"B";"BAO_0000357";"single protein format";"Toxoplasma gondii";"None";"None";"None";"None";"";"";"";"CHEMBL2425";"Dihydrofolate reductase";"Toxoplasma gondii";"SINGLE PROTEIN";"CHEMBL1151945";"1";"Scientific Literature";"J Med Chem";"2009";"None";"";"";""
"CHEMBL441062";"";"None";"485.95";"0";"4.73";"10h";"CCc1nc(N)nc(N)c1-c1ccc(Cl)c(/N=N/N(CCOC(C)=O)Cc2ccccc2F)c1";"IC50";"'='";"7800.0";"nM";"5.11";"";"";"UO_0000065";"10.51";"0.21";"0.38";"3.87";"0";"CHEMBL664922";"Inhibitory activity against dihydrofolate reductase DHFR in Toxoplasma gondii.";"B";"BAO_0000357";"single protein format";"Toxoplasma gondii";"None";"None";"None";"None";"";"";"";"CHEMBL2425";"Dihydrofolate reductase";"Toxoplasma gondii";"SINGLE PROTEIN";"CHEMBL1134547";"1";"Scientific Literature";"J Med Chem";"2001";"None";"";"";""
"CHEMBL61110";"";"None";"289.73";"0";"2.51";"14";"Nc1nc(O)c2c(CNc3cccc(Cl)c3)c[nH]c2n1";"IC50";"'='";"3500.0";"nM";"5.46";"";"";"UO_0000065";"18.83";"0.37";"2.95";"5.46";"0";"CHEMBL664920";"Inhibitory activity against Toxoplasma gondii dihydrofolate reductase";"B";"BAO_0000357";"single protein format";"Toxoplasma gondii";"None";"None";"None";"None";"";"";"";"CHEMBL2425";"Dihydrofolate reductase";"Toxoplasma gondii";"SINGLE PROTEIN";"CHEMBL1134503";"1";"Scientific Literature";"J Med Chem";"2001";"None";"";"";""
"CHEMBL445359";"";"None";"349.23";"0";"3.13";"26";"CN(Cc1ccc2nc(N)nc(N)c2n1)c1c(Cl)cccc1Cl";"IC50";"'='";"30.0";"nM";"7.52";"";"";"UO_0000065";"21.54";"0.45";"4.39";"8.01";"0";"CHEMBL665702";"Inhibitory activity against Toxoplasma gondii dihydrofolate reductase.";"B";"BAO_0000357";"single protein format";"Toxoplasma gondii";"None";"None";"None";"None";"";"";"";"CHEMBL2425";"Dihydrofolate reductase";"Toxoplasma gondii";"SINGLE PROTEIN";"CHEMBL1129583";"1";"Scientific Literature";"J Med Chem";"1996";"None";"";"";""
"CHEMBL301105";"";"None";"340.39";"0";"1.84";"18";"COc1ccc(OC)c(N(C)Cc2ccc3nc(N)nc(N)c3n2)c1";"IC50";"'='";"25.0";"nM";"7.60";"";"";"UO_0000065";"22.33";"0.42";"5.76";"6.76";"0";"CHEMBL665702";"Inhibitory activity against Toxoplasma gondii dihydrofolate reductase.";"B";"BAO_0000357";"single protein format";"Toxoplasma gondii";"None";"None";"None";"None";"";"";"";"CHEMBL2425";"Dihydrofolate reductase";"Toxoplasma gondii";"SINGLE PROTEIN";"CHEMBL1129583";"1";"Scientific Literature";"J Med Chem";"1996";"None";"";"";""
"CHEMBL79216";"";"None";"354.37";"0";"2.17";"4a";"COc1ccc(OC)c(C(=O)OCc2ccc3nc(N)nc(N)c3c2)c1";"IC50";"'='";"220.0";"nM";"6.66";"";"";"UO_0000065";"18.79";"0.35";"4.49";"5.43";"0";"CHEMBL665597";"Inhibitory concentration against dihydrofolate reductase DHFR from Toxoplasma gondii";"B";"BAO_0000357";"single protein format";"Toxoplasma gondii";"None";"None";"None";"None";"";"";"";"CHEMBL2425";"Dihydrofolate reductase";"Toxoplasma gondii";"SINGLE PROTEIN";"CHEMBL1134533";"1";"Scientific Literature";"J Med Chem";"2001";"None";"";"";""
"CHEMBL102303";"";"None";"240.27";"0";"1.11";"20";"Nc1nc(N)c2nc(Cc3ccccc3)[nH]c2n1";"IC50";"'='";"500.0";"nM";"6.30";"";"";"UO_0000065";"26.22";"0.48";"5.19";"5.92";"0";"CHEMBL664911";"Inhibition of Toxoplasma gondii dihydrofolate reductase";"B";"BAO_0000357";"single protein format";"Toxoplasma gondii";"None";"None";"None";"None";"";"";"";"CHEMBL2425";"Dihydrofolate reductase";"Toxoplasma gondii";"SINGLE PROTEIN";"CHEMBL1130150";"1";"Scientific Literature";"J Med Chem";"1997";"None";"";"";""
"CHEMBL421594";"";"None";"286.30";"0";"1.20";"10";"COc1ccc(-c2nc3c(N)nc(N)nc3[nH]2)c(OC)c1";"IC50";"'='";"2400.0";"nM";"5.62";"";"";"UO_0000065";"19.63";"0.37";"4.42";"4.50";"0";"CHEMBL664911";"Inhibition of Toxoplasma gondii dihydrofolate reductase";"B";"BAO_0000357";"single protein format";"Toxoplasma gondii";"None";"None";"None";"None";"";"";"";"CHEMBL2425";"Dihydrofolate reductase";"Toxoplasma gondii";"SINGLE PROTEIN";"CHEMBL1130150";"1";"Scientific Literature";"J Med Chem";"1997";"None";"";"";""
"CHEMBL119";"TRIMETREXATE";"4.0";"369.43";"0";"2.74";"TMQ";"COc1cc(NCc2ccc3nc(N)nc(N)c3c2C)cc(OC)c1OC";"IC50";"'='";"10.0";"nM";"8.00";"";"";"UO_0000065";"21.65";"0.40";"5.26";"6.81";"1";"CHEMBL1027390";"Inhibition of Toxoplasma gondii dihydrofolate reductase";"B";"BAO_0000357";"single protein format";"Toxoplasma gondii";"None";"None";"None";"None";"";"";"";"CHEMBL2425";"Dihydrofolate reductase";"Toxoplasma gondii";"SINGLE PROTEIN";"CHEMBL1140088";"1";"Scientific Literature";"J Med Chem";"2008";"None";"";"";""
"CHEMBL145005";"";"None";"293.33";"0";"2.37";"8";"COc1ccc(/C=C/c2cnc3nc(N)nc(N)c3c2)cc1";"IC50";"'='";"1500.0";"nM";"5.82";"";"";"UO_0000065";"19.85";"0.36";"3.45";"5.83";"0";"CHEMBL665591";"Inhibitory concentration against Dihydrofolate reductase from Toxoplasma gondii (tg)";"B";"BAO_0000357";"single protein format";"Toxoplasma gondii";"None";"None";"None";"None";"";"";"";"CHEMBL2425";"Dihydrofolate reductase";"Toxoplasma gondii";"SINGLE PROTEIN";"CHEMBL1129937";"1";"Scientific Literature";"J Med Chem";"1997";"None";"";"";""
"CHEMBL105020";"";"None";"302.29";"0";"0.91";"13";"COc1cc(-c2nc3c(N)nc(N)nc3[nH]2)cc(OC)c1O";"IC50";"'='";"1000.0";"nM";"6.00";"";"";"UO_0000065";"19.85";"0.37";"5.09";"4.13";"0";"CHEMBL664911";"Inhibition of Toxoplasma gondii dihydrofolate reductase";"B";"BAO_0000357";"single protein format";"Toxoplasma gondii";"None";"None";"None";"None";"";"";"";"CHEMBL2425";"Dihydrofolate reductase";"Toxoplasma gondii";"SINGLE PROTEIN";"CHEMBL1130150";"1";"Scientific Literature";"J Med Chem";"1997";"None";"";"";""
"CHEMBL192835";"";"None";"419.49";"0";"3.09";"12";"COc1ccc(C#CCCCCC(=O)O)cc1Cc1cnc2nc(N)nc(N)c2c1C";"IC50";"'='";"3.2";"nM";"8.49";"";"";"UO_0000065";"20.25";"0.37";"5.40";"6.19";"0";"CHEMBL827820";"Inhibitory concentration against Toxoplasma gondii DHFR";"B";"BAO_0000357";"single protein format";"Toxoplasma gondii";"None";"None";"None";"None";"";"";"";"CHEMBL2425";"Dihydrofolate reductase";"Toxoplasma gondii";"SINGLE PROTEIN";"CHEMBL1145152";"1";"Scientific Literature";"J Med Chem";"2005";"None";"";"";""
"CHEMBL34259";"METHOTREXATE";"4.0";"454.45";"0";"0.27";"MTX";"CN(Cc1cnc2nc(N)nc(N)c2n1)c1ccc(C(=O)N[C@@H](CCC(=O)O)C(=O)O)cc1";"IC50";"'='";"11.0";"nM";"7.96";"";"";"UO_0000065";"17.51";"0.33";"7.69";"3.78";"1";"CHEMBL914522";"Inhibition of Toxoplasma gondii DHFR";"B";"BAO_0000357";"single protein format";"Toxoplasma gondii";"None";"None";"None";"None";"";"";"";"CHEMBL2425";"Dihydrofolate reductase";"Toxoplasma gondii";"SINGLE PROTEIN";"CHEMBL1139472";"1";"Scientific Literature";"J Med Chem";"2005";"None";"";"";""
"CHEMBL121264";"";"None";"319.41";"0";"3.01";"19";"Nc1nc(N)c2c(n1)CCC(CNc1cccc3ccccc13)C2";"IC50";"'='";"36.0";"nM";"7.44";"";"";"UO_0000065";"23.30";"0.42";"4.43";"8.28";"0";"CHEMBL665603";"Inhibitory activity against purified DHFR (Dihydrofolate reductase) from Toxoplasma gondii";"B";"BAO_0000357";"single protein format";"Toxoplasma gondii";"None";"None";"None";"None";"";"";"";"CHEMBL2425";"Dihydrofolate reductase";"Toxoplasma gondii";"SINGLE PROTEIN";"CHEMBL1128550";"1";"Scientific Literature";"J Med Chem";"1995";"None";"";"";""
"CHEMBL22";"TRIMETHOPRIM";"4.0";"290.32";"0";"1.26";"Trimethoprim";"COc1cc(Cc2cnc(N)nc2N)cc(OC)c1OC";"IC50";"'='";"2700.0";"nM";"5.57";"";"";"UO_0000065";"19.18";"0.36";"4.31";"5.28";"1";"CHEMBL665603";"Inhibitory activity against purified DHFR (Dihydrofolate reductase) from Toxoplasma gondii";"B";"BAO_0000357";"single protein format";"Toxoplasma gondii";"None";"None";"None";"None";"";"";"";"CHEMBL2425";"Dihydrofolate reductase";"Toxoplasma gondii";"SINGLE PROTEIN";"CHEMBL1128550";"1";"Scientific Literature";"J Med Chem";"1995";"None";"";"";""
"CHEMBL1738740";"";"None";"507.53";"1";"2.61";"7";"Nc1nc2sc3cccc(CNc4ccc5c(c4)CN([C@@H](CCC(=O)O)C(=O)O)C5=O)c3c2c(=O)[nH]1";"IC50";"'='";"10.0";"nM";"8.00";"";"";"UO_0000065";"15.76";"0.30";"5.39";"4.48";"0";"CHEMBL1819664";"Inhibition of Toxoplasma gondii DHFR by spectrophotometry";"B";"BAO_0000357";"single protein format";"Toxoplasma gondii";"None";"None";"None";"None";"";"";"";"CHEMBL2425";"Dihydrofolate reductase";"Toxoplasma gondii";"SINGLE PROTEIN";"CHEMBL1817595";"1";"Scientific Literature";"Bioorg Med Chem";"2011";"None";"";"";""
"CHEMBL227010";"";"None";"315.40";"0";"2.84";"14";"CCc1c(Sc2cccc(OC)c2)[nH]c2nc(N)nc(N)c12";"IC50";"'='";"1090000.0";"nM";"";"Outside typical range";"";"UO_0000065";"";"";"";"";"0";"CHEMBL889609";"Inhibition of Toxoplasma gondii DHFR";"B";"BAO_0000357";"single protein format";"Toxoplasma gondii";"None";"None";"None";"None";"";"";"";"CHEMBL2425";"Dihydrofolate reductase";"Toxoplasma gondii";"SINGLE PROTEIN";"CHEMBL1145401";"1";"Scientific Literature";"J Med Chem";"2007";"None";"";"";""
"CHEMBL2092925";"";"None";"439.43";"0";"2.00";"6";"C/C(=C\c1coc2nc(N)nc(N)c12)c1ccc(C(=O)N[C@@H](CCC(=O)O)C(=O)O)cc1";"IC50";"'='";"110000.0";"nM";"";"Outside typical range";"";"UO_0000065";"";"";"";"";"0";"CHEMBL665594";"Inhibitory concentration against Toxoplasma gondii Dihydrofolate reductase";"B";"BAO_0000357";"single protein format";"Toxoplasma gondii";"None";"None";"None";"None";"";"";"";"CHEMBL2425";"Dihydrofolate reductase";"Toxoplasma gondii";"SINGLE PROTEIN";"CHEMBL1133617";"1";"Scientific Literature";"J Med Chem";"2000";"None";"";"";""
"CHEMBL1099118";"";"None";"345.41";"0";"3.34";"11b";"Nc1cc(OCCN2c3ccccc3C=Cc3ccccc32)nc(N)n1";"Activity";"'='";"3.35";"uM";"";"";"";"UO_0000064";"";"";"";"";"0";"CHEMBL1108182";"Inhibition of Toxoplasma gondii DHFR by continuous spectrophotometric assay";"B";"BAO_0000357";"single protein format";"Toxoplasma gondii";"None";"None";"None";"None";"";"";"";"CHEMBL2425";"Dihydrofolate reductase";"Toxoplasma gondii";"SINGLE PROTEIN";"CHEMBL1157930";"1";"Scientific Literature";"Bioorg Med Chem";"2010";"None";"";"";""
"CHEMBL64729";"";"None";"345.36";"0";"1.88";"10";"COc1cc(NCc2c[nH]c3nc(N)nc(O)c23)cc(OC)c1OC";"IC50";"'='";"9300.0";"nM";"5.03";"";"";"UO_0000065";"14.57";"0.27";"3.15";"3.95";"0";"CHEMBL664920";"Inhibitory activity against Toxoplasma gondii dihydrofolate reductase";"B";"BAO_0000357";"single protein format";"Toxoplasma gondii";"None";"None";"None";"None";"";"";"";"CHEMBL2425";"Dihydrofolate reductase";"Toxoplasma gondii";"SINGLE PROTEIN";"CHEMBL1134503";"1";"Scientific Literature";"J Med Chem";"2001";"None";"";"";""
"CHEMBL7492";"PIRITREXIM";"2.0";"325.37";"0";"2.11";"Piritrexim (PTX)";"COc1ccc(OC)c(Cc2cnc3nc(N)nc(N)c3c2C)c1";"IC50";"'='";"11.0";"nM";"7.96";"";"";"UO_0000065";"24.46";"0.45";"5.85";"7.29";"1";"CHEMBL664916";"Inhibitory activity against Dihydrofolate reductase from Toxoplasma gondii";"B";"BAO_0000357";"single protein format";"Toxoplasma gondii";"None";"None";"None";"None";"";"";"";"CHEMBL2425";"Dihydrofolate reductase";"Toxoplasma gondii";"SINGLE PROTEIN";"CHEMBL1128680";"1";"Scientific Literature";"J Med Chem";"1995";"None";"";"";""
"CHEMBL84273";"";"None";"455.48";"0";"3.26";"9";"Nc1nc(N)c2nc(CN3c4ccccc4C=Cc4cc(OCCC(=O)O)ccc43)cnc2n1";"IC50";"'='";"28.0";"nM";"7.55";"";"";"UO_0000065";"16.58";"0.30";"4.29";"4.92";"0";"CHEMBL664380";"Concentration required to inhibit the Toxoplasma gondii Dihydrofolate reductase by 50% was determined; Range: 25-30";"B";"BAO_0000357";"single protein format";"Toxoplasma gondii";"None";"None";"None";"None";"";"";"";"CHEMBL2425";"Dihydrofolate reductase";"Toxoplasma gondii";"SINGLE PROTEIN";"CHEMBL1149188";"1";"Scientific Literature";"J Med Chem";"2004";"None";"";"";""
"CHEMBL287240";"";"None";"385.42";"0";"1.97";"2";"COc1cc(CN2CCc3c(oc4nc(N)nc(N)c34)C2)cc(OC)c1OC";"IC50";"'>'";"35000.0";"nM";"";"";"";"UO_0000065";"";"";"";"";"0";"CHEMBL665601";"Inhibition of Toxoplasma gondii Dihydrofolate reductase";"B";"BAO_0000357";"single protein format";"Toxoplasma gondii";"None";"None";"None";"None";"";"";"";"CHEMBL2425";"Dihydrofolate reductase";"Toxoplasma gondii";"SINGLE PROTEIN";"CHEMBL1131530";"1";"Scientific Literature";"J Med Chem";"1998";"None";"";"";""
"CHEMBL17323";"";"None";"314.35";"0";"1.75";"6";"COc1ccc(OC)c(NCc2c[nH]c3nc(N)nc(N)c23)c1";"IC50";"'='";"1698.24";"nM";"5.77";"";"";"UO_0000065";"18.36";"0.34";"4.02";"4.65";"1";"CHEMBL1071424";"Inhibition of Toxoplasma gondii DHFR by spectrophotometric assay";"B";"BAO_0000357";"single protein format";"Toxoplasma gondii";"None";"None";"None";"None";"";"";"";"CHEMBL2425";"Dihydrofolate reductase";"Toxoplasma gondii";"SINGLE PROTEIN";"CHEMBL1156926";"1";"Scientific Literature";"Bioorg Med Chem";"2010";"None";"";"";""
"CHEMBL602913";"";"None";"325.44";"0";"3.29";"16";"Nc1nc(N)c2c(CSc3cccc4c3CCCC4)c[nH]c2n1";"IC50";"'='";"812.83";"nM";"6.09";"";"";"UO_0000065";"18.71";"0.36";"2.80";"6.51";"0";"CHEMBL1071424";"Inhibition of Toxoplasma gondii DHFR by spectrophotometric assay";"B";"BAO_0000357";"single protein format";"Toxoplasma gondii";"None";"None";"None";"None";"";"";"";"CHEMBL2425";"Dihydrofolate reductase";"Toxoplasma gondii";"SINGLE PROTEIN";"CHEMBL1156926";"1";"Scientific Literature";"Bioorg Med Chem";"2010";"None";"";"";""
"CHEMBL283311";"";"None";"322.39";"0";"3.83";"38";"Nc1nc(N)c2c(CSc3ccc4ccccc4c3)coc2n1";"IC50";"'='";"11600.0";"nM";"4.94";"";"";"UO_0000065";"15.31";"0.29";"1.11";"5.43";"1";"CHEMBL1071424";"Inhibition of Toxoplasma gondii DHFR by spectrophotometric assay";"B";"BAO_0000357";"single protein format";"Toxoplasma gondii";"None";"None";"None";"None";"";"";"";"CHEMBL2425";"Dihydrofolate reductase";"Toxoplasma gondii";"SINGLE PROTEIN";"CHEMBL1156926";"1";"Scientific Literature";"Bioorg Med Chem";"2010";"None";"";"";""
"CHEMBL596672";"";"None";"445.46";"0";"1.89";"5";"Cc1c(Sc2ccc(C(=O)N[C@@H](CCC(=O)O)C(=O)O)cc2)oc2nc(N)nc(N)c12";"IC50";"'='";"12000.0";"nM";"4.92";"";"";"UO_0000065";"11.05";"0.22";"3.03";"2.53";"0";"CHEMBL1073069";"Inhibition of Toxoplasma gondii DHFR at 37 degC by spectrophotometry";"B";"BAO_0000357";"single protein format";"Toxoplasma gondii";"None";"None";"None";"None";"";"";"";"CHEMBL2425";"Dihydrofolate reductase";"Toxoplasma gondii";"SINGLE PROTEIN";"CHEMBL1159120";"1";"Scientific Literature";"Bioorg Med Chem";"2010";"None";"";"";""
"CHEMBL17453";"";"None";"328.38";"0";"1.78";"11";"COc1ccc(OC)c(N(C)Cc2c[nH]c3nc(N)nc(N)c23)c1";"IC50";"'='";"3388.44";"nM";"5.47";"";"";"UO_0000065";"16.66";"0.31";"3.69";"4.74";"0";"CHEMBL1071424";"Inhibition of Toxoplasma gondii DHFR by spectrophotometric assay";"B";"BAO_0000357";"single protein format";"Toxoplasma gondii";"None";"None";"None";"None";"";"";"";"CHEMBL2425";"Dihydrofolate reductase";"Toxoplasma gondii";"SINGLE PROTEIN";"CHEMBL1156926";"1";"Scientific Literature";"Bioorg Med Chem";"2010";"None";"";"";""
"CHEMBL334198";"";"None";"305.79";"0";"3.24";"60";"Cc1c(Sc2cccc(Cl)c2)[nH]c2nc(N)nc(N)c12";"IC50";"'='";"6918.31";"nM";"5.16";"";"";"UO_0000065";"16.87";"0.35";"1.92";"5.51";"0";"CHEMBL1071424";"Inhibition of Toxoplasma gondii DHFR by spectrophotometric assay";"B";"BAO_0000357";"single protein format";"Toxoplasma gondii";"None";"None";"None";"None";"";"";"";"CHEMBL2425";"Dihydrofolate reductase";"Toxoplasma gondii";"SINGLE PROTEIN";"CHEMBL1156926";"1";"Scientific Literature";"Bioorg Med Chem";"2010";"None";"";"";""
"CHEMBL478213";"";"None";"349.46";"0";"4.38";"18";"CCCc1c(Sc2ccc3ccccc3c2)[nH]c2nc(N)nc(N)c12";"IC50";"'>'";"15000.0";"nM";"";"";"";"UO_0000065";"";"";"";"";"0";"CHEMBL983744";"Inhibition of Toxoplasma gondii thymidylate synthase";"B";"BAO_0000357";"single protein format";"Toxoplasma gondii";"None";"None";"None";"None";"";"";"";"CHEMBL2425";"Dihydrofolate reductase";"Toxoplasma gondii";"SINGLE PROTEIN";"CHEMBL1155823";"1";"Scientific Literature";"J Med Chem";"2008";"None";"";"";""
"CHEMBL22";"TRIMETHOPRIM";"4.0";"290.32";"0";"1.26";"4";"COc1cc(Cc2cnc(N)nc2N)cc(OC)c1OC";"IC50";"'='";"2800.0";"nM";"5.55";"";"";"UO_0000065";"19.13";"0.36";"4.29";"5.26";"1";"CHEMBL827820";"Inhibitory concentration against Toxoplasma gondii DHFR";"B";"BAO_0000357";"single protein format";"Toxoplasma gondii";"None";"None";"None";"None";"";"";"";"CHEMBL2425";"Dihydrofolate reductase";"Toxoplasma gondii";"SINGLE PROTEIN";"CHEMBL1145152";"1";"Scientific Literature";"J Med Chem";"2005";"None";"";"";""
"CHEMBL190340";"";"None";"401.47";"0";"3.68";"38";"COc1ccc(OCc2ccccc2)c(Cc2cnc3nc(N)nc(N)c3c2C)c1";"IC50";"'='";"16.0";"nM";"7.80";"";"";"UO_0000065";"19.42";"0.35";"4.12";"7.14";"0";"CHEMBL827820";"Inhibitory concentration against Toxoplasma gondii DHFR";"B";"BAO_0000357";"single protein format";"Toxoplasma gondii";"None";"None";"None";"None";"";"";"";"CHEMBL2425";"Dihydrofolate reductase";"Toxoplasma gondii";"SINGLE PROTEIN";"CHEMBL1145152";"1";"Scientific Literature";"J Med Chem";"2005";"None";"";"";""
"CHEMBL514219";"";"None";"368.29";"0";"4.53";"11";"CCCc1c(Sc2c(Cl)cccc2Cl)[nH]c2nc(N)nc(N)c12";"IC50";"";"";"";"";"";"Not Determined";"";"";"";"";"";"0";"CHEMBL983744";"Inhibition of Toxoplasma gondii thymidylate synthase";"B";"BAO_0000357";"single protein format";"Toxoplasma gondii";"None";"None";"None";"None";"";"";"";"CHEMBL2425";"Dihydrofolate reductase";"Toxoplasma gondii";"SINGLE PROTEIN";"CHEMBL1155823";"1";"Scientific Literature";"J Med Chem";"2008";"None";"";"";""
"CHEMBL516891";"";"None";"299.40";"0";"3.23";"13";"CCCc1c(Sc2ccccc2)[nH]c2nc(N)nc(N)c12";"IC50";"'>'";"1400.0";"nM";"";"";"";"UO_0000065";"";"";"";"";"0";"CHEMBL983744";"Inhibition of Toxoplasma gondii thymidylate synthase";"B";"BAO_0000357";"single protein format";"Toxoplasma gondii";"None";"None";"None";"None";"";"";"";"CHEMBL2425";"Dihydrofolate reductase";"Toxoplasma gondii";"SINGLE PROTEIN";"CHEMBL1155823";"1";"Scientific Literature";"J Med Chem";"2008";"None";"";"";""
"CHEMBL495125";"";"None";"290.37";"0";"2.42";"12";"Cc1sc2nc(N)[nH]c(=O)c2c1Sc1ccncc1";"IC50";"'='";"1400.0";"nM";"5.85";"";"";"UO_0000065";"20.16";"0.42";"3.43";"6.91";"0";"CHEMBL1034982";"Inhibition of Toxoplasma gondii thymidylate synthase";"B";"BAO_0000357";"single protein format";"Toxoplasma gondii";"None";"None";"None";"None";"";"";"";"CHEMBL2425";"Dihydrofolate reductase";"Toxoplasma gondii";"SINGLE PROTEIN";"CHEMBL1140135";"1";"Scientific Literature";"J Med Chem";"2008";"None";"";"";""
"CHEMBL17232";"";"None";"427.42";"1";"0.78";"9";"Nc1nc(N)c2c(CNc3ccc(C(=O)NC(CCC(=O)O)C(=O)O)cc3)c[nH]c2n1";"IC50";"'='";"210.0";"nM";"6.68";"";"";"UO_0000065";"15.62";"0.29";"5.90";"3.19";"0";"CHEMBL665698";"Inhibition of Toxoplasma gondii (tc) Dihydrofolate reductase";"B";"BAO_0000357";"single protein format";"Toxoplasma gondii";"None";"None";"None";"None";"";"";"";"CHEMBL2425";"Dihydrofolate reductase";"Toxoplasma gondii";"SINGLE PROTEIN";"CHEMBL1128397";"1";"Scientific Literature";"J Med Chem";"1995";"None";"";"";""
"CHEMBL1530518";"";"None";"335.32";"0";"3.06";"10, RJC00902";"COC(=O)Nc1nc2cc(-c3nnc(O)c4ccccc34)ccc2[nH]1";"IC50";"'='";"51000.0";"nM";"4.29";"";"";"UO_0000065";"12.80";"0.23";"1.23";"3.80";"0";"CHEMBL3118571";"Inhibition of Toxoplasma gondii TS-DHFR using methylenetetrahydrofolate/dUMP as sustrate preincubated for 10 mins followed by substrate addition";"B";"BAO_0000357";"single protein format";"Toxoplasma gondii";"None";"None";"None";"None";"";"";"";"CHEMBL2425";"Dihydrofolate reductase";"Toxoplasma gondii";"SINGLE PROTEIN";"CHEMBL3112437";"1";"Scientific Literature";"Bioorg Med Chem Lett";"2014";"None";"";"";""
"CHEMBL3112972";"";"None";"429.32";"1";"6.73";"1, HTS10533";"O=C(Nc1ccccc1)OCc1ccc(-c2cc(C(F)(F)F)cc(C(F)(F)F)c2)o1";"Inhibition";"'='";"50.0";"%";"";"";"";"UO_0000187";"";"";"";"";"0";"CHEMBL3118570";"Inhibition of Toxoplasma gondii TS-DHFR using methylenetetrahydrofolate/dUMP as sustrate at 100 uM preincubated for 10 mins followed by substrate addition";"B";"BAO_0000357";"single protein format";"Toxoplasma gondii";"None";"None";"None";"None";"";"";"";"CHEMBL2425";"Dihydrofolate reductase";"Toxoplasma gondii";"SINGLE PROTEIN";"CHEMBL3112437";"1";"Scientific Literature";"Bioorg Med Chem Lett";"2014";"None";"";"";""
"CHEMBL389051";"";"None";"477.48";"0";"1.19";"CB-3717";"C#CCN(Cc1ccc2[nH]c(N)nc(=O)c2c1)c1ccc(C(=O)N[C@@H](CCC(=O)O)C(=O)O)cc1";"IC50";"'='";"260.0";"nM";"6.58";"";"";"UO_0000065";"13.79";"0.26";"5.40";"3.68";"0";"CHEMBL1819664";"Inhibition of Toxoplasma gondii DHFR by spectrophotometry";"B";"BAO_0000357";"single protein format";"Toxoplasma gondii";"None";"None";"None";"None";"";"";"";"CHEMBL2425";"Dihydrofolate reductase";"Toxoplasma gondii";"SINGLE PROTEIN";"CHEMBL1817595";"1";"Scientific Literature";"Bioorg Med Chem";"2011";"None";"";"";""
"CHEMBL190026";"";"None";"421.24";"0";"2.70";"56";"COc1ccc(I)c(Cc2cnc3nc(N)nc(N)c3c2C)c1";"IC50";"'='";"5.8";"nM";"8.24";"";"";"UO_0000065";"19.55";"0.49";"5.54";"8.24";"0";"CHEMBL827820";"Inhibitory concentration against Toxoplasma gondii DHFR";"B";"BAO_0000357";"single protein format";"Toxoplasma gondii";"None";"None";"None";"None";"";"";"";"CHEMBL2425";"Dihydrofolate reductase";"Toxoplasma gondii";"SINGLE PROTEIN";"CHEMBL1145152";"1";"Scientific Literature";"J Med Chem";"2005";"None";"";"";""
"CHEMBL23220";"";"None";"348.45";"0";"3.01";"14m";"Cc1c(CN(C)c2cccc3c2CCCC3)cnc2nc(N)nc(N)c12";"IC50";"'='";"16.0";"nM";"7.80";"";"";"UO_0000065";"22.37";"0.41";"4.79";"8.30";"0";"CHEMBL665590";"Inhibitory activity against Toxoplasma gondii dihydrofolate reductase";"B";"BAO_0000357";"single protein format";"Toxoplasma gondii";"None";"None";"None";"None";"";"";"";"CHEMBL2425";"Dihydrofolate reductase";"Toxoplasma gondii";"SINGLE PROTEIN";"CHEMBL1129525";"1";"Scientific Literature";"J Med Chem";"1996";"None";"";"";""
"CHEMBL119";"TRIMETREXATE";"4.0";"369.43";"0";"2.74";"TMQ";"COc1cc(NCc2ccc3nc(N)nc(N)c3c2C)cc(OC)c1OC";"IC50";"'='";"10.0";"nM";"8.00";"";"";"UO_0000065";"21.65";"0.40";"5.26";"6.81";"1";"CHEMBL664908";"Inhibitory activity against dihydrofolate reductase from Toxoplasma gondii";"B";"BAO_0000357";"single protein format";"Toxoplasma gondii";"None";"None";"None";"None";"";"";"";"CHEMBL2425";"Dihydrofolate reductase";"Toxoplasma gondii";"SINGLE PROTEIN";"CHEMBL1131327";"1";"Scientific Literature";"J Med Chem";"1998";"None";"";"";""
"CHEMBL331456";"";"None";"340.24";"0";"3.89";"10";"Cc1c(Sc2ccc(Cl)cc2Cl)[nH]c2nc(N)nc(N)c12";"IC50";"'='";"20000.0";"nM";"4.70";"";"";"UO_0000065";"13.81";"0.31";"0.81";"5.02";"0";"CHEMBL668092";"Inhibitory concentration against Dihydrofolate reductase from Toxoplasma gondii (Toxoplasma gondii)";"B";"BAO_0000357";"single protein format";"Toxoplasma gondii";"None";"None";"None";"None";"";"";"";"CHEMBL2425";"Dihydrofolate reductase";"Toxoplasma gondii";"SINGLE PROTEIN";"CHEMBL1148359";"1";"Scientific Literature";"J Med Chem";"2004";"None";"";"";""
"CHEMBL32708";"";"None";"326.36";"0";"1.82";"21";"COc1ccc(OC)c(CNc2cnc3nc(N)nc(N)c3c2)c1";"IC50";"'='";"500.0";"nM";"6.30";"";"";"UO_0000065";"19.31";"0.36";"4.48";"5.20";"0";"CHEMBL665613";"Inhibitory activity against Toxoplasma gondii dihydrofolate reductase (in 50 uM dihydrofolic acid)";"B";"BAO_0000357";"single protein format";"Toxoplasma gondii";"None";"None";"None";"None";"";"";"";"CHEMBL2425";"Dihydrofolate reductase";"Toxoplasma gondii";"SINGLE PROTEIN";"CHEMBL1129539";"1";"Scientific Literature";"J Med Chem";"1996";"None";"";"";""
"CHEMBL492837";"";"None";"332.39";"0";"2.31";"8";"COc1ccc(OC)c(Sc2c(C)[nH]c3nc(N)[nH]c(=O)c23)c1";"IC50";"'>'";"23000.0";"nM";"";"";"";"UO_0000065";"";"";"";"";"0";"CHEMBL1034982";"Inhibition of Toxoplasma gondii thymidylate synthase";"B";"BAO_0000357";"single protein format";"Toxoplasma gondii";"None";"None";"None";"None";"";"";"";"CHEMBL2425";"Dihydrofolate reductase";"Toxoplasma gondii";"SINGLE PROTEIN";"CHEMBL1140135";"1";"Scientific Literature";"J Med Chem";"2008";"None";"";"";""
"CHEMBL400485";"";"None";"341.22";"0";"3.60";"3";"Cc1[nH]c2nc(N)[nH]c(=O)c2c1Sc1ccc(Cl)c(Cl)c1";"IC50";"";"";"";"";"";"Not Determined";"";"";"";"";"";"0";"CHEMBL1034982";"Inhibition of Toxoplasma gondii thymidylate synthase";"B";"BAO_0000357";"single protein format";"Toxoplasma gondii";"None";"None";"None";"None";"";"";"";"CHEMBL2425";"Dihydrofolate reductase";"Toxoplasma gondii";"SINGLE PROTEIN";"CHEMBL1140135";"1";"Scientific Literature";"J Med Chem";"2008";"None";"";"";""
"CHEMBL495124";"";"None";"339.45";"0";"4.18";"11";"Cc1sc2nc(N)[nH]c(=O)c2c1Sc1ccc2ccccc2c1";"IC50";"'='";"44.0";"nM";"7.36";"";"";"UO_0000065";"21.67";"0.44";"3.18";"10.25";"0";"CHEMBL1034984";"Inhibition of Toxoplasma gondii DHFR";"B";"BAO_0000357";"single protein format";"Toxoplasma gondii";"None";"None";"None";"None";"";"";"";"CHEMBL2425";"Dihydrofolate reductase";"Toxoplasma gondii";"SINGLE PROTEIN";"CHEMBL1140135";"1";"Scientific Literature";"J Med Chem";"2008";"None";"";"";""
"CHEMBL522517";"";"None";"323.83";"0";"3.68";"6";"Cc1sc2nc(N)[nH]c(=O)c2c1Sc1ccc(Cl)cc1";"IC50";"'='";"31.0";"nM";"7.51";"";"";"UO_0000065";"23.19";"0.51";"3.83";"10.46";"0";"CHEMBL1034984";"Inhibition of Toxoplasma gondii DHFR";"B";"BAO_0000357";"single protein format";"Toxoplasma gondii";"None";"None";"None";"None";"";"";"";"CHEMBL2425";"Dihydrofolate reductase";"Toxoplasma gondii";"SINGLE PROTEIN";"CHEMBL1140135";"1";"Scientific Literature";"J Med Chem";"2008";"None";"";"";""
"CHEMBL598292";"";"None";"302.36";"0";"2.86";"14";"COc1cccc(Sc2oc3nc(N)nc(N)c3c2C)c1";"IC50";"'='";"45900.0";"nM";"4.34";"";"";"UO_0000065";"14.35";"0.28";"1.48";"4.33";"0";"CHEMBL1073069";"Inhibition of Toxoplasma gondii DHFR at 37 degC by spectrophotometry";"B";"BAO_0000357";"single protein format";"Toxoplasma gondii";"None";"None";"None";"None";"";"";"";"CHEMBL2425";"Dihydrofolate reductase";"Toxoplasma gondii";"SINGLE PROTEIN";"CHEMBL1159120";"1";"Scientific Literature";"Bioorg Med Chem";"2010";"None";"";"";""
"CHEMBL605980";"";"None";"364.43";"0";"4.47";"58";"Nc1nc(N)c2c(CSc3ccc(Oc4ccccc4)cc3)coc2n1";"IC50";"'='";"259000.0";"nM";"";"Outside typical range";"";"UO_0000065";"";"";"";"";"0";"CHEMBL1071424";"Inhibition of Toxoplasma gondii DHFR by spectrophotometric assay";"B";"BAO_0000357";"single protein format";"Toxoplasma gondii";"None";"None";"None";"None";"";"";"";"CHEMBL2425";"Dihydrofolate reductase";"Toxoplasma gondii";"SINGLE PROTEIN";"CHEMBL1156926";"1";"Scientific Literature";"Bioorg Med Chem";"2010";"None";"";"";""
"CHEMBL432136";"";"None";"254.30";"0";"1.73";"10";"Nc1nc(N)c2c(CNc3ccccc3)c[nH]c2n1";"IC50";"'='";"3900.0";"nM";"5.41";"";"";"UO_0000065";"21.27";"0.39";"3.68";"5.12";"1";"CHEMBL1071424";"Inhibition of Toxoplasma gondii DHFR by spectrophotometric assay";"B";"BAO_0000357";"single protein format";"Toxoplasma gondii";"None";"None";"None";"None";"";"";"";"CHEMBL2425";"Dihydrofolate reductase";"Toxoplasma gondii";"SINGLE PROTEIN";"CHEMBL1156926";"1";"Scientific Literature";"Bioorg Med Chem";"2010";"None";"";"";""
"CHEMBL600412";"";"None";"325.44";"0";"3.46";"67";"Cc1[nH]c2nc(N)nc(N)c2c1Sc1cccc2c1CCCC2";"IC50";"'='";"18800.0";"nM";"4.73";"";"";"UO_0000065";"14.52";"0.28";"1.27";"5.05";"0";"CHEMBL1071424";"Inhibition of Toxoplasma gondii DHFR by spectrophotometric assay";"B";"BAO_0000357";"single protein format";"Toxoplasma gondii";"None";"None";"None";"None";"";"";"";"CHEMBL2425";"Dihydrofolate reductase";"Toxoplasma gondii";"SINGLE PROTEIN";"CHEMBL1156926";"1";"Scientific Literature";"Bioorg Med Chem";"2010";"None";"";"";""
"CHEMBL106070";"";"None";"286.30";"0";"1.20";"23";"COc1ccc(OC)c(-c2nc3c(N)nc(N)nc3[nH]2)c1";"IC50";"'='";"1698.24";"nM";"5.77";"";"";"UO_0000065";"20.15";"0.38";"4.57";"4.62";"0";"CHEMBL1071424";"Inhibition of Toxoplasma gondii DHFR by spectrophotometric assay";"B";"BAO_0000357";"single protein format";"Toxoplasma gondii";"None";"None";"None";"None";"";"";"";"CHEMBL2425";"Dihydrofolate reductase";"Toxoplasma gondii";"SINGLE PROTEIN";"CHEMBL1156926";"1";"Scientific Literature";"Bioorg Med Chem";"2010";"None";"";"";""
"CHEMBL278110";"";"None";"372.64";"0";"3.98";"46";"CN(Cc1coc2nc(N)nc(N)c12)c1cc(Cl)c(Cl)c(Cl)c1";"IC50";"'='";"21379.62";"nM";"4.67";"";"";"UO_0000065";"12.53";"0.28";"0.69";"4.96";"1";"CHEMBL1071424";"Inhibition of Toxoplasma gondii DHFR by spectrophotometric assay";"B";"BAO_0000357";"single protein format";"Toxoplasma gondii";"None";"None";"None";"None";"";"";"";"CHEMBL2425";"Dihydrofolate reductase";"Toxoplasma gondii";"SINGLE PROTEIN";"CHEMBL1156926";"1";"Scientific Literature";"Bioorg Med Chem";"2010";"None";"";"";""
"CHEMBL596970";"";"None";"348.43";"0";"4.35";"53";"Nc1nc(N)c2c(CSc3ccccc3-c3ccccc3)coc2n1";"IC50";"'='";"104712.85";"nM";"";"Outside typical range";"";"UO_0000065";"";"";"";"";"0";"CHEMBL1071424";"Inhibition of Toxoplasma gondii DHFR by spectrophotometric assay";"B";"BAO_0000357";"single protein format";"Toxoplasma gondii";"None";"None";"None";"None";"";"";"";"CHEMBL2425";"Dihydrofolate reductase";"Toxoplasma gondii";"SINGLE PROTEIN";"CHEMBL1156926";"1";"Scientific Literature";"Bioorg Med Chem";"2010";"None";"";"";""
"CHEMBL591930";"";"None";"321.43";"0";"3.18";"78";"Nc1nc(N)c2c(CCCc3cccc4c3CCCC4)c[nH]c2n1";"IC50";"'='";"1300.0";"nM";"5.89";"";"";"UO_0000065";"18.31";"0.33";"2.71";"6.29";"0";"CHEMBL1071424";"Inhibition of Toxoplasma gondii DHFR by spectrophotometric assay";"B";"BAO_0000357";"single protein format";"Toxoplasma gondii";"None";"None";"None";"None";"";"";"";"CHEMBL2425";"Dihydrofolate reductase";"Toxoplasma gondii";"SINGLE PROTEIN";"CHEMBL1156926";"1";"Scientific Literature";"Bioorg Med Chem";"2010";"None";"";"";""
"CHEMBL514219";"";"None";"368.29";"0";"4.53";"11";"CCCc1c(Sc2c(Cl)cccc2Cl)[nH]c2nc(N)nc(N)c12";"IC50";"";"";"";"";"";"Not Determined";"";"";"";"";"";"0";"CHEMBL983765";"Inhibition of Toxoplasma gondii dihydrofolate reductase";"B";"BAO_0000357";"single protein format";"Toxoplasma gondii";"None";"None";"None";"None";"";"";"";"CHEMBL2425";"Dihydrofolate reductase";"Toxoplasma gondii";"SINGLE PROTEIN";"CHEMBL1155823";"1";"Scientific Literature";"J Med Chem";"2008";"None";"";"";""
"CHEMBL477790";"";"None";"329.43";"0";"3.23";"14";"CCCc1c(Sc2ccc(OC)cc2)[nH]c2nc(N)nc(N)c12";"IC50";"'='";"230.0";"nM";"6.64";"";"";"UO_0000065";"20.15";"0.39";"3.41";"6.45";"0";"CHEMBL983765";"Inhibition of Toxoplasma gondii dihydrofolate reductase";"B";"BAO_0000357";"single protein format";"Toxoplasma gondii";"None";"None";"None";"None";"";"";"";"CHEMBL2425";"Dihydrofolate reductase";"Toxoplasma gondii";"SINGLE PROTEIN";"CHEMBL1155823";"1";"Scientific Literature";"J Med Chem";"2008";"None";"";"";""
"CHEMBL476745";"";"None";"359.46";"0";"3.24";"16";"CCCc1c(Sc2ccc(OC)c(OC)c2)[nH]c2nc(N)nc(N)c12";"Inhibition";"'='";"16.0";"%";"";"";"";"UO_0000187";"";"";"";"";"0";"CHEMBL983750";"Inhibition of Toxoplasma gondii thymidylate synthase at >11 uM";"B";"BAO_0000357";"single protein format";"Toxoplasma gondii";"None";"None";"None";"None";"";"";"";"CHEMBL2425";"Dihydrofolate reductase";"Toxoplasma gondii";"SINGLE PROTEIN";"CHEMBL1155823";"1";"Scientific Literature";"J Med Chem";"2008";"None";"";"";""
"CHEMBL564004";"";"None";"363.46";"0";"3.30";"2d";"CCc1sc2nc(N)[nH]c(=O)c2c1Sc1cc(OC)ccc1OC";"Inhibition";"'='";"29.0";"%";"";"";"";"UO_0000187";"";"";"";"";"0";"CHEMBL1062974";"Inhibition of Toxoplasma gondii thymidylate synthase at 23 uM";"B";"BAO_0000357";"single protein format";"Toxoplasma gondii";"None";"None";"None";"None";"";"";"";"CHEMBL2425";"Dihydrofolate reductase";"Toxoplasma gondii";"SINGLE PROTEIN";"CHEMBL1151945";"1";"Scientific Literature";"J Med Chem";"2009";"None";"";"";""
"CHEMBL146925";"";"None";"336.40";"0";"1.76";"5";"COc1ccc(CN2CCc3nc4nc(N)nc(N)c4cc3C2)cc1";"IC50";"'='";"2900.0";"nM";"5.54";"";"";"UO_0000065";"16.46";"0.30";"3.78";"5.37";"0";"CHEMBL665701";"Inhibitory activity against Toxoplasma gondii (tg) Dihydrofolate reductase (DHFR)";"B";"BAO_0000357";"single protein format";"Toxoplasma gondii";"None";"None";"None";"None";"";"";"";"CHEMBL2425";"Dihydrofolate reductase";"Toxoplasma gondii";"SINGLE PROTEIN";"CHEMBL1135650";"1";"Scientific Literature";"J Med Chem";"2002";"None";"";"";""
"CHEMBL3099582";"";"None";"358.43";"0";"4.29";"1";"Nc1nc2[nH]c3cccc(Sc4ccc5ccccc5c4)c3c2c(=O)[nH]1";"Ki";"'='";"1.8";"nM";"8.74";"";"";"UO_0000065";"24.40";"0.46";"4.45";"9.99";"0";"CHEMBL3101467";"Inhibition of wild type Toxoplasma gondii TS-DHFR expressed in Escherichia coli BL21 using dUMP and methylene-THF as substrate by kaleidagraph analysis";"B";"BAO_0000366";"cell-free format";"Toxoplasma gondii";"CHEMBL3559721";"Plasma";"None";"None";"";"";"";"CHEMBL2425";"Dihydrofolate reductase";"Toxoplasma gondii";"SINGLE PROTEIN";"CHEMBL3098035";"1";"Scientific Literature";"ACS Med Chem Lett";"2013";"None";"";"";""
"CHEMBL1096524";"";"None";"360.42";"0";"3.42";"6b";"Cc1ccc(COc2ccc(C(=O)/C=C/c3cnc(N)nc3N)cc2)cc1";"Activity";"'='";"116.53";"uM";"";"";"";"UO_0000064";"";"";"";"";"0";"CHEMBL1108182";"Inhibition of Toxoplasma gondii DHFR by continuous spectrophotometric assay";"B";"BAO_0000357";"single protein format";"Toxoplasma gondii";"None";"None";"None";"None";"";"";"";"CHEMBL2425";"Dihydrofolate reductase";"Toxoplasma gondii";"SINGLE PROTEIN";"CHEMBL1157930";"1";"Scientific Literature";"Bioorg Med Chem";"2010";"None";"";"";""
"CHEMBL278515";"";"None";"442.43";"0";"1.07";"9";"CN(Cc1coc2nc(N)nc(N)c12)c1ccc(C(=O)NC(CCC(=O)O)C(=O)O)cc1";"IC50";"'='";"19800.0";"nM";"4.70";"";"";"UO_0000065";"10.63";"0.20";"3.63";"2.38";"1";"CHEMBL665601";"Inhibition of Toxoplasma gondii Dihydrofolate reductase";"B";"BAO_0000357";"single protein format";"Toxoplasma gondii";"None";"None";"None";"None";"";"";"";"CHEMBL2425";"Dihydrofolate reductase";"Toxoplasma gondii";"SINGLE PROTEIN";"CHEMBL1131530";"1";"Scientific Literature";"J Med Chem";"1998";"None";"";"";""
"CHEMBL1738741";"";"None";"495.52";"1";"2.38";"6";"Nc1nc2sc3cccc(CNc4ccc(C(=O)N[C@@H](CCC(=O)O)C(=O)O)cc4)c3c2c(=O)[nH]1";"IC50";"'='";"140.0";"nM";"6.85";"";"";"UO_0000065";"13.83";"0.27";"4.47";"3.66";"0";"CHEMBL1819661";"Inhibition of Toxoplasma gondii TS assessed as oxidation of tetrahydrofolate to dihydrofolate after 2 to 12 mins by spectrophotometry";"B";"BAO_0000357";"single protein format";"Toxoplasma gondii";"None";"None";"None";"None";"";"";"";"CHEMBL2425";"Dihydrofolate reductase";"Toxoplasma gondii";"SINGLE PROTEIN";"CHEMBL1817595";"1";"Scientific Literature";"Bioorg Med Chem";"2011";"None";"";"";""
"CHEMBL3972872";"";"None";"492.93";"0";"4.21";"12";"Nc1ncc(CN2CCN(c3cc(Cl)ccc3OCc3cccc(C(F)(F)F)c3)CC2)c(N)n1";"IC50";"'='";"950.0";"nM";"6.02";"";"";"UO_0000065";"12.22";"0.24";"1.81";"6.44";"0";"CHEMBL3867372";"Inhibition of Toxoplasma gondii TS-DHFR expressed in Escherichia coli BL21 preincubated for 15 mins followed by addition of DHF as substrate and NADPH measured after 60 mins by resazurin/diaphorase coupled assay";"B";"BAO_0000366";"cell-free format";"Toxoplasma gondii";"CHEMBL3559721";"Plasma";"None";"None";"";"";"";"CHEMBL2425";"Dihydrofolate reductase";"Toxoplasma gondii";"SINGLE PROTEIN";"CHEMBL3865850";"1";"Scientific Literature";"ACS Med Chem Lett";"2016";"None";"";"";""
"CHEMBL300603";"";"None";"349.23";"0";"3.13";"70";"CN(Cc1ccc2nc(N)nc(N)c2n1)c1ccc(Cl)c(Cl)c1";"IC50";"'='";"27.0";"nM";"7.57";"";"";"UO_0000065";"21.67";"0.45";"4.44";"8.06";"1";"CHEMBL828662";"Inhibition of Toxoplasma gondii dihydrofolate reductase";"B";"BAO_0000357";"single protein format";"Toxoplasma gondii";"None";"None";"None";"None";"";"";"";"CHEMBL2425";"Dihydrofolate reductase";"Toxoplasma gondii";"SINGLE PROTEIN";"CHEMBL1145190";"1";"Scientific Literature";"J Med Chem";"2005";"None";"";"";""
"CHEMBL17431";"";"None";"331.40";"0";"2.43";"88";"COc1ccc(SCc2c[nH]c3nc(N)nc(N)c23)cc1OC";"IC50";"'='";"2600.0";"nM";"5.58";"";"";"UO_0000065";"16.85";"0.33";"3.16";"4.98";"1";"CHEMBL828662";"Inhibition of Toxoplasma gondii dihydrofolate reductase";"B";"BAO_0000357";"single protein format";"Toxoplasma gondii";"None";"None";"None";"None";"";"";"";"CHEMBL2425";"Dihydrofolate reductase";"Toxoplasma gondii";"SINGLE PROTEIN";"CHEMBL1145190";"1";"Scientific Literature";"J Med Chem";"2005";"None";"";"";""
"CHEMBL1097862";"";"None";"245.29";"0";"1.26";"5a";"COc1ccc(NCc2cnc(N)nc2N)cc1";"Activity";"'='";"44.03";"uM";"";"";"";"UO_0000064";"";"";"";"";"0";"CHEMBL1108182";"Inhibition of Toxoplasma gondii DHFR by continuous spectrophotometric assay";"B";"BAO_0000357";"single protein format";"Toxoplasma gondii";"None";"None";"None";"None";"";"";"";"CHEMBL2425";"Dihydrofolate reductase";"Toxoplasma gondii";"SINGLE PROTEIN";"CHEMBL1157930";"1";"Scientific Literature";"Bioorg Med Chem";"2010";"None";"";"";""
"CHEMBL551049";"";"None";"476.54";"0";"2.33";"2";"CCc1sc2nc(N)[nH]c(=O)c2c1Sc1ccc(C(=O)N[C@@H](CCC(=O)O)C(=O)O)cc1";"IC50";"'='";"2.1";"nM";"8.68";"";"";"UO_0000065";"18.21";"0.37";"6.35";"4.95";"0";"CHEMBL1062971";"Inhibition of Toxoplasma gondii dihydrofolate reductase";"B";"BAO_0000357";"single protein format";"Toxoplasma gondii";"None";"None";"None";"None";"";"";"";"CHEMBL2425";"Dihydrofolate reductase";"Toxoplasma gondii";"SINGLE PROTEIN";"CHEMBL1151945";"1";"Scientific Literature";"J Med Chem";"2009";"None";"";"";""
"CHEMBL550769";"";"None";"303.41";"0";"3.28";"2a";"CCc1sc2nc(N)[nH]c(=O)c2c1Sc1ccccc1";"IC50";"'='";"33.0";"nM";"7.48";"";"";"UO_0000065";"24.66";"0.51";"4.20";"10.42";"0";"CHEMBL1062971";"Inhibition of Toxoplasma gondii dihydrofolate reductase";"B";"BAO_0000357";"single protein format";"Toxoplasma gondii";"None";"None";"None";"None";"";"";"";"CHEMBL2425";"Dihydrofolate reductase";"Toxoplasma gondii";"SINGLE PROTEIN";"CHEMBL1151945";"1";"Scientific Literature";"J Med Chem";"2009";"None";"";"";""
"CHEMBL593154";"";"None";"338.41";"0";"3.81";"6";"COc1ccccc1C(=Cc1coc2nc(=N)[nH]c(N)c12)CC(C)C";"IC50";"'='";"24900.0";"nM";"4.60";"";"";"UO_0000065";"13.60";"0.25";"0.79";"4.56";"0";"CHEMBL1038908";"Inhibition of Toxoplasma gondii DHFR in presence of saturating levels of NADPH and DHFA";"B";"BAO_0000357";"single protein format";"Toxoplasma gondii";"None";"None";"None";"None";"";"";"";"CHEMBL2425";"Dihydrofolate reductase";"Toxoplasma gondii";"SINGLE PROTEIN";"CHEMBL1152608";"1";"Scientific Literature";"Bioorg Med Chem";"2009";"None";"";"";""
"CHEMBL1530518";"";"None";"335.32";"0";"3.06";"10, RJC00902";"COC(=O)Nc1nc2cc(-c3nnc(O)c4ccccc34)ccc2[nH]1";"Inhibition";"";"";"%";"";"";"Active";"UO_0000187";"";"";"";"";"0";"CHEMBL3118566";"Noncompetitive inhibition of Toxoplasma gondii TS-DHFR using methylenetetrahydrofolate as substrate at 25 uM by Michaelis-Menten plot analysis";"B";"BAO_0000357";"single protein format";"Toxoplasma gondii";"None";"None";"None";"None";"";"";"";"CHEMBL2425";"Dihydrofolate reductase";"Toxoplasma gondii";"SINGLE PROTEIN";"CHEMBL3112437";"1";"Scientific Literature";"Bioorg Med Chem Lett";"2014";"None";"";"";""
"CHEMBL7492";"PIRITREXIM";"2.0";"325.37";"0";"2.11";"PTX";"COc1ccc(OC)c(Cc2cnc3nc(N)nc(N)c3c2C)c1";"IC50";"'='";"4.3";"nM";"8.37";"";"";"UO_0000065";"25.71";"0.48";"6.26";"7.66";"1";"CHEMBL665596";"Inhibitory concentration against Toxoplasma gondii dihydrofolate reductase";"B";"BAO_0000357";"single protein format";"Toxoplasma gondii";"None";"None";"None";"None";"";"";"";"CHEMBL2425";"Dihydrofolate reductase";"Toxoplasma gondii";"SINGLE PROTEIN";"CHEMBL1147507";"1";"Scientific Literature";"Bioorg Med Chem Lett";"2004";"None";"";"";""
"CHEMBL603849";"";"None";"338.41";"0";"3.81";"7";"CCC(C)C(=Cc1coc2nc(=N)[nH]c(N)c12)c1ccccc1OC";"IC50";"'='";"5700.0";"nM";"5.24";"";"";"UO_0000065";"15.50";"0.29";"1.43";"5.20";"0";"CHEMBL1038908";"Inhibition of Toxoplasma gondii DHFR in presence of saturating levels of NADPH and DHFA";"B";"BAO_0000357";"single protein format";"Toxoplasma gondii";"None";"None";"None";"None";"";"";"";"CHEMBL2425";"Dihydrofolate reductase";"Toxoplasma gondii";"SINGLE PROTEIN";"CHEMBL1152608";"1";"Scientific Literature";"Bioorg Med Chem";"2009";"None";"";"";""
"CHEMBL602104";"";"None";"322.39";"0";"4.00";"6";"Cc1c(Sc2cccc3ccccc23)oc2nc(N)nc(N)c12";"IC50";"'>'";"83000.0";"nM";"";"";"";"UO_0000065";"";"";"";"";"0";"CHEMBL1073069";"Inhibition of Toxoplasma gondii DHFR at 37 degC by spectrophotometry";"B";"BAO_0000357";"single protein format";"Toxoplasma gondii";"None";"None";"None";"None";"";"";"";"CHEMBL2425";"Dihydrofolate reductase";"Toxoplasma gondii";"SINGLE PROTEIN";"CHEMBL1159120";"1";"Scientific Literature";"Bioorg Med Chem";"2010";"None";"";"";""
"CHEMBL225071";"RALTITREXED";"4.0";"458.50";"0";"1.98";"RTX";"Cc1nc(=O)c2cc(CN(C)c3ccc(C(=O)N[C@@H](CCC(=O)O)C(=O)O)s3)ccc2[nH]1";"IC50";"'='";"2300.0";"nM";"5.64";"";"";"UO_0000065";"12.30";"0.24";"3.66";"3.69";"1";"CHEMBL1073058";"Inhibition of Toxoplasma gondii DHFR at 30 degC under pH 7.4 by spectrophotometry";"B";"BAO_0000357";"single protein format";"Toxoplasma gondii";"None";"None";"None";"None";"";"";"";"CHEMBL2425";"Dihydrofolate reductase";"Toxoplasma gondii";"SINGLE PROTEIN";"CHEMBL1159120";"1";"Scientific Literature";"Bioorg Med Chem";"2010";"None";"";"";""
"CHEMBL300886";"";"None";"283.36";"0";"2.48";"3";"Nc1nc(N)c2nc(CSc3ccccc3)ccc2n1";"IC50";"'='";"130.0";"nM";"6.89";"";"";"UO_0000065";"24.30";"0.47";"4.41";"7.59";"0";"CHEMBL665702";"Inhibitory activity against Toxoplasma gondii dihydrofolate reductase.";"B";"BAO_0000357";"single protein format";"Toxoplasma gondii";"None";"None";"None";"None";"";"";"";"CHEMBL2425";"Dihydrofolate reductase";"Toxoplasma gondii";"SINGLE PROTEIN";"CHEMBL1129583";"1";"Scientific Literature";"J Med Chem";"1996";"None";"";"";""
"CHEMBL276734";"";"None";"304.36";"0";"2.89";"38";"Nc1nc(N)c2c(CNc3cccc4ccccc34)c[nH]c2n1";"IC50";"'='";"1100.0";"nM";"5.96";"";"";"UO_0000065";"19.58";"0.35";"3.07";"5.64";"1";"CHEMBL828662";"Inhibition of Toxoplasma gondii dihydrofolate reductase";"B";"BAO_0000357";"single protein format";"Toxoplasma gondii";"None";"None";"None";"None";"";"";"";"CHEMBL2425";"Dihydrofolate reductase";"Toxoplasma gondii";"SINGLE PROTEIN";"CHEMBL1145190";"1";"Scientific Literature";"J Med Chem";"2005";"None";"";"";""
"CHEMBL278110";"";"None";"372.64";"0";"3.98";"47";"CN(Cc1coc2nc(N)nc(N)c12)c1cc(Cl)c(Cl)c(Cl)c1";"IC50";"'='";"21500.0";"nM";"4.67";"";"";"UO_0000065";"12.53";"0.28";"0.69";"4.95";"1";"CHEMBL828662";"Inhibition of Toxoplasma gondii dihydrofolate reductase";"B";"BAO_0000357";"single protein format";"Toxoplasma gondii";"None";"None";"None";"None";"";"";"";"CHEMBL2425";"Dihydrofolate reductase";"Toxoplasma gondii";"SINGLE PROTEIN";"CHEMBL1145190";"1";"Scientific Literature";"J Med Chem";"2005";"None";"";"";""
"CHEMBL139430";"";"None";"316.37";"0";"3.11";"24";"CN(c1ccc2ccccc2c1)c1ccc2nc(N)nc(N)c2n1";"IC50";"'='";"14.5";"nM";"7.84";"";"";"UO_0000065";"";"";"";"";"0";"CHEMBL661508";"Inhibitory activity against dihydrofolate reductase(DHFR) from Toxoplasma gondii";"F";"BAO_0000019";"assay format";"Toxoplasma gondii";"None";"None";"None";"None";"";"";"";"CHEMBL2425";"Dihydrofolate reductase";"Toxoplasma gondii";"SINGLE PROTEIN";"CHEMBL1131172";"1";"Scientific Literature";"J Med Chem";"1998";"None";"";"";""
"CHEMBL290806";"";"None";"380.40";"0";"2.52";"9";"COc1ccc(OCc2ccc(C(=O)O)cc2)cc1Cc1cnc(N)nc1N";"IC50";"'='";"2000.0";"nM";"5.70";"";"";"UO_0000065";"14.98";"0.28";"3.18";"4.27";"0";"CHEMBL664919";"Inhibitory activity against Dihydrohydrofolate reductase(DHFR) of Toxoplasma gondii";"B";"BAO_0000357";"single protein format";"Toxoplasma gondii";"None";"None";"None";"None";"";"";"";"CHEMBL2425";"Dihydrofolate reductase";"Toxoplasma gondii";"SINGLE PROTEIN";"CHEMBL1136782";"1";"Scientific Literature";"J Med Chem";"2003";"None";"";"";""
"CHEMBL3099581";"";"None";"358.43";"0";"4.29";"3";"Nc1nc2[nH]c3cccc(Sc4cccc5ccccc45)c3c2c(=O)[nH]1";"Ki";"'='";"3.1";"nM";"8.51";"";"";"UO_0000065";"23.74";"0.45";"4.22";"9.72";"0";"CHEMBL3101467";"Inhibition of wild type Toxoplasma gondii TS-DHFR expressed in Escherichia coli BL21 using dUMP and methylene-THF as substrate by kaleidagraph analysis";"B";"BAO_0000366";"cell-free format";"Toxoplasma gondii";"CHEMBL3559721";"Plasma";"None";"None";"";"";"";"CHEMBL2425";"Dihydrofolate reductase";"Toxoplasma gondii";"SINGLE PROTEIN";"CHEMBL3098035";"1";"Scientific Literature";"ACS Med Chem Lett";"2013";"None";"";"";""
"CHEMBL3099581";"";"None";"358.43";"0";"4.29";"3";"Nc1nc2[nH]c3cccc(Sc4cccc5ccccc45)c3c2c(=O)[nH]1";"IC50";"'='";"35.8";"nM";"7.45";"";"";"UO_0000065";"20.77";"0.39";"3.16";"8.50";"0";"CHEMBL3101467";"Inhibition of wild type Toxoplasma gondii TS-DHFR expressed in Escherichia coli BL21 using dUMP and methylene-THF as substrate by kaleidagraph analysis";"B";"BAO_0000366";"cell-free format";"Toxoplasma gondii";"CHEMBL3559721";"Plasma";"None";"None";"";"";"";"CHEMBL2425";"Dihydrofolate reductase";"Toxoplasma gondii";"SINGLE PROTEIN";"CHEMBL3098035";"1";"Scientific Literature";"ACS Med Chem Lett";"2013";"None";"";"";""
"CHEMBL3953119";"";"None";"346.44";"0";"2.63";"16; TRC-19";"Nc1ncc(N2CCN(c3cccc(-c4ccccc4)c3)CC2)c(N)n1";"IC50";"'='";"8.7";"nM";"8.06";"";"";"UO_0000065";"23.27";"0.42";"5.43";"9.56";"0";"CHEMBL3867372";"Inhibition of Toxoplasma gondii TS-DHFR expressed in Escherichia coli BL21 preincubated for 15 mins followed by addition of DHF as substrate and NADPH measured after 60 mins by resazurin/diaphorase coupled assay";"B";"BAO_0000366";"cell-free format";"Toxoplasma gondii";"CHEMBL3559721";"Plasma";"None";"None";"";"";"";"CHEMBL2425";"Dihydrofolate reductase";"Toxoplasma gondii";"SINGLE PROTEIN";"CHEMBL3865850";"1";"Scientific Literature";"ACS Med Chem Lett";"2016";"None";"";"";""
"CHEMBL1099117";"";"None";"306.32";"0";"1.25";"11a";"COc1cc(COc2cc(N)nc(N)n2)cc(OC)c1OC";"Inhibition";"'='";"10.0";"%";"";"";"";"UO_0000187";"";"";"";"";"0";"CHEMBL1108184";"Inhibition of Toxoplasma gondii DHFR at IC50 by continuous spectrophotometric assay";"B";"BAO_0000357";"single protein format";"Toxoplasma gondii";"None";"None";"None";"None";"";"";"";"CHEMBL2425";"Dihydrofolate reductase";"Toxoplasma gondii";"SINGLE PROTEIN";"CHEMBL1157930";"1";"Scientific Literature";"Bioorg Med Chem";"2010";"None";"";"";""
"CHEMBL1096525";"";"None";"330.37";"0";"1.70";"7a";"Nc1ncc(COS(=O)(=O)c2ccc3ccccc3c2)c(N)n1";"Activity";"'='";"124.11";"uM";"";"";"";"UO_0000064";"";"";"";"";"0";"CHEMBL1108182";"Inhibition of Toxoplasma gondii DHFR by continuous spectrophotometric assay";"B";"BAO_0000357";"single protein format";"Toxoplasma gondii";"None";"None";"None";"None";"";"";"";"CHEMBL2425";"Dihydrofolate reductase";"Toxoplasma gondii";"SINGLE PROTEIN";"CHEMBL1157930";"1";"Scientific Literature";"Bioorg Med Chem";"2010";"None";"";"";""
"CHEMBL1099319";"";"None";"356.84";"0";"3.49";"3c";"Nc1nc(N)nc(CN2c3ccccc3Sc3ccc(Cl)cc32)n1";"Activity";"'='";"397.11";"uM";"";"";"";"UO_0000064";"";"";"";"";"0";"CHEMBL1108182";"Inhibition of Toxoplasma gondii DHFR by continuous spectrophotometric assay";"B";"BAO_0000357";"single protein format";"Toxoplasma gondii";"None";"None";"None";"None";"";"";"";"CHEMBL2425";"Dihydrofolate reductase";"Toxoplasma gondii";"SINGLE PROTEIN";"CHEMBL1157930";"1";"Scientific Literature";"Bioorg Med Chem";"2010";"None";"";"";""
"CHEMBL598090";"";"None";"302.36";"0";"2.86";"13";"COc1ccccc1Sc1oc2nc(N)nc(N)c2c1C";"IC50";"'='";"44200.0";"nM";"4.36";"";"";"UO_0000065";"14.40";"0.28";"1.49";"4.35";"0";"CHEMBL1073069";"Inhibition of Toxoplasma gondii DHFR at 37 degC by spectrophotometry";"B";"BAO_0000357";"single protein format";"Toxoplasma gondii";"None";"None";"None";"None";"";"";"";"CHEMBL2425";"Dihydrofolate reductase";"Toxoplasma gondii";"SINGLE PROTEIN";"CHEMBL1159120";"1";"Scientific Literature";"Bioorg Med Chem";"2010";"None";"";"";""
"CHEMBL34259";"METHOTREXATE";"4.0";"454.45";"0";"0.27";"MTX";"CN(Cc1cnc2nc(N)nc(N)c2n1)c1ccc(C(=O)N[C@@H](CCC(=O)O)C(=O)O)cc1";"IC50";"'='";"18000.0";"nM";"4.75";"";"";"UO_0000065";"10.44";"0.20";"4.47";"2.25";"1";"CHEMBL1073055";"Inhibition of Toxoplasma gondii TS at 30 degC under pH 7.4 by spectrophotometry";"B";"BAO_0000357";"single protein format";"Toxoplasma gondii";"None";"None";"None";"None";"";"";"";"CHEMBL2425";"Dihydrofolate reductase";"Toxoplasma gondii";"SINGLE PROTEIN";"CHEMBL1159120";"1";"Scientific Literature";"Bioorg Med Chem";"2010";"None";"";"";""
"CHEMBL17431";"";"None";"331.40";"0";"2.43";"14";"COc1ccc(SCc2c[nH]c3nc(N)nc(N)c23)cc1OC";"IC50";"'='";"2600.0";"nM";"5.58";"";"";"UO_0000065";"16.85";"0.33";"3.16";"4.98";"1";"CHEMBL1071424";"Inhibition of Toxoplasma gondii DHFR by spectrophotometric assay";"B";"BAO_0000357";"single protein format";"Toxoplasma gondii";"None";"None";"None";"None";"";"";"";"CHEMBL2425";"Dihydrofolate reductase";"Toxoplasma gondii";"SINGLE PROTEIN";"CHEMBL1156926";"1";"Scientific Literature";"Bioorg Med Chem";"2010";"None";"";"";""
"CHEMBL3112972";"";"None";"429.32";"1";"6.73";"1, HTS10533";"O=C(Nc1ccccc1)OCc1ccc(-c2cc(C(F)(F)F)cc(C(F)(F)F)c2)o1";"IC50";"'='";"190000.0";"nM";"";"Outside typical range";"";"UO_0000065";"";"";"";"";"0";"CHEMBL3118569";"Inhibition of Toxoplasma gondii TS-DHFR using methylenetetrahydrofolate/dUMP as sustrate";"B";"BAO_0000357";"single protein format";"Toxoplasma gondii";"None";"None";"None";"None";"";"";"";"CHEMBL2425";"Dihydrofolate reductase";"Toxoplasma gondii";"SINGLE PROTEIN";"CHEMBL3112437";"1";"Scientific Literature";"Bioorg Med Chem Lett";"2014";"None";"";"";""
"CHEMBL3112975";"";"None";"383.58";"1";"5.91";"4, CD04455";"Oc1c(Cl)cc(Cl)cc1[C@H]1Nc2cc(Cl)c(C(F)(F)F)cc2N1";"Inhibition";"'='";"50.0";"%";"";"";"";"UO_0000187";"";"";"";"";"0";"CHEMBL3118570";"Inhibition of Toxoplasma gondii TS-DHFR using methylenetetrahydrofolate/dUMP as sustrate at 100 uM preincubated for 10 mins followed by substrate addition";"B";"BAO_0000357";"single protein format";"Toxoplasma gondii";"None";"None";"None";"None";"";"";"";"CHEMBL2425";"Dihydrofolate reductase";"Toxoplasma gondii";"SINGLE PROTEIN";"CHEMBL3112437";"1";"Scientific Literature";"Bioorg Med Chem Lett";"2014";"None";"";"";""
"CHEMBL3112974";"";"None";"409.37";"1";"5.45";"3, KM09111";"O=C(Nc1ccc(OC(F)(F)F)cc1)c1c(-c2ccccc2)nnc2ccccc12";"Inhibition";"'='";"50.0";"%";"";"";"";"UO_0000187";"";"";"";"";"0";"CHEMBL3118570";"Inhibition of Toxoplasma gondii TS-DHFR using methylenetetrahydrofolate/dUMP as sustrate at 100 uM preincubated for 10 mins followed by substrate addition";"B";"BAO_0000357";"single protein format";"Toxoplasma gondii";"None";"None";"None";"None";"";"";"";"CHEMBL2425";"Dihydrofolate reductase";"Toxoplasma gondii";"SINGLE PROTEIN";"CHEMBL3112437";"1";"Scientific Literature";"Bioorg Med Chem Lett";"2014";"None";"";"";""
"CHEMBL314387";"";"None";"481.99";"0";"4.98";"10a";"CCC(=O)OCCN(Cc1ccccc1)/N=N/c1cc(-c2c(N)nc(N)nc2CC)ccc1Cl";"IC50";"'='";"700.0";"nM";"6.16";"";"";"UO_0000065";"12.77";"0.25";"1.17";"4.66";"0";"CHEMBL664922";"Inhibitory activity against dihydrofolate reductase DHFR in Toxoplasma gondii.";"B";"BAO_0000357";"single protein format";"Toxoplasma gondii";"None";"None";"None";"None";"";"";"";"CHEMBL2425";"Dihydrofolate reductase";"Toxoplasma gondii";"SINGLE PROTEIN";"CHEMBL1134547";"1";"Scientific Literature";"J Med Chem";"2001";"None";"";"";""
"CHEMBL87730";"";"None";"468.95";"0";"3.98";"10v";"CCc1nc(N)nc(N)c1-c1ccc(Cl)c(/N=N/N(CCOC(C)=O)Cc2ccncc2)c1";"IC50";"'='";"640.0";"nM";"6.19";"";"";"UO_0000065";"13.21";"0.26";"2.21";"4.27";"0";"CHEMBL664922";"Inhibitory activity against dihydrofolate reductase DHFR in Toxoplasma gondii.";"B";"BAO_0000357";"single protein format";"Toxoplasma gondii";"None";"None";"None";"None";"";"";"";"CHEMBL2425";"Dihydrofolate reductase";"Toxoplasma gondii";"SINGLE PROTEIN";"CHEMBL1134547";"1";"Scientific Literature";"J Med Chem";"2001";"None";"";"";""
"CHEMBL280378";"EPIROPRIM";"2.0";"353.43";"0";"2.82";"Epiroprim";"CCOc1cc(Cc2cnc(N)nc2N)cc(OCC)c1-n1cccc1";"IC50";"'='";"480.0";"nM";"6.32";"";"";"UO_0000065";"17.88";"0.33";"3.50";"6.24";"0";"CHEMBL664921";"Inhibition of Dihydrofolate Reductase of Toxoplasma gondii.";"B";"BAO_0000357";"single protein format";"Toxoplasma gondii";"None";"None";"None";"None";"";"";"";"CHEMBL2425";"Dihydrofolate reductase";"Toxoplasma gondii";"SINGLE PROTEIN";"CHEMBL1129938";"1";"Scientific Literature";"J Med Chem";"1997";"None";"";"";""
"CHEMBL105526";"";"None";"436.47";"0";"3.44";"22";"CCc1nc(N)nc(N)c1-c1ccc(NCc2ccc(C3OCCO3)cc2)c([N+](=O)[O-])c1";"IC50";"'='";"15.0";"nM";"7.82";"";"";"UO_0000065";"17.93";"0.33";"4.38";"5.17";"0";"CHEMBL884350";"Inhibitory activity against Dihydrofolate reductase from Toxoplasma gondii was evaluated using 90 uM dihydrofolic acid as substrate";"B";"BAO_0000357";"single protein format";"Toxoplasma gondii";"None";"None";"None";"None";"";"";"";"CHEMBL2425";"Dihydrofolate reductase";"Toxoplasma gondii";"SINGLE PROTEIN";"CHEMBL1130351";"1";"Scientific Literature";"J Med Chem";"1997";"None";"";"";""
"CHEMBL7492";"PIRITREXIM";"2.0";"325.37";"0";"2.11";"3, PTX";"COc1ccc(OC)c(Cc2cnc3nc(N)nc(N)c3c2C)c1";"IC50";"'='";"17.0";"nM";"7.77";"";"";"UO_0000065";"23.88";"0.44";"5.66";"7.12";"0";"CHEMBL664915";"Inhibition of Dihydrofolate reductase of Toxoplasma gondii";"B";"BAO_0000357";"single protein format";"Toxoplasma gondii";"None";"None";"None";"None";"";"";"";"CHEMBL2425";"Dihydrofolate reductase";"Toxoplasma gondii";"SINGLE PROTEIN";"CHEMBL1127704";"1";"Scientific Literature";"J Med Chem";"1994";"None";"";"";""
"CHEMBL178888";"";"None";"401.47";"0";"3.29";"125";"COc1ccc(-c2ccccc2)cc1NNCc1cnc2nc(N)nc(N)c2c1C";"IC50";"'='";"68.08";"nM";"7.17";"";"";"UO_0000065";"17.85";"0.33";"3.88";"5.78";"0";"CHEMBL830839";"Inhibition of Toxoplasma gondii dihydrofolate reductase";"B";"BAO_0000357";"single protein format";"Toxoplasma gondii";"None";"None";"None";"None";"";"";"";"CHEMBL2425";"Dihydrofolate reductase";"Toxoplasma gondii";"SINGLE PROTEIN";"CHEMBL1145190";"1";"Scientific Literature";"J Med Chem";"2005";"None";"";"";""
"CHEMBL57682";"";"None";"394.39";"0";"1.47";"127";"COc1cc(-n2ccc3c4c(N)nc(N)nc4nc(=O)c-3c2)cc(OC)c1OC";"IC50";"'='";"52.0";"nM";"7.28";"";"";"UO_0000065";"18.47";"0.34";"5.81";"5.19";"0";"CHEMBL828662";"Inhibition of Toxoplasma gondii dihydrofolate reductase";"B";"BAO_0000357";"single protein format";"Toxoplasma gondii";"None";"None";"None";"None";"";"";"";"CHEMBL2425";"Dihydrofolate reductase";"Toxoplasma gondii";"SINGLE PROTEIN";"CHEMBL1145190";"1";"Scientific Literature";"J Med Chem";"2005";"None";"";"";""
"CHEMBL121264";"";"None";"319.41";"0";"3.01";"130";"Nc1nc(N)c2c(n1)CCC(CNc1cccc3ccccc13)C2";"IC50";"'='";"36.0";"nM";"7.44";"";"";"UO_0000065";"23.30";"0.42";"4.43";"8.28";"1";"CHEMBL828662";"Inhibition of Toxoplasma gondii dihydrofolate reductase";"B";"BAO_0000357";"single protein format";"Toxoplasma gondii";"None";"None";"None";"None";"";"";"";"CHEMBL2425";"Dihydrofolate reductase";"Toxoplasma gondii";"SINGLE PROTEIN";"CHEMBL1145190";"1";"Scientific Literature";"J Med Chem";"2005";"None";"";"";""
"CHEMBL121264";"";"None";"319.41";"0";"3.01";"130";"Nc1nc(N)c2c(n1)CCC(CNc1cccc3ccccc13)C2";"IC50";"'='";"35.97";"nM";"7.44";"";"";"UO_0000065";"23.31";"0.42";"4.43";"8.28";"0";"CHEMBL830839";"Inhibition of Toxoplasma gondii dihydrofolate reductase";"B";"BAO_0000357";"single protein format";"Toxoplasma gondii";"None";"None";"None";"None";"";"";"";"CHEMBL2425";"Dihydrofolate reductase";"Toxoplasma gondii";"SINGLE PROTEIN";"CHEMBL1145190";"1";"Scientific Literature";"J Med Chem";"2005";"None";"";"";""
"CHEMBL120939";"";"None";"357.46";"0";"2.66";"140";"CCOc1ccc(OCC)c(NCC2CCc3nc(N)nc(N)c3C2)c1";"IC50";"'='";"139.96";"nM";"6.85";"";"";"UO_0000065";"19.17";"0.36";"4.19";"6.33";"0";"CHEMBL830839";"Inhibition of Toxoplasma gondii dihydrofolate reductase";"B";"BAO_0000357";"single protein format";"Toxoplasma gondii";"None";"None";"None";"None";"";"";"";"CHEMBL2425";"Dihydrofolate reductase";"Toxoplasma gondii";"SINGLE PROTEIN";"CHEMBL1145190";"1";"Scientific Literature";"J Med Chem";"2005";"None";"";"";""
"CHEMBL33038";"";"None";"280.33";"0";"1.83";"10";"CN(Cc1ccccc1)c1cnc2nc(N)nc(N)c2c1";"IC50";"'='";"35.0";"nM";"7.46";"";"";"UO_0000065";"26.60";"0.48";"5.63";"7.94";"0";"CHEMBL665613";"Inhibitory activity against Toxoplasma gondii dihydrofolate reductase (in 50 uM dihydrofolic acid)";"B";"BAO_0000357";"single protein format";"Toxoplasma gondii";"None";"None";"None";"None";"";"";"";"CHEMBL2425";"Dihydrofolate reductase";"Toxoplasma gondii";"SINGLE PROTEIN";"CHEMBL1129539";"1";"Scientific Literature";"J Med Chem";"1996";"None";"";"";""
"CHEMBL597583";"";"None";"357.41";"0";"2.32";"76";"COc1cc(CCCc2c[nH]c3nc(N)nc(N)c23)cc(OC)c1OC";"IC50";"'='";"1030.0";"nM";"5.99";"";"";"UO_0000065";"16.75";"0.31";"3.67";"4.94";"0";"CHEMBL1071424";"Inhibition of Toxoplasma gondii DHFR by spectrophotometric assay";"B";"BAO_0000357";"single protein format";"Toxoplasma gondii";"None";"None";"None";"None";"";"";"";"CHEMBL2425";"Dihydrofolate reductase";"Toxoplasma gondii";"SINGLE PROTEIN";"CHEMBL1156926";"1";"Scientific Literature";"Bioorg Med Chem";"2010";"None";"";"";""
"CHEMBL591930";"";"None";"321.43";"0";"3.18";"78";"Nc1nc(N)c2c(CCCc3cccc4c3CCCC4)c[nH]c2n1";"IC50";"'='";"1288.25";"nM";"5.89";"";"";"UO_0000065";"18.32";"0.34";"2.71";"6.29";"0";"CHEMBL1071424";"Inhibition of Toxoplasma gondii DHFR by spectrophotometric assay";"B";"BAO_0000357";"single protein format";"Toxoplasma gondii";"None";"None";"None";"None";"";"";"";"CHEMBL2425";"Dihydrofolate reductase";"Toxoplasma gondii";"SINGLE PROTEIN";"CHEMBL1156926";"1";"Scientific Literature";"Bioorg Med Chem";"2010";"None";"";"";""
"CHEMBL37520";"";"None";"346.39";"0";"1.87";"3g";"COc1ccc(OCCCCC(=O)O)cc1Cc1cnc(N)nc1N";"IC50";"'='";"110.0";"nM";"6.96";"";"";"UO_0000065";"20.09";"0.38";"5.09";"5.21";"0";"CHEMBL662241";"Inhibition of partially purified dihydrofolate reductase (DHFR) from Toxoplasma gondii (Tg)";"B";"BAO_0000357";"single protein format";"Toxoplasma gondii";"None";"None";"None";"None";"";"";"";"CHEMBL2425";"Dihydrofolate reductase";"Toxoplasma gondii";"SINGLE PROTEIN";"CHEMBL1135399";"1";"Scientific Literature";"J Med Chem";"2002";"None";"";"";""
"CHEMBL418214";"";"None";"468.47";"0";"0.99";"7";"Nc1nc(N)c2c3c(oc2n1)CN(Cc1ccc(C(=O)N[C@@H](CCC(=O)O)C(=O)O)cc1)CC3";"IC50";"'='";"21500.0";"nM";"4.67";"";"";"UO_0000065";"9.96";"0.19";"3.68";"2.36";"0";"CHEMBL665601";"Inhibition of Toxoplasma gondii Dihydrofolate reductase";"B";"BAO_0000357";"single protein format";"Toxoplasma gondii";"None";"None";"None";"None";"";"";"";"CHEMBL2425";"Dihydrofolate reductase";"Toxoplasma gondii";"SINGLE PROTEIN";"CHEMBL1131530";"1";"Scientific Literature";"J Med Chem";"1998";"None";"";"";""
"CHEMBL17323";"";"None";"314.35";"0";"1.75";"42";"COc1ccc(OC)c(NCc2c[nH]c3nc(N)nc(N)c23)c1";"IC50";"'='";"1700.0";"nM";"5.77";"";"";"UO_0000065";"18.35";"0.34";"4.02";"4.65";"1";"CHEMBL664919";"Inhibitory activity against Dihydrohydrofolate reductase(DHFR) of Toxoplasma gondii";"B";"BAO_0000357";"single protein format";"Toxoplasma gondii";"None";"None";"None";"None";"";"";"";"CHEMBL2425";"Dihydrofolate reductase";"Toxoplasma gondii";"SINGLE PROTEIN";"CHEMBL1136782";"1";"Scientific Literature";"J Med Chem";"2003";"None";"";"";""
"CHEMBL23846";"";"None";"305.34";"0";"3.15";"6";"Nc1nc(N)c2c(CNc3cccc4ccccc34)coc2n1";"IC50";"'='";"37000.0";"nM";"4.43";"";"";"UO_0000065";"14.51";"0.26";"1.28";"4.30";"0";"CHEMBL664908";"Inhibitory activity against dihydrofolate reductase from Toxoplasma gondii";"B";"BAO_0000357";"single protein format";"Toxoplasma gondii";"None";"None";"None";"None";"";"";"";"CHEMBL2425";"Dihydrofolate reductase";"Toxoplasma gondii";"SINGLE PROTEIN";"CHEMBL1131327";"1";"Scientific Literature";"J Med Chem";"1998";"None";"";"";""
"CHEMBL33922";"";"None";"354.41";"0";"2.24";"4";"COc1ccc(C#CCCCCC(=O)O)cc1Cc1cnc(N)nc1N";"IC50";"'='";"72.0";"nM";"7.14";"";"";"UO_0000065";"20.15";"0.38";"4.90";"5.74";"0";"CHEMBL664919";"Inhibitory activity against Dihydrohydrofolate reductase(DHFR) of Toxoplasma gondii";"B";"BAO_0000357";"single protein format";"Toxoplasma gondii";"None";"None";"None";"None";"";"";"";"CHEMBL2425";"Dihydrofolate reductase";"Toxoplasma gondii";"SINGLE PROTEIN";"CHEMBL1136782";"1";"Scientific Literature";"J Med Chem";"2003";"None";"";"";""
"CHEMBL55727";"";"None";"330.40";"0";"2.98";"67";"CN(Cc1ccc2nc(N)nc(N)c2n1)c1ccc2ccccc2c1";"IC50";"'='";"16.0";"nM";"7.80";"";"";"UO_0000065";"23.60";"0.43";"4.82";"8.30";"1";"CHEMBL828662";"Inhibition of Toxoplasma gondii dihydrofolate reductase";"B";"BAO_0000357";"single protein format";"Toxoplasma gondii";"None";"None";"None";"None";"";"";"";"CHEMBL2425";"Dihydrofolate reductase";"Toxoplasma gondii";"SINGLE PROTEIN";"CHEMBL1145190";"1";"Scientific Literature";"J Med Chem";"2005";"None";"";"";""
"CHEMBL103203";"";"None";"302.34";"0";"2.85";"15";"Nc1nc(N)c2nc(-c3ccc(-c4ccccc4)cc3)[nH]c2n1";"IC50";"'='";"32900.0";"nM";"4.48";"";"";"UO_0000065";"14.83";"0.27";"1.63";"4.21";"0";"CHEMBL664911";"Inhibition of Toxoplasma gondii dihydrofolate reductase";"B";"BAO_0000357";"single protein format";"Toxoplasma gondii";"None";"None";"None";"None";"";"";"";"CHEMBL2425";"Dihydrofolate reductase";"Toxoplasma gondii";"SINGLE PROTEIN";"CHEMBL1130150";"1";"Scientific Literature";"J Med Chem";"1997";"None";"";"";""
"CHEMBL145528";"";"None";"295.35";"0";"1.98";"11";"COc1ccc(CCc2cnc3nc(N)nc(N)c3c2)cc1";"IC50";"'='";"250.0";"nM";"6.60";"";"";"UO_0000065";"22.35";"0.41";"4.62";"6.61";"0";"CHEMBL665591";"Inhibitory concentration against Dihydrofolate reductase from Toxoplasma gondii (tg)";"B";"BAO_0000357";"single protein format";"Toxoplasma gondii";"None";"None";"None";"None";"";"";"";"CHEMBL2425";"Dihydrofolate reductase";"Toxoplasma gondii";"SINGLE PROTEIN";"CHEMBL1129937";"1";"Scientific Literature";"J Med Chem";"1997";"None";"";"";""
"CHEMBL34259";"METHOTREXATE";"4.0";"454.45";"0";"0.27";"MTX";"CN(Cc1cnc2nc(N)nc(N)c2n1)c1ccc(C(=O)N[C@@H](CCC(=O)O)C(=O)O)cc1";"IC50";"'='";"22.0";"nM";"7.66";"";"";"UO_0000065";"16.85";"0.32";"7.39";"3.64";"1";"CHEMBL665701";"Inhibitory activity against Toxoplasma gondii (tg) Dihydrofolate reductase (DHFR)";"B";"BAO_0000357";"single protein format";"Toxoplasma gondii";"None";"None";"None";"None";"";"";"";"CHEMBL2425";"Dihydrofolate reductase";"Toxoplasma gondii";"SINGLE PROTEIN";"CHEMBL1135650";"1";"Scientific Literature";"J Med Chem";"2002";"None";"";"";""
"CHEMBL286820";"";"None";"298.38";"0";"2.18";"12d";"Cc1cccc(SCc2cnc3nc(N)nc(N)c3n2)c1";"IC50";"'='";"1800.0";"nM";"5.75";"";"";"UO_0000065";"19.25";"0.37";"3.56";"5.55";"0";"CHEMBL665590";"Inhibitory activity against Toxoplasma gondii dihydrofolate reductase";"B";"BAO_0000357";"single protein format";"Toxoplasma gondii";"None";"None";"None";"None";"";"";"";"CHEMBL2425";"Dihydrofolate reductase";"Toxoplasma gondii";"SINGLE PROTEIN";"CHEMBL1129525";"1";"Scientific Literature";"J Med Chem";"1996";"None";"";"";""
"CHEMBL342555";"";"None";"384.40";"0";"1.38";"34";"COc1cc(N(C=O)Cc2cnc3nc(N)nc(N)c3c2)cc(OC)c1OC";"IC50";"'='";"1099.01";"nM";"5.96";"";"";"UO_0000065";"15.50";"0.29";"4.58";"4.30";"0";"CHEMBL830839";"Inhibition of Toxoplasma gondii dihydrofolate reductase";"B";"BAO_0000357";"single protein format";"Toxoplasma gondii";"None";"None";"None";"None";"";"";"";"CHEMBL2425";"Dihydrofolate reductase";"Toxoplasma gondii";"SINGLE PROTEIN";"CHEMBL1145190";"1";"Scientific Literature";"J Med Chem";"2005";"None";"";"";""
"CHEMBL358297";"";"None";"334.38";"0";"2.51";"120";"COc1ccc2c(ccn2Cc2cnc3nc(N)nc(N)c3c2C)c1";"IC50";"'='";"77.0";"nM";"7.11";"";"";"UO_0000065";"21.27";"0.39";"4.60";"6.78";"1";"CHEMBL828662";"Inhibition of Toxoplasma gondii dihydrofolate reductase";"B";"BAO_0000357";"single protein format";"Toxoplasma gondii";"None";"None";"None";"None";"";"";"";"CHEMBL2425";"Dihydrofolate reductase";"Toxoplasma gondii";"SINGLE PROTEIN";"CHEMBL1145190";"1";"Scientific Literature";"J Med Chem";"2005";"None";"";"";""
"CHEMBL147886";"";"None";"380.45";"0";"2.07";"121";"COc1cc2c(cc1OC)CN(Cc1cnc3nc(N)nc(N)c3c1C)CC2";"IC50";"'='";"109.9";"nM";"6.96";"";"";"UO_0000065";"18.29";"0.34";"4.89";"6.19";"0";"CHEMBL830839";"Inhibition of Toxoplasma gondii dihydrofolate reductase";"B";"BAO_0000357";"single protein format";"Toxoplasma gondii";"None";"None";"None";"None";"";"";"";"CHEMBL2425";"Dihydrofolate reductase";"Toxoplasma gondii";"SINGLE PROTEIN";"CHEMBL1145190";"1";"Scientific Literature";"J Med Chem";"2005";"None";"";"";""
"CHEMBL54792";"";"None";"310.36";"0";"1.83";"66";"COc1cccc(N(C)Cc2ccc3nc(N)nc(N)c3n2)c1";"IC50";"'='";"15.0";"nM";"7.82";"";"";"UO_0000065";"25.21";"0.46";"5.99";"7.58";"1";"CHEMBL828662";"Inhibition of Toxoplasma gondii dihydrofolate reductase";"B";"BAO_0000357";"single protein format";"Toxoplasma gondii";"None";"None";"None";"None";"";"";"";"CHEMBL2425";"Dihydrofolate reductase";"Toxoplasma gondii";"SINGLE PROTEIN";"CHEMBL1145190";"1";"Scientific Literature";"J Med Chem";"2005";"None";"";"";""
"CHEMBL138252";"";"None";"286.73";"0";"2.59";"160";"Nc1nc(N)c2nc(Nc3ccc(Cl)cc3)ccc2n1";"IC50";"'='";"830.0";"nM";"6.08";"";"";"UO_0000065";"21.21";"0.42";"3.49";"5.92";"1";"CHEMBL828662";"Inhibition of Toxoplasma gondii dihydrofolate reductase";"B";"BAO_0000357";"single protein format";"Toxoplasma gondii";"None";"None";"None";"None";"";"";"";"CHEMBL2425";"Dihydrofolate reductase";"Toxoplasma gondii";"SINGLE PROTEIN";"CHEMBL1145190";"1";"Scientific Literature";"J Med Chem";"2005";"None";"";"";""
"CHEMBL84457";"";"None";"310.36";"0";"2.12";"109";"COc1ccccc1NCc1cnc2nc(N)nc(N)c2c1C";"IC50";"'='";"23.0";"nM";"7.64";"";"";"UO_0000065";"24.61";"0.45";"5.52";"6.82";"1";"CHEMBL830839";"Inhibition of Toxoplasma gondii dihydrofolate reductase";"B";"BAO_0000357";"single protein format";"Toxoplasma gondii";"None";"None";"None";"None";"";"";"";"CHEMBL2425";"Dihydrofolate reductase";"Toxoplasma gondii";"SINGLE PROTEIN";"CHEMBL1145190";"1";"Scientific Literature";"J Med Chem";"2005";"None";"";"";""
"CHEMBL22";"TRIMETHOPRIM";"4.0";"290.32";"0";"1.26";"1, Trimethoprim";"COc1cc(Cc2cnc(N)nc2N)cc(OC)c1OC";"IC50";"'='";"2700.0";"nM";"5.57";"";"";"UO_0000065";"19.18";"0.36";"4.31";"5.28";"0";"CHEMBL664915";"Inhibition of Dihydrofolate reductase of Toxoplasma gondii";"B";"BAO_0000357";"single protein format";"Toxoplasma gondii";"None";"None";"None";"None";"";"";"";"CHEMBL2425";"Dihydrofolate reductase";"Toxoplasma gondii";"SINGLE PROTEIN";"CHEMBL1127704";"1";"Scientific Literature";"J Med Chem";"1994";"None";"";"";""
"CHEMBL23657";"";"None";"311.35";"0";"1.51";"12m";"COc1cccc(C)c1NCc1cnc2nc(N)nc(N)c2n1";"IC50";"'='";"1850.0";"nM";"5.73";"";"";"UO_0000065";"18.41";"0.34";"4.22";"4.59";"0";"CHEMBL665590";"Inhibitory activity against Toxoplasma gondii dihydrofolate reductase";"B";"BAO_0000357";"single protein format";"Toxoplasma gondii";"None";"None";"None";"None";"";"";"";"CHEMBL2425";"Dihydrofolate reductase";"Toxoplasma gondii";"SINGLE PROTEIN";"CHEMBL1129525";"1";"Scientific Literature";"J Med Chem";"1996";"None";"";"";""
"CHEMBL119";"TRIMETREXATE";"4.0";"369.43";"0";"2.74";"1";"COc1cc(NCc2ccc3nc(N)nc(N)c3c2C)cc(OC)c1OC";"IC50";"'='";"10.0";"nM";"8.00";"";"";"UO_0000065";"21.65";"0.40";"5.26";"6.81";"1";"CHEMBL665587";"Inhibitory activity against DHFR (Dihydrofolate reductase) from Toxoplasma gondii.";"B";"BAO_0000357";"single protein format";"Toxoplasma gondii";"None";"None";"None";"None";"";"";"";"CHEMBL2425";"Dihydrofolate reductase";"Toxoplasma gondii";"SINGLE PROTEIN";"CHEMBL1132186";"1";"Scientific Literature";"J Med Chem";"1999";"None";"";"";""
"CHEMBL105523";"";"None";"316.32";"0";"1.21";"6";"COc1cc(OC)c(-c2nc3c(N)nc(N)nc3[nH]2)cc1OC";"IC50";"'='";"1500.0";"nM";"5.82";"";"";"UO_0000065";"18.41";"0.35";"4.61";"4.34";"0";"CHEMBL664911";"Inhibition of Toxoplasma gondii dihydrofolate reductase";"B";"BAO_0000357";"single protein format";"Toxoplasma gondii";"None";"None";"None";"None";"";"";"";"CHEMBL2425";"Dihydrofolate reductase";"Toxoplasma gondii";"SINGLE PROTEIN";"CHEMBL1130150";"1";"Scientific Literature";"J Med Chem";"1997";"None";"";"";""
"CHEMBL276734";"";"None";"304.36";"0";"2.89";"7";"Nc1nc(N)c2c(CNc3cccc4ccccc34)c[nH]c2n1";"IC50";"'='";"1100.0";"nM";"5.96";"";"";"UO_0000065";"19.58";"0.35";"3.07";"5.64";"0";"CHEMBL665698";"Inhibition of Toxoplasma gondii (tc) Dihydrofolate reductase";"B";"BAO_0000357";"single protein format";"Toxoplasma gondii";"None";"None";"None";"None";"";"";"";"CHEMBL2425";"Dihydrofolate reductase";"Toxoplasma gondii";"SINGLE PROTEIN";"CHEMBL1128397";"1";"Scientific Literature";"J Med Chem";"1995";"None";"";"";""
"CHEMBL85875";"";"None";"485.95";"0";"4.73";"10i";"CCc1nc(N)nc(N)c1-c1ccc(Cl)c(/N=N/N(CCOC(C)=O)Cc2cccc(F)c2)c1";"IC50";"'='";"1250.0";"nM";"5.90";"";"";"UO_0000065";"12.15";"0.24";"1.17";"4.47";"0";"CHEMBL664922";"Inhibitory activity against dihydrofolate reductase DHFR in Toxoplasma gondii.";"B";"BAO_0000357";"single protein format";"Toxoplasma gondii";"None";"None";"None";"None";"";"";"";"CHEMBL2425";"Dihydrofolate reductase";"Toxoplasma gondii";"SINGLE PROTEIN";"CHEMBL1134547";"1";"Scientific Literature";"J Med Chem";"2001";"None";"";"";""
"CHEMBL116614";"";"None";"377.24";"0";"2.97";"6b";"Cc1c(CN(C=O)c2ccc(Cl)c(Cl)c2)cnc2nc(N)nc(N)c12";"IC50";"'='";"83.0";"nM";"7.08";"";"";"UO_0000065";"18.77";"0.39";"4.11";"6.38";"0";"CHEMBL665696";"Inhibition of Toxoplasma gondii dihydrofolate reductase";"B";"BAO_0000357";"single protein format";"Toxoplasma gondii";"None";"None";"None";"None";"";"";"";"CHEMBL2425";"Dihydrofolate reductase";"Toxoplasma gondii";"SINGLE PROTEIN";"CHEMBL1126886";"1";"Scientific Literature";"J Med Chem";"1993";"None";"";"";""
"CHEMBL313034";"";"None";"528.01";"1";"4.61";"10e";"CCc1nc(N)nc(N)c1-c1ccc(Cl)c(/N=N/N(CCOC(C)=O)Cc2ccc(OC)c(OC)c2)c1";"IC50";"'='";"80.0";"nM";"7.10";"";"";"UO_0000065";"13.44";"0.26";"2.49";"4.71";"0";"CHEMBL664922";"Inhibitory activity against dihydrofolate reductase DHFR in Toxoplasma gondii.";"B";"BAO_0000357";"single protein format";"Toxoplasma gondii";"None";"None";"None";"None";"";"";"";"CHEMBL2425";"Dihydrofolate reductase";"Toxoplasma gondii";"SINGLE PROTEIN";"CHEMBL1134547";"1";"Scientific Literature";"J Med Chem";"2001";"None";"";"";""
"CHEMBL23532";"";"None";"370.41";"0";"2.14";"4a";"COc1cc(NCc2cnc3nc(N)nc(N)c3c2C)cc(OC)c1OC";"IC50";"'='";"7.4";"nM";"8.13";"";"";"UO_0000065";"21.95";"0.41";"5.99";"6.23";"0";"CHEMBL665696";"Inhibition of Toxoplasma gondii dihydrofolate reductase";"B";"BAO_0000357";"single protein format";"Toxoplasma gondii";"None";"None";"None";"None";"";"";"";"CHEMBL2425";"Dihydrofolate reductase";"Toxoplasma gondii";"SINGLE PROTEIN";"CHEMBL1126886";"1";"Scientific Literature";"J Med Chem";"1993";"None";"";"";""
"CHEMBL17873";"";"None";"323.19";"0";"3.04";"1b";"Nc1nc(N)c2c(CNc3ccc(Cl)c(Cl)c3)c[nH]c2n1";"IC50";"'='";"1400.0";"nM";"5.85";"";"";"UO_0000065";"18.11";"0.38";"2.81";"5.54";"1";"CHEMBL664913";"Inhibition against Dihydrofolate reductase in Toxoplasma gondii";"B";"BAO_0000357";"single protein format";"Toxoplasma gondii";"None";"None";"None";"None";"";"";"";"CHEMBL2425";"Dihydrofolate reductase";"Toxoplasma gondii";"SINGLE PROTEIN";"CHEMBL1129990";"1";"Scientific Literature";"J Med Chem";"1997";"None";"";"";""
"CHEMBL23867";"";"None";"330.39";"0";"3.26";"13a";"Cc1c(CNc2cccc3ccccc23)cnc2nc(N)nc(N)c12";"IC50";"'='";"240.0";"nM";"6.62";"";"";"UO_0000065";"20.04";"0.36";"3.36";"6.44";"0";"CHEMBL665590";"Inhibitory activity against Toxoplasma gondii dihydrofolate reductase";"B";"BAO_0000357";"single protein format";"Toxoplasma gondii";"None";"None";"None";"None";"";"";"";"CHEMBL2425";"Dihydrofolate reductase";"Toxoplasma gondii";"SINGLE PROTEIN";"CHEMBL1129525";"1";"Scientific Literature";"J Med Chem";"1996";"None";"";"";""
"CHEMBL23416";"";"None";"314.78";"0";"2.76";"13k";"Cc1c(CNc2ccc(Cl)cc2)cnc2nc(N)nc(N)c12";"IC50";"'='";"32.0";"nM";"7.50";"";"";"UO_0000065";"23.81";"0.47";"4.73";"7.29";"0";"CHEMBL665590";"Inhibitory activity against Toxoplasma gondii dihydrofolate reductase";"B";"BAO_0000357";"single protein format";"Toxoplasma gondii";"None";"None";"None";"None";"";"";"";"CHEMBL2425";"Dihydrofolate reductase";"Toxoplasma gondii";"SINGLE PROTEIN";"CHEMBL1129525";"1";"Scientific Literature";"J Med Chem";"1996";"None";"";"";""
"CHEMBL22820";"";"None";"272.33";"0";"2.68";"3";"Nc1nc(N)c2c(CSc3ccccc3)coc2n1";"IC50";"'>'";"26000.0";"nM";"";"";"";"UO_0000065";"";"";"";"";"0";"CHEMBL664908";"Inhibitory activity against dihydrofolate reductase from Toxoplasma gondii";"B";"BAO_0000357";"single protein format";"Toxoplasma gondii";"None";"None";"None";"None";"";"";"";"CHEMBL2425";"Dihydrofolate reductase";"Toxoplasma gondii";"SINGLE PROTEIN";"CHEMBL1131327";"1";"Scientific Literature";"J Med Chem";"1998";"None";"";"";""
"CHEMBL281803";"";"None";"354.41";"0";"2.15";"13o";"COc1ccc(OC)c(N(C)Cc2cnc3nc(N)nc(N)c3c2C)c1";"IC50";"'='";"28.0";"nM";"7.55";"";"";"UO_0000065";"21.31";"0.40";"5.40";"6.72";"0";"CHEMBL665590";"Inhibitory activity against Toxoplasma gondii dihydrofolate reductase";"B";"BAO_0000357";"single protein format";"Toxoplasma gondii";"None";"None";"None";"None";"";"";"";"CHEMBL2425";"Dihydrofolate reductase";"Toxoplasma gondii";"SINGLE PROTEIN";"CHEMBL1129525";"1";"Scientific Literature";"J Med Chem";"1996";"None";"";"";""
"CHEMBL101908";"";"None";"322.40";"0";"2.96";"23";"Nc1nc(N)c2nc(CSc3ccc4ccccc4c3)[nH]c2n1";"IC50";"'='";"45000.0";"nM";"4.35";"";"";"UO_0000065";"13.48";"0.26";"1.39";"4.08";"0";"CHEMBL664911";"Inhibition of Toxoplasma gondii dihydrofolate reductase";"B";"BAO_0000357";"single protein format";"Toxoplasma gondii";"None";"None";"None";"None";"";"";"";"CHEMBL2425";"Dihydrofolate reductase";"Toxoplasma gondii";"SINGLE PROTEIN";"CHEMBL1130150";"1";"Scientific Literature";"J Med Chem";"1997";"None";"";"";""
"CHEMBL7492";"PIRITREXIM";"2.0";"325.37";"0";"2.11";"2 (PTX)";"COc1ccc(OC)c(Cc2cnc3nc(N)nc(N)c3c2C)c1";"IC50";"'='";"11.0";"nM";"7.96";"";"";"UO_0000065";"24.46";"0.45";"5.85";"7.29";"1";"CHEMBL665591";"Inhibitory concentration against Dihydrofolate reductase from Toxoplasma gondii (tg)";"B";"BAO_0000357";"single protein format";"Toxoplasma gondii";"None";"None";"None";"None";"";"";"";"CHEMBL2425";"Dihydrofolate reductase";"Toxoplasma gondii";"SINGLE PROTEIN";"CHEMBL1129937";"1";"Scientific Literature";"J Med Chem";"1997";"None";"";"";""
"CHEMBL102432";"";"None";"315.34";"0";"1.15";"22";"COc1ccc(OC)c(NCc2nc3c(N)nc(N)nc3[nH]2)c1";"IC50";"'='";"49000.0";"nM";"4.31";"";"";"UO_0000065";"13.67";"0.26";"3.16";"3.15";"0";"CHEMBL664911";"Inhibition of Toxoplasma gondii dihydrofolate reductase";"B";"BAO_0000357";"single protein format";"Toxoplasma gondii";"None";"None";"None";"None";"";"";"";"CHEMBL2425";"Dihydrofolate reductase";"Toxoplasma gondii";"SINGLE PROTEIN";"CHEMBL1130150";"1";"Scientific Literature";"J Med Chem";"1997";"None";"";"";""
"CHEMBL342555";"";"None";"384.40";"0";"1.38";"5";"COc1cc(N(C=O)Cc2cnc3nc(N)nc(N)c3c2)cc(OC)c1OC";"IC50";"'='";"1100.0";"nM";"5.96";"";"";"UO_0000065";"15.50";"0.29";"4.58";"4.30";"0";"CHEMBL665591";"Inhibitory concentration against Dihydrofolate reductase from Toxoplasma gondii (tg)";"B";"BAO_0000357";"single protein format";"Toxoplasma gondii";"None";"None";"None";"None";"";"";"";"CHEMBL2425";"Dihydrofolate reductase";"Toxoplasma gondii";"SINGLE PROTEIN";"CHEMBL1129937";"1";"Scientific Literature";"J Med Chem";"1997";"None";"";"";""
"CHEMBL188540";"";"None";"425.49";"0";"3.12";"8";"COc1ccc(OCCCCCC(=O)O)cc1Cc1cnc2nc(N)nc(N)c2c1C";"IC50";"'='";"2.0";"nM";"8.70";"";"";"UO_0000065";"20.44";"0.38";"5.58";"5.94";"0";"CHEMBL827820";"Inhibitory concentration against Toxoplasma gondii DHFR";"B";"BAO_0000357";"single protein format";"Toxoplasma gondii";"None";"None";"None";"None";"";"";"";"CHEMBL2425";"Dihydrofolate reductase";"Toxoplasma gondii";"SINGLE PROTEIN";"CHEMBL1145152";"1";"Scientific Literature";"J Med Chem";"2005";"None";"";"";""
"CHEMBL310880";"";"None";"328.81";"0";"2.79";"114";"Cc1c(CN(C)c2ccc(Cl)cc2)cnc2nc(N)nc(N)c12";"IC50";"'='";"5.4";"nM";"8.27";"";"";"UO_0000065";"25.14";"0.49";"5.48";"8.80";"1";"CHEMBL830839";"Inhibition of Toxoplasma gondii dihydrofolate reductase";"B";"BAO_0000357";"single protein format";"Toxoplasma gondii";"None";"None";"None";"None";"";"";"";"CHEMBL2425";"Dihydrofolate reductase";"Toxoplasma gondii";"SINGLE PROTEIN";"CHEMBL1145190";"1";"Scientific Literature";"J Med Chem";"2005";"None";"";"";""
"CHEMBL55656";"";"None";"333.42";"0";"3.63";"81";"Nc1nc(N)c2nc(CSc3cccc4ccccc34)ccc2n1";"IC50";"'='";"49.0";"nM";"7.31";"";"";"UO_0000065";"21.92";"0.42";"3.68";"8.06";"1";"CHEMBL830839";"Inhibition of Toxoplasma gondii dihydrofolate reductase";"B";"BAO_0000357";"single protein format";"Toxoplasma gondii";"None";"None";"None";"None";"";"";"";"CHEMBL2425";"Dihydrofolate reductase";"Toxoplasma gondii";"SINGLE PROTEIN";"CHEMBL1145190";"1";"Scientific Literature";"J Med Chem";"2005";"None";"";"";""
"CHEMBL292143";"";"None";"333.42";"0";"3.63";"82";"Nc1nc(N)c2nc(CSc3ccc4ccccc4c3)ccc2n1";"IC50";"'='";"48.0";"nM";"7.32";"";"";"UO_0000065";"21.95";"0.42";"3.69";"8.07";"1";"CHEMBL828662";"Inhibition of Toxoplasma gondii dihydrofolate reductase";"B";"BAO_0000357";"single protein format";"Toxoplasma gondii";"None";"None";"None";"None";"";"";"";"CHEMBL2425";"Dihydrofolate reductase";"Toxoplasma gondii";"SINGLE PROTEIN";"CHEMBL1145190";"1";"Scientific Literature";"J Med Chem";"2005";"None";"";"";""
"CHEMBL23416";"";"None";"314.78";"0";"2.76";"18";"Cc1c(CNc2ccc(Cl)cc2)cnc2nc(N)nc(N)c12";"IC50";"'='";"19.0";"nM";"7.72";"";"";"UO_0000065";"24.53";"0.48";"4.96";"7.52";"1";"CHEMBL828662";"Inhibition of Toxoplasma gondii dihydrofolate reductase";"B";"BAO_0000357";"single protein format";"Toxoplasma gondii";"None";"None";"None";"None";"";"";"";"CHEMBL2425";"Dihydrofolate reductase";"Toxoplasma gondii";"SINGLE PROTEIN";"CHEMBL1145190";"1";"Scientific Literature";"J Med Chem";"2005";"None";"";"";""
"CHEMBL116637";"";"None";"355.40";"0";"2.43";"96";"COc1ccc(CNc2ccc3nc(N)nc(N)c3c2)c(OC)c1OC";"IC50";"'='";"190.0";"nM";"6.72";"";"";"UO_0000065";"18.91";"0.35";"4.29";"5.72";"1";"CHEMBL828662";"Inhibition of Toxoplasma gondii dihydrofolate reductase";"B";"BAO_0000357";"single protein format";"Toxoplasma gondii";"None";"None";"None";"None";"";"";"";"CHEMBL2425";"Dihydrofolate reductase";"Toxoplasma gondii";"SINGLE PROTEIN";"CHEMBL1145190";"1";"Scientific Literature";"J Med Chem";"2005";"None";"";"";""
"CHEMBL594320";"";"None";"322.37";"0";"3.18";"4";"COc1ccccc1C(=Cc1coc2nc(=N)[nH]c(N)c12)C1CC1";"IC50";"'='";"4600.0";"nM";"5.34";"";"";"UO_0000065";"16.56";"0.30";"2.16";"5.29";"0";"CHEMBL1038908";"Inhibition of Toxoplasma gondii DHFR in presence of saturating levels of NADPH and DHFA";"B";"BAO_0000357";"single protein format";"Toxoplasma gondii";"None";"None";"None";"None";"";"";"";"CHEMBL2425";"Dihydrofolate reductase";"Toxoplasma gondii";"SINGLE PROTEIN";"CHEMBL1152608";"1";"Scientific Literature";"Bioorg Med Chem";"2009";"None";"";"";""
"CHEMBL595757";"";"None";"326.40";"0";"3.38";"9";"COc1ccccc1C(Cc1coc2nc(N)nc(N)c12)C(C)C";"IC50";"'='";"7000.0";"nM";"5.16";"";"";"UO_0000065";"15.79";"0.29";"1.77";"5.15";"0";"CHEMBL1038908";"Inhibition of Toxoplasma gondii DHFR in presence of saturating levels of NADPH and DHFA";"B";"BAO_0000357";"single protein format";"Toxoplasma gondii";"None";"None";"None";"None";"";"";"";"CHEMBL2425";"Dihydrofolate reductase";"Toxoplasma gondii";"SINGLE PROTEIN";"CHEMBL1152608";"1";"Scientific Literature";"Bioorg Med Chem";"2009";"None";"";"";""
"CHEMBL594339";"";"None";"340.43";"0";"3.77";"13";"CCC(C)C(Cc1coc2nc(N)nc(N)c12)c1ccccc1OC";"IC50";"'='";"15400.0";"nM";"4.81";"";"";"UO_0000065";"14.14";"0.26";"1.04";"4.80";"0";"CHEMBL1038908";"Inhibition of Toxoplasma gondii DHFR in presence of saturating levels of NADPH and DHFA";"B";"BAO_0000357";"single protein format";"Toxoplasma gondii";"None";"None";"None";"None";"";"";"";"CHEMBL2425";"Dihydrofolate reductase";"Toxoplasma gondii";"SINGLE PROTEIN";"CHEMBL1152608";"1";"Scientific Literature";"Bioorg Med Chem";"2009";"None";"";"";""
"CHEMBL293415";"";"None";"359.39";"0";"1.91";"17";"COc1cc(N(C)Cc2c[nH]c3nc(N)nc(O)c23)cc(OC)c1OC";"IC50";"'='";"37000.0";"nM";"4.43";"";"";"UO_0000065";"12.33";"0.23";"2.52";"3.73";"0";"CHEMBL664920";"Inhibitory activity against Toxoplasma gondii dihydrofolate reductase";"B";"BAO_0000357";"single protein format";"Toxoplasma gondii";"None";"None";"None";"None";"";"";"";"CHEMBL2425";"Dihydrofolate reductase";"Toxoplasma gondii";"SINGLE PROTEIN";"CHEMBL1134503";"1";"Scientific Literature";"J Med Chem";"2001";"None";"";"";""
"CHEMBL421319";"";"None";"294.31";"0";"2.15";"2a";"Nc1nc(N)c2cc(COC(=O)c3ccccc3)ccc2n1";"Relative IC50";"'='";"3.9";"";"";"";"";"";"";"";"";"";"0";"CHEMBL665611";"Relative activity against dihydrofolate reductase DHFR from Toxoplasma gondii";"B";"BAO_0000357";"single protein format";"Toxoplasma gondii";"None";"None";"None";"None";"";"";"";"CHEMBL2425";"Dihydrofolate reductase";"Toxoplasma gondii";"SINGLE PROTEIN";"CHEMBL1134533";"1";"Scientific Literature";"J Med Chem";"2001";"None";"";"";""
"CHEMBL119";"TRIMETREXATE";"4.0";"369.43";"0";"2.74";"TMQ";"COc1cc(NCc2ccc3nc(N)nc(N)c3c2C)cc(OC)c1OC";"IC50";"'='";"10.0";"nM";"8.00";"";"";"UO_0000065";"21.65";"0.40";"5.26";"6.81";"1";"CHEMBL665597";"Inhibitory concentration against dihydrofolate reductase DHFR from Toxoplasma gondii";"B";"BAO_0000357";"single protein format";"Toxoplasma gondii";"None";"None";"None";"None";"";"";"";"CHEMBL2425";"Dihydrofolate reductase";"Toxoplasma gondii";"SINGLE PROTEIN";"CHEMBL1134533";"1";"Scientific Literature";"J Med Chem";"2001";"None";"";"";""
"CHEMBL279243";"";"None";"284.35";"0";"1.88";"12b";"Nc1nc(N)c2nc(CSc3ccccc3)cnc2n1";"IC50";"'='";"770.0";"nM";"6.11";"";"";"UO_0000065";"21.50";"0.42";"4.23";"5.90";"0";"CHEMBL665590";"Inhibitory activity against Toxoplasma gondii dihydrofolate reductase";"B";"BAO_0000357";"single protein format";"Toxoplasma gondii";"None";"None";"None";"None";"";"";"";"CHEMBL2425";"Dihydrofolate reductase";"Toxoplasma gondii";"SINGLE PROTEIN";"CHEMBL1129525";"1";"Scientific Literature";"J Med Chem";"1996";"None";"";"";""
"CHEMBL119";"TRIMETREXATE";"4.0";"369.43";"0";"2.74";"TMQ";"COc1cc(NCc2ccc3nc(N)nc(N)c3c2C)cc(OC)c1OC";"IC50";"'='";"10.0";"nM";"8.00";"";"";"UO_0000065";"21.65";"0.40";"5.26";"6.81";"1";"CHEMBL665702";"Inhibitory activity against Toxoplasma gondii dihydrofolate reductase.";"B";"BAO_0000357";"single protein format";"Toxoplasma gondii";"None";"None";"None";"None";"";"";"";"CHEMBL2425";"Dihydrofolate reductase";"Toxoplasma gondii";"SINGLE PROTEIN";"CHEMBL1129583";"1";"Scientific Literature";"J Med Chem";"1996";"None";"";"";""
"CHEMBL138252";"";"None";"286.73";"0";"2.59";"13";"Nc1nc(N)c2nc(Nc3ccc(Cl)cc3)ccc2n1";"IC50";"'='";"830.0";"nM";"6.08";"";"";"UO_0000065";"21.21";"0.42";"3.49";"5.92";"0";"CHEMBL661507";"Inhibitory activity against dihydrofolate reductase (DHFR) from Toxoplasma gondii";"B";"BAO_0000357";"single protein format";"Toxoplasma gondii";"None";"None";"None";"None";"";"";"";"CHEMBL2425";"Dihydrofolate reductase";"Toxoplasma gondii";"SINGLE PROTEIN";"CHEMBL1131172";"1";"Scientific Literature";"J Med Chem";"1998";"None";"";"";""
"CHEMBL431740";"";"None";"463.28";"0";"2.78";"8";"COc1c(Cl)c(-n2ccc3c4c(N)nc(N)nc4nc(=O)c-3c2)c(Cl)c(OC)c1OC";"IC50";"'='";"2300.0";"nM";"5.64";"";"";"UO_0000065";"12.17";"0.25";"2.86";"4.02";"0";"CHEMBL665593";"Inhibitory concentration against Toxoplasma gondii Dihydrofolate reductase";"B";"BAO_0000357";"single protein format";"Toxoplasma gondii";"None";"None";"None";"None";"";"";"";"CHEMBL2425";"Dihydrofolate reductase";"Toxoplasma gondii";"SINGLE PROTEIN";"CHEMBL1130385";"1";"Scientific Literature";"J Med Chem";"1997";"None";"";"";""
"CHEMBL286700";"";"None";"266.31";"0";"1.80";"177";"Nc1nc(N)c2cc(NCc3ccccc3)cnc2n1";"IC50";"'='";"520.0";"nM";"6.28";"";"";"UO_0000065";"23.60";"0.43";"4.48";"6.12";"1";"CHEMBL828662";"Inhibition of Toxoplasma gondii dihydrofolate reductase";"B";"BAO_0000357";"single protein format";"Toxoplasma gondii";"None";"None";"None";"None";"";"";"";"CHEMBL2425";"Dihydrofolate reductase";"Toxoplasma gondii";"SINGLE PROTEIN";"CHEMBL1145190";"1";"Scientific Literature";"J Med Chem";"2005";"None";"";"";""
"CHEMBL439973";"";"None";"425.45";"0";"1.68";"3a";"Cc1nc(N)nc2[nH]cc(CCc3ccc(C(=O)N[C@@H](CCC(=O)O)C(=O)O)cc3)c12";"IC50";"'='";"1200.0";"nM";"5.92";"";"";"UO_0000065";"13.92";"0.26";"4.24";"3.46";"0";"CHEMBL665599";"Inhibitory concentration against isolated Toxoplasma gondii DHFR (dihydrofolate reductase)";"B";"BAO_0000357";"single protein format";"Toxoplasma gondii";"None";"None";"None";"None";"";"";"";"CHEMBL2425";"Dihydrofolate reductase";"Toxoplasma gondii";"SINGLE PROTEIN";"CHEMBL1133086";"1";"Scientific Literature";"J Med Chem";"2000";"None";"";"";""
"CHEMBL52415";"";"None";"404.43";"0";"2.35";"7";"COc1cc(Cc2cnc(N)nc2N)cc(C#Cc2ccc(C(=O)O)cc2)c1OC";"IC50";"'='";"420.0";"nM";"6.38";"";"";"UO_0000065";"15.77";"0.29";"4.03";"4.77";"0";"CHEMBL665596";"Inhibitory concentration against Toxoplasma gondii dihydrofolate reductase";"B";"BAO_0000357";"single protein format";"Toxoplasma gondii";"None";"None";"None";"None";"";"";"";"CHEMBL2425";"Dihydrofolate reductase";"Toxoplasma gondii";"SINGLE PROTEIN";"CHEMBL1147507";"1";"Scientific Literature";"Bioorg Med Chem Lett";"2004";"None";"";"";""
"CHEMBL119";"TRIMETREXATE";"4.0";"369.43";"0";"2.74";"TMQ";"COc1cc(NCc2ccc3nc(N)nc(N)c3c2C)cc(OC)c1OC";"IC50";"'='";"10.0";"nM";"8.00";"";"";"UO_0000065";"21.65";"0.40";"5.26";"6.81";"1";"CHEMBL665616";"Inhibitory activity against Toxoplasma gondii dihydrofolate reductase (in 90 uM dihydrofolic acid)";"B";"BAO_0000357";"single protein format";"Toxoplasma gondii";"None";"None";"None";"None";"";"";"";"CHEMBL2425";"Dihydrofolate reductase";"Toxoplasma gondii";"SINGLE PROTEIN";"CHEMBL1129539";"1";"Scientific Literature";"J Med Chem";"1996";"None";"";"";""
"CHEMBL22";"TRIMETHOPRIM";"4.0";"290.32";"0";"1.26";"1, TMP";"COc1cc(Cc2cnc(N)nc2N)cc(OC)c1OC";"IC50";"'='";"2800.0";"nM";"5.55";"";"";"UO_0000065";"19.13";"0.36";"4.29";"5.26";"1";"CHEMBL665598";"Inhibitory concentration against dihydrofolate reductase of Toxoplasma gondii";"B";"BAO_0000357";"single protein format";"Toxoplasma gondii";"None";"None";"None";"None";"";"";"";"CHEMBL2425";"Dihydrofolate reductase";"Toxoplasma gondii";"SINGLE PROTEIN";"CHEMBL1149100";"1";"Scientific Literature";"J Med Chem";"2004";"None";"";"";""
"CHEMBL421959";"";"None";"306.37";"0";"1.75";"4";"Nc1nc(N)c2cc3c(nc2n1)CCN(Cc1ccccc1)C3";"IC50";"'='";"1400.0";"nM";"5.85";"";"";"UO_0000065";"19.11";"0.35";"4.10";"6.23";"0";"CHEMBL665701";"Inhibitory activity against Toxoplasma gondii (tg) Dihydrofolate reductase (DHFR)";"B";"BAO_0000357";"single protein format";"Toxoplasma gondii";"None";"None";"None";"None";"";"";"";"CHEMBL2425";"Dihydrofolate reductase";"Toxoplasma gondii";"SINGLE PROTEIN";"CHEMBL1135650";"1";"Scientific Literature";"J Med Chem";"2002";"None";"";"";""
"CHEMBL279983";"";"None";"340.39";"0";"2.13";"14d";"COc1ccc(NCc2cnc3nc(N)nc(N)c3c2C)c(OC)c1";"IC50";"'='";"10.0";"nM";"8.00";"";"";"UO_0000065";"23.50";"0.44";"5.87";"6.60";"0";"CHEMBL665590";"Inhibitory activity against Toxoplasma gondii dihydrofolate reductase";"B";"BAO_0000357";"single protein format";"Toxoplasma gondii";"None";"None";"None";"None";"";"";"";"CHEMBL2425";"Dihydrofolate reductase";"Toxoplasma gondii";"SINGLE PROTEIN";"CHEMBL1129525";"1";"Scientific Literature";"J Med Chem";"1996";"None";"";"";""
"CHEMBL22";"TRIMETHOPRIM";"4.0";"290.32";"0";"1.26";"Trimethoprim";"COc1cc(Cc2cnc(N)nc2N)cc(OC)c1OC";"IC50";"'='";"2700.0";"nM";"5.57";"";"";"UO_0000065";"19.18";"0.36";"4.31";"5.28";"1";"CHEMBL665589";"Inhibitory activity against Toxoplasma gondii Dihydrofolate reductase";"B";"BAO_0000357";"single protein format";"Toxoplasma gondii";"None";"None";"None";"None";"";"";"";"CHEMBL2425";"Dihydrofolate reductase";"Toxoplasma gondii";"SINGLE PROTEIN";"CHEMBL1128249";"1";"Scientific Literature";"J Med Chem";"1995";"None";"";"";""
"CHEMBL55179";"";"None";"356.39";"0";"1.83";"55";"COc1cc(NCc2ccc3nc(N)nc(N)c3n2)cc(OC)c1OC";"IC50";"'='";"40.0";"nM";"7.40";"";"";"UO_0000065";"20.76";"0.39";"5.57";"5.67";"1";"CHEMBL828662";"Inhibition of Toxoplasma gondii dihydrofolate reductase";"B";"BAO_0000357";"single protein format";"Toxoplasma gondii";"None";"None";"None";"None";"";"";"";"CHEMBL2425";"Dihydrofolate reductase";"Toxoplasma gondii";"SINGLE PROTEIN";"CHEMBL1145190";"1";"Scientific Literature";"J Med Chem";"2005";"None";"";"";""
"CHEMBL55179";"";"None";"356.39";"0";"1.83";"55";"COc1cc(NCc2ccc3nc(N)nc(N)c3n2)cc(OC)c1OC";"IC50";"'='";"39.99";"nM";"7.40";"";"";"UO_0000065";"20.76";"0.39";"5.57";"5.67";"0";"CHEMBL830839";"Inhibition of Toxoplasma gondii dihydrofolate reductase";"B";"BAO_0000357";"single protein format";"Toxoplasma gondii";"None";"None";"None";"None";"";"";"";"CHEMBL2425";"Dihydrofolate reductase";"Toxoplasma gondii";"SINGLE PROTEIN";"CHEMBL1145190";"1";"Scientific Literature";"J Med Chem";"2005";"None";"";"";""
"CHEMBL415962";"";"None";"310.36";"0";"1.83";"56";"COc1ccc(N(C)Cc2ccc3nc(N)nc(N)c3n2)cc1";"IC50";"'='";"16.0";"nM";"7.80";"";"";"UO_0000065";"25.12";"0.46";"5.97";"7.56";"1";"CHEMBL830839";"Inhibition of Toxoplasma gondii dihydrofolate reductase";"B";"BAO_0000357";"single protein format";"Toxoplasma gondii";"None";"None";"None";"None";"";"";"";"CHEMBL2425";"Dihydrofolate reductase";"Toxoplasma gondii";"SINGLE PROTEIN";"CHEMBL1145190";"1";"Scientific Literature";"J Med Chem";"2005";"None";"";"";""
"CHEMBL54733";"";"None";"266.31";"0";"1.80";"57";"Nc1nc(N)c2nc(CNc3ccccc3)ccc2n1";"IC50";"'='";"84.92";"nM";"7.07";"";"";"UO_0000065";"26.55";"0.48";"5.27";"6.88";"0";"CHEMBL830839";"Inhibition of Toxoplasma gondii dihydrofolate reductase";"B";"BAO_0000357";"single protein format";"Toxoplasma gondii";"None";"None";"None";"None";"";"";"";"CHEMBL2425";"Dihydrofolate reductase";"Toxoplasma gondii";"SINGLE PROTEIN";"CHEMBL1145190";"1";"Scientific Literature";"J Med Chem";"2005";"None";"";"";""
"CHEMBL54913";"";"None";"335.20";"0";"3.11";"59";"Nc1nc(N)c2nc(CNc3c(Cl)cccc3Cl)ccc2n1";"IC50";"'='";"28.0";"nM";"7.55";"";"";"UO_0000065";"22.53";"0.47";"4.44";"7.35";"1";"CHEMBL830839";"Inhibition of Toxoplasma gondii dihydrofolate reductase";"B";"BAO_0000357";"single protein format";"Toxoplasma gondii";"None";"None";"None";"None";"";"";"";"CHEMBL2425";"Dihydrofolate reductase";"Toxoplasma gondii";"SINGLE PROTEIN";"CHEMBL1145190";"1";"Scientific Literature";"J Med Chem";"2005";"None";"";"";""
"CHEMBL49454";"";"None";"408.46";"0";"2.16";"21";"C#CCN(Cc1cnc2nc(N)nc(N)c2c1C)c1cc(OC)c(OC)c(OC)c1";"IC50";"'='";"7.7";"nM";"8.11";"";"";"UO_0000065";"19.86";"0.37";"5.95";"6.67";"1";"CHEMBL828662";"Inhibition of Toxoplasma gondii dihydrofolate reductase";"B";"BAO_0000357";"single protein format";"Toxoplasma gondii";"None";"None";"None";"None";"";"";"";"CHEMBL2425";"Dihydrofolate reductase";"Toxoplasma gondii";"SINGLE PROTEIN";"CHEMBL1145190";"1";"Scientific Literature";"J Med Chem";"2005";"None";"";"";""
"CHEMBL53693";"";"None";"412.49";"0";"2.94";"22";"COc1cc(N(Cc2cnc3nc(N)nc(N)c3c2C)C(C)C)cc(OC)c1OC";"IC50";"'='";"6.7";"nM";"8.17";"";"";"UO_0000065";"19.82";"0.37";"5.23";"6.72";"1";"CHEMBL828662";"Inhibition of Toxoplasma gondii dihydrofolate reductase";"B";"BAO_0000357";"single protein format";"Toxoplasma gondii";"None";"None";"None";"None";"";"";"";"CHEMBL2425";"Dihydrofolate reductase";"Toxoplasma gondii";"SINGLE PROTEIN";"CHEMBL1145190";"1";"Scientific Literature";"J Med Chem";"2005";"None";"";"";""
"CHEMBL23288";"";"None";"356.39";"0";"1.83";"24";"COc1cc(NCc2cnc3nc(N)nc(N)c3c2)cc(OC)c1OC";"IC50";"'='";"299.92";"nM";"6.52";"";"";"UO_0000065";"18.30";"0.34";"4.69";"5.00";"0";"CHEMBL830839";"Inhibition of Toxoplasma gondii dihydrofolate reductase";"B";"BAO_0000357";"single protein format";"Toxoplasma gondii";"None";"None";"None";"None";"";"";"";"CHEMBL2425";"Dihydrofolate reductase";"Toxoplasma gondii";"SINGLE PROTEIN";"CHEMBL1145190";"1";"Scientific Literature";"J Med Chem";"2005";"None";"";"";""
"CHEMBL142741";"";"None";"370.41";"0";"1.85";"25";"COc1cc(N(C)Cc2cnc3nc(N)nc(N)c3c2)cc(OC)c1OC";"IC50";"'='";"9.0";"nM";"8.05";"";"";"UO_0000065";"21.72";"0.41";"6.20";"6.61";"1";"CHEMBL828662";"Inhibition of Toxoplasma gondii dihydrofolate reductase";"B";"BAO_0000357";"single protein format";"Toxoplasma gondii";"None";"None";"None";"None";"";"";"";"CHEMBL2425";"Dihydrofolate reductase";"Toxoplasma gondii";"SINGLE PROTEIN";"CHEMBL1145190";"1";"Scientific Literature";"J Med Chem";"2005";"None";"";"";""
"CHEMBL23846";"";"None";"305.34";"0";"3.15";"39";"Nc1nc(N)c2c(CNc3cccc4ccccc34)coc2n1";"IC50";"'='";"37153.52";"nM";"4.43";"";"";"UO_0000065";"14.51";"0.26";"1.28";"4.30";"1";"CHEMBL1071424";"Inhibition of Toxoplasma gondii DHFR by spectrophotometric assay";"B";"BAO_0000357";"single protein format";"Toxoplasma gondii";"None";"None";"None";"None";"";"";"";"CHEMBL2425";"Dihydrofolate reductase";"Toxoplasma gondii";"SINGLE PROTEIN";"CHEMBL1156926";"1";"Scientific Literature";"Bioorg Med Chem";"2010";"None";"";"";""
"CHEMBL23569";"";"None";"340.39";"0";"2.13";"18";"COc1cc(NCc2cnc3nc(N)nc(N)c3c2C)cc(OC)c1";"IC50";"'='";"4.8";"nM";"8.32";"";"";"UO_0000065";"24.44";"0.45";"6.19";"6.86";"1";"CHEMBL830839";"Inhibition of Toxoplasma gondii dihydrofolate reductase";"B";"BAO_0000357";"single protein format";"Toxoplasma gondii";"None";"None";"None";"None";"";"";"";"CHEMBL2425";"Dihydrofolate reductase";"Toxoplasma gondii";"SINGLE PROTEIN";"CHEMBL1145190";"1";"Scientific Literature";"J Med Chem";"2005";"None";"";"";""
"CHEMBL22623";"";"None";"354.41";"0";"2.15";"19";"COc1cc(OC)cc(N(C)Cc2cnc3nc(N)nc(N)c3c2C)c1";"IC50";"'='";"57.94";"nM";"7.24";"";"";"UO_0000065";"20.42";"0.38";"5.09";"6.44";"0";"CHEMBL830839";"Inhibition of Toxoplasma gondii dihydrofolate reductase";"B";"BAO_0000357";"single protein format";"Toxoplasma gondii";"None";"None";"None";"None";"";"";"";"CHEMBL2425";"Dihydrofolate reductase";"Toxoplasma gondii";"SINGLE PROTEIN";"CHEMBL1145190";"1";"Scientific Literature";"J Med Chem";"2005";"None";"";"";""
"CHEMBL17479";"";"None";"321.41";"0";"3.57";"89";"Nc1nc(N)c2c(CSc3cccc4ccccc34)c[nH]c2n1";"IC50";"'='";"810.0";"nM";"6.09";"";"";"UO_0000065";"18.95";"0.36";"2.52";"6.51";"1";"CHEMBL828662";"Inhibition of Toxoplasma gondii dihydrofolate reductase";"B";"BAO_0000357";"single protein format";"Toxoplasma gondii";"None";"None";"None";"None";"";"";"";"CHEMBL2425";"Dihydrofolate reductase";"Toxoplasma gondii";"SINGLE PROTEIN";"CHEMBL1145190";"1";"Scientific Literature";"J Med Chem";"2005";"None";"";"";""
"CHEMBL299140";"";"None";"316.37";"0";"2.95";"83";"Nc1nc(N)c2nc(CNc3cccc4ccccc34)ccc2n1";"IC50";"'='";"26.0";"nM";"7.58";"";"";"UO_0000065";"23.98";"0.43";"4.64";"7.38";"1";"CHEMBL830839";"Inhibition of Toxoplasma gondii dihydrofolate reductase";"B";"BAO_0000357";"single protein format";"Toxoplasma gondii";"None";"None";"None";"None";"";"";"";"CHEMBL2425";"Dihydrofolate reductase";"Toxoplasma gondii";"SINGLE PROTEIN";"CHEMBL1145190";"1";"Scientific Literature";"J Med Chem";"2005";"None";"";"";""
"CHEMBL33208";"";"None";"356.39";"0";"1.83";"166";"COc1cc(CNc2cnc3nc(N)nc(N)c3c2)cc(OC)c1OC";"IC50";"'='";"350.0";"nM";"6.46";"";"";"UO_0000065";"18.11";"0.34";"4.63";"4.95";"1";"CHEMBL828662";"Inhibition of Toxoplasma gondii dihydrofolate reductase";"B";"BAO_0000357";"single protein format";"Toxoplasma gondii";"None";"None";"None";"None";"";"";"";"CHEMBL2425";"Dihydrofolate reductase";"Toxoplasma gondii";"SINGLE PROTEIN";"CHEMBL1145190";"1";"Scientific Literature";"J Med Chem";"2005";"None";"";"";""
"CHEMBL423560";"";"None";"366.43";"0";"2.08";"4";"COc1cc2c(cc1OC)N(Cc1cnc3nc(N)nc(N)c3c1C)CC2";"IC50";"'='";"49.0";"nM";"7.31";"";"";"UO_0000065";"19.95";"0.37";"5.23";"6.50";"0";"CHEMBL664921";"Inhibition of Dihydrofolate Reductase of Toxoplasma gondii.";"B";"BAO_0000357";"single protein format";"Toxoplasma gondii";"None";"None";"None";"None";"";"";"";"CHEMBL2425";"Dihydrofolate reductase";"Toxoplasma gondii";"SINGLE PROTEIN";"CHEMBL1129938";"1";"Scientific Literature";"J Med Chem";"1997";"None";"";"";""
"CHEMBL26006";"";"None";"317.36";"0";"2.35";"12a";"Nc1nc(N)c2nc(CNc3cccc4ccccc34)cnc2n1";"IC50";"'='";"76.0";"nM";"7.12";"";"";"UO_0000065";"22.43";"0.41";"4.77";"6.16";"0";"CHEMBL665590";"Inhibitory activity against Toxoplasma gondii dihydrofolate reductase";"B";"BAO_0000357";"single protein format";"Toxoplasma gondii";"None";"None";"None";"None";"";"";"";"CHEMBL2425";"Dihydrofolate reductase";"Toxoplasma gondii";"SINGLE PROTEIN";"CHEMBL1129525";"1";"Scientific Literature";"J Med Chem";"1996";"None";"";"";""
"CHEMBL227065";"";"None";"321.41";"0";"3.74";"1b";"Cc1c(Sc2ccc3ccccc3c2)[nH]c2nc(N)nc(N)c12";"IC50";"'='";"160000.0";"nM";"";"Outside typical range";"";"UO_0000065";"";"";"";"";"0";"CHEMBL889609";"Inhibition of Toxoplasma gondii DHFR";"B";"BAO_0000357";"single protein format";"Toxoplasma gondii";"None";"None";"None";"None";"";"";"";"CHEMBL2425";"Dihydrofolate reductase";"Toxoplasma gondii";"SINGLE PROTEIN";"CHEMBL1145401";"1";"Scientific Literature";"J Med Chem";"2007";"None";"";"";""
"CHEMBL388120";"";"None";"354.27";"0";"4.14";"10";"CCc1c(Sc2ccc(Cl)cc2Cl)[nH]c2nc(N)nc(N)c12";"IC50";"'='";"220000.0";"nM";"";"Outside typical range";"";"UO_0000065";"";"";"";"";"0";"CHEMBL889609";"Inhibition of Toxoplasma gondii DHFR";"B";"BAO_0000357";"single protein format";"Toxoplasma gondii";"None";"None";"None";"None";"";"";"";"CHEMBL2425";"Dihydrofolate reductase";"Toxoplasma gondii";"SINGLE PROTEIN";"CHEMBL1145401";"1";"Scientific Literature";"J Med Chem";"2007";"None";"";"";""
"CHEMBL596970";"";"None";"348.43";"0";"4.35";"53";"Nc1nc(N)c2c(CSc3ccccc3-c3ccccc3)coc2n1";"IC50";"'='";"105000.0";"nM";"";"Outside typical range";"";"UO_0000065";"";"";"";"";"0";"CHEMBL1071424";"Inhibition of Toxoplasma gondii DHFR by spectrophotometric assay";"B";"BAO_0000357";"single protein format";"Toxoplasma gondii";"None";"None";"None";"None";"";"";"";"CHEMBL2425";"Dihydrofolate reductase";"Toxoplasma gondii";"SINGLE PROTEIN";"CHEMBL1156926";"1";"Scientific Literature";"Bioorg Med Chem";"2010";"None";"";"";""
"CHEMBL431257";"";"None";"316.32";"0";"1.21";"19";"COc1cc(-c2nc3c(N)nc(N)nc3[nH]2)cc(OC)c1OC";"IC50";"'='";"2187.76";"nM";"5.66";"";"";"UO_0000065";"17.89";"0.34";"4.45";"4.22";"0";"CHEMBL1071424";"Inhibition of Toxoplasma gondii DHFR by spectrophotometric assay";"B";"BAO_0000357";"single protein format";"Toxoplasma gondii";"None";"None";"None";"None";"";"";"";"CHEMBL2425";"Dihydrofolate reductase";"Toxoplasma gondii";"SINGLE PROTEIN";"CHEMBL1156926";"1";"Scientific Literature";"Bioorg Med Chem";"2010";"None";"";"";""
"CHEMBL105523";"";"None";"316.32";"0";"1.21";"22";"COc1cc(OC)c(-c2nc3c(N)nc(N)nc3[nH]2)cc1OC";"IC50";"'='";"1513.56";"nM";"5.82";"";"";"UO_0000065";"18.40";"0.35";"4.61";"4.34";"0";"CHEMBL1071424";"Inhibition of Toxoplasma gondii DHFR by spectrophotometric assay";"B";"BAO_0000357";"single protein format";"Toxoplasma gondii";"None";"None";"None";"None";"";"";"";"CHEMBL2425";"Dihydrofolate reductase";"Toxoplasma gondii";"SINGLE PROTEIN";"CHEMBL1156926";"1";"Scientific Literature";"Bioorg Med Chem";"2010";"None";"";"";""
"CHEMBL225072";"PEMETREXED";"4.0";"427.42";"1";"0.67";"LY-231514";"Nc1nc2[nH]cc(CCc3ccc(C(=O)N[C@@H](CCC(=O)O)C(=O)O)cc3)c2c(=O)[nH]1";"IC50";"'='";"2300.0";"nM";"5.64";"";"";"UO_0000065";"13.19";"0.25";"4.97";"2.95";"0";"CHEMBL664920";"Inhibitory activity against Toxoplasma gondii dihydrofolate reductase";"B";"BAO_0000357";"single protein format";"Toxoplasma gondii";"None";"None";"None";"None";"";"";"";"CHEMBL2425";"Dihydrofolate reductase";"Toxoplasma gondii";"SINGLE PROTEIN";"CHEMBL1134503";"1";"Scientific Literature";"J Med Chem";"2001";"None";"";"";""
"CHEMBL50514";"";"None";"384.44";"0";"2.16";"1a";"COc1cc(N(C)Cc2cnc3nc(N)nc(N)c3c2C)cc(OC)c1OC";"IC50";"'='";"0.85";"nM";"9.07";"";"";"UO_0000065";"23.59";"0.44";"6.91";"7.46";"1";"CHEMBL665591";"Inhibitory concentration against Dihydrofolate reductase from Toxoplasma gondii (tg)";"B";"BAO_0000357";"single protein format";"Toxoplasma gondii";"None";"None";"None";"None";"";"";"";"CHEMBL2425";"Dihydrofolate reductase";"Toxoplasma gondii";"SINGLE PROTEIN";"CHEMBL1129937";"1";"Scientific Literature";"J Med Chem";"1997";"None";"";"";""
"CHEMBL49246";"";"None";"319.80";"0";"3.08";"3b";"CCc1nc(N)nc(N)c1-c1ccc(Cl)c(/N=N/N(C)C)c1";"IC50";"'='";"310.0";"nM";"6.51";"";"";"UO_0000065";"20.35";"0.40";"3.43";"6.15";"1";"CHEMBL664922";"Inhibitory activity against dihydrofolate reductase DHFR in Toxoplasma gondii.";"B";"BAO_0000357";"single protein format";"Toxoplasma gondii";"None";"None";"None";"None";"";"";"";"CHEMBL2425";"Dihydrofolate reductase";"Toxoplasma gondii";"SINGLE PROTEIN";"CHEMBL1134547";"1";"Scientific Literature";"J Med Chem";"2001";"None";"";"";""
"CHEMBL279983";"";"None";"340.39";"0";"2.13";"2c";"COc1ccc(NCc2cnc3nc(N)nc(N)c3c2C)c(OC)c1";"IC50";"'='";"56.5";"nM";"7.25";"";"";"UO_0000065";"21.29";"0.40";"5.12";"5.98";"0";"CHEMBL664916";"Inhibitory activity against Dihydrofolate reductase from Toxoplasma gondii";"B";"BAO_0000357";"single protein format";"Toxoplasma gondii";"None";"None";"None";"None";"";"";"";"CHEMBL2425";"Dihydrofolate reductase";"Toxoplasma gondii";"SINGLE PROTEIN";"CHEMBL1128680";"1";"Scientific Literature";"J Med Chem";"1995";"None";"";"";""
"CHEMBL53693";"";"None";"412.49";"0";"2.94";"4b";"COc1cc(N(Cc2cnc3nc(N)nc(N)c3c2C)C(C)C)cc(OC)c1OC";"IC50";"'='";"6.7";"nM";"8.17";"";"";"UO_0000065";"19.82";"0.37";"5.23";"6.72";"0";"CHEMBL664916";"Inhibitory activity against Dihydrofolate reductase from Toxoplasma gondii";"B";"BAO_0000357";"single protein format";"Toxoplasma gondii";"None";"None";"None";"None";"";"";"";"CHEMBL2425";"Dihydrofolate reductase";"Toxoplasma gondii";"SINGLE PROTEIN";"CHEMBL1128680";"1";"Scientific Literature";"J Med Chem";"1995";"None";"";"";""
"CHEMBL420224";"";"None";"383.67";"0";"4.07";"7";"Cc1c(CNc2cc(Cl)c(Cl)c(Cl)c2)cnc2nc(N)nc(N)c12";"IC50";"'='";"12.0";"nM";"7.92";"";"";"UO_0000065";"20.64";"0.45";"3.85";"7.71";"1";"CHEMBL828662";"Inhibition of Toxoplasma gondii dihydrofolate reductase";"B";"BAO_0000357";"single protein format";"Toxoplasma gondii";"None";"None";"None";"None";"";"";"";"CHEMBL2425";"Dihydrofolate reductase";"Toxoplasma gondii";"SINGLE PROTEIN";"CHEMBL1145190";"1";"Scientific Literature";"J Med Chem";"2005";"None";"";"";""
"CHEMBL121683";"";"None";"357.46";"0";"2.29";"147";"CCN(CC1CCc2nc(N)nc(N)c2C1)c1cc(OC)ccc1OC";"IC50";"'='";"17.0";"nM";"7.77";"";"";"UO_0000065";"21.74";"0.41";"5.48";"7.81";"1";"CHEMBL828662";"Inhibition of Toxoplasma gondii dihydrofolate reductase";"B";"BAO_0000357";"single protein format";"Toxoplasma gondii";"None";"None";"None";"None";"";"";"";"CHEMBL2425";"Dihydrofolate reductase";"Toxoplasma gondii";"SINGLE PROTEIN";"CHEMBL1145190";"1";"Scientific Literature";"J Med Chem";"2005";"None";"";"";""
"CHEMBL137981";"";"None";"329.39";"0";"2.36";"152";"COc1ccc(Sc2ccc3nc(N)nc(N)c3n2)cc1OC";"IC50";"'='";"19.01";"nM";"7.72";"";"";"UO_0000065";"23.44";"0.46";"5.36";"7.07";"0";"CHEMBL830839";"Inhibition of Toxoplasma gondii dihydrofolate reductase";"B";"BAO_0000357";"single protein format";"Toxoplasma gondii";"None";"None";"None";"None";"";"";"";"CHEMBL2425";"Dihydrofolate reductase";"Toxoplasma gondii";"SINGLE PROTEIN";"CHEMBL1145190";"1";"Scientific Literature";"J Med Chem";"2005";"None";"";"";""
"CHEMBL49246";"";"None";"319.80";"0";"3.08";"4a";"CCc1nc(N)nc(N)c1-c1ccc(Cl)c(/N=N/N(C)C)c1";"IC50";"'='";"310.0";"nM";"6.51";"";"";"UO_0000065";"20.35";"0.40";"3.43";"6.15";"0";"CHEMBL664912";"Inhibitory concentration against Toxoplasma gondii dihydrofolate reductase";"B";"BAO_0000357";"single protein format";"Toxoplasma gondii";"None";"None";"None";"None";"";"";"";"CHEMBL2425";"Dihydrofolate reductase";"Toxoplasma gondii";"SINGLE PROTEIN";"CHEMBL1130062";"1";"Scientific Literature";"J Med Chem";"1997";"None";"";"";""
"CHEMBL32190";"";"None";"370.41";"0";"1.85";"167";"COc1cc(CN(C)c2cnc3nc(N)nc(N)c3c2)cc(OC)c1OC";"IC50";"'='";"14.0";"nM";"7.85";"";"";"UO_0000065";"21.20";"0.40";"6.00";"6.46";"1";"CHEMBL828662";"Inhibition of Toxoplasma gondii dihydrofolate reductase";"B";"BAO_0000357";"single protein format";"Toxoplasma gondii";"None";"None";"None";"None";"";"";"";"CHEMBL2425";"Dihydrofolate reductase";"Toxoplasma gondii";"SINGLE PROTEIN";"CHEMBL1145190";"1";"Scientific Literature";"J Med Chem";"2005";"None";"";"";""
"CHEMBL300603";"";"None";"349.23";"0";"3.13";"70";"CN(Cc1ccc2nc(N)nc(N)c2n1)c1ccc(Cl)c(Cl)c1";"IC50";"'='";"27.0";"nM";"7.57";"";"";"UO_0000065";"21.67";"0.45";"4.44";"8.06";"1";"CHEMBL830839";"Inhibition of Toxoplasma gondii dihydrofolate reductase";"B";"BAO_0000357";"single protein format";"Toxoplasma gondii";"None";"None";"None";"None";"";"";"";"CHEMBL2425";"Dihydrofolate reductase";"Toxoplasma gondii";"SINGLE PROTEIN";"CHEMBL1145190";"1";"Scientific Literature";"J Med Chem";"2005";"None";"";"";""
"CHEMBL597346";"";"None";"348.43";"0";"4.35";"55";"Nc1nc(N)c2c(CSc3ccc(-c4ccccc4)cc3)coc2n1";"IC50";"'='";"79000.0";"nM";"4.10";"";"";"UO_0000065";"11.77";"0.22";"-0.25";"4.51";"0";"CHEMBL1071424";"Inhibition of Toxoplasma gondii DHFR by spectrophotometric assay";"B";"BAO_0000357";"single protein format";"Toxoplasma gondii";"None";"None";"None";"None";"";"";"";"CHEMBL2425";"Dihydrofolate reductase";"Toxoplasma gondii";"SINGLE PROTEIN";"CHEMBL1156926";"1";"Scientific Literature";"Bioorg Med Chem";"2010";"None";"";"";""
"CHEMBL7488";"";"None";"359.43";"0";"1.88";"135";"COc1cc(NCC2CCc3nc(N)nc(N)c3C2)cc(OC)c1OC";"IC50";"'='";"54.0";"nM";"7.27";"";"";"UO_0000065";"20.22";"0.38";"5.39";"6.18";"1";"CHEMBL828662";"Inhibition of Toxoplasma gondii dihydrofolate reductase";"B";"BAO_0000357";"single protein format";"Toxoplasma gondii";"None";"None";"None";"None";"";"";"";"CHEMBL2425";"Dihydrofolate reductase";"Toxoplasma gondii";"SINGLE PROTEIN";"CHEMBL1145190";"1";"Scientific Literature";"J Med Chem";"2005";"None";"";"";""
"CHEMBL37520";"";"None";"346.39";"0";"1.87";"1b";"COc1ccc(OCCCCC(=O)O)cc1Cc1cnc(N)nc1N";"IC50";"'='";"110.0";"nM";"6.96";"";"";"UO_0000065";"20.09";"0.38";"5.09";"5.21";"1";"CHEMBL664919";"Inhibitory activity against Dihydrohydrofolate reductase(DHFR) of Toxoplasma gondii";"B";"BAO_0000357";"single protein format";"Toxoplasma gondii";"None";"None";"None";"None";"";"";"";"CHEMBL2425";"Dihydrofolate reductase";"Toxoplasma gondii";"SINGLE PROTEIN";"CHEMBL1136782";"1";"Scientific Literature";"J Med Chem";"2003";"None";"";"";""
"CHEMBL119";"TRIMETREXATE";"4.0";"369.43";"0";"2.74";"Trimetrexate";"COc1cc(NCc2ccc3nc(N)nc(N)c3c2C)cc(OC)c1OC";"IC50";"'='";"10.0";"nM";"8.00";"";"";"UO_0000065";"21.65";"0.40";"5.26";"6.81";"1";"CHEMBL664909";"Concentration inhibiting Toxoplasma gondii dihydrofolate reductase";"B";"BAO_0000357";"single protein format";"Toxoplasma gondii";"None";"None";"None";"None";"";"";"";"CHEMBL2425";"Dihydrofolate reductase";"Toxoplasma gondii";"SINGLE PROTEIN";"CHEMBL1128717";"1";"Scientific Literature";"J Med Chem";"1995";"None";"";"";""
"CHEMBL80065";"";"None";"359.23";"0";"2.87";"110";"Cc1c(CNc2ccc(Br)cc2)cnc2nc(N)nc(N)c12";"IC50";"'='";"9.499";"nM";"8.02";"";"";"UO_0000065";"22.33";"0.50";"5.15";"7.81";"1";"CHEMBL830839";"Inhibition of Toxoplasma gondii dihydrofolate reductase";"B";"BAO_0000357";"single protein format";"Toxoplasma gondii";"None";"None";"None";"None";"";"";"";"CHEMBL2425";"Dihydrofolate reductase";"Toxoplasma gondii";"SINGLE PROTEIN";"CHEMBL1145190";"1";"Scientific Literature";"J Med Chem";"2005";"None";"";"";""
"CHEMBL179319";"";"None";"294.36";"0";"2.13";"112";"Cc1c(CN(C)c2ccccc2)cnc2nc(N)nc(N)c12";"IC50";"'='";"6.3";"nM";"8.20";"";"";"UO_0000065";"27.86";"0.51";"6.07";"8.73";"0";"CHEMBL828662";"Inhibition of Toxoplasma gondii dihydrofolate reductase";"B";"BAO_0000357";"single protein format";"Toxoplasma gondii";"None";"None";"None";"None";"";"";"";"CHEMBL2425";"Dihydrofolate reductase";"Toxoplasma gondii";"SINGLE PROTEIN";"CHEMBL1145190";"1";"Scientific Literature";"J Med Chem";"2005";"None";"";"";""
"CHEMBL144563";"";"None";"401.52";"0";"4.13";"9";"Cc1c(C)c(-n2cccc2)c(C)c(C)c1NCc1cnc2nc(N)nc(N)c2c1C";"IC50";"'='";"75.0";"nM";"7.12";"";"";"UO_0000065";"17.74";"0.32";"2.99";"6.62";"0";"CHEMBL664921";"Inhibition of Dihydrofolate Reductase of Toxoplasma gondii.";"B";"BAO_0000357";"single protein format";"Toxoplasma gondii";"None";"None";"None";"None";"";"";"";"CHEMBL2425";"Dihydrofolate reductase";"Toxoplasma gondii";"SINGLE PROTEIN";"CHEMBL1129938";"1";"Scientific Literature";"J Med Chem";"1997";"None";"";"";""
"CHEMBL115474";"";"None";"265.32";"0";"2.41";"2";"Nc1nc(N)c2cc(NCc3ccccc3)ccc2n1";"IC50";"'='";"320.0";"nM";"6.50";"";"";"UO_0000065";"24.48";"0.44";"4.08";"7.23";"0";"CHEMBL664917";"Inhibitory activity against Dihydrofolate reductase from Toxoplasma gondii (tgDHFR)";"B";"BAO_0000357";"single protein format";"Toxoplasma gondii";"None";"None";"None";"None";"";"";"";"CHEMBL2425";"Dihydrofolate reductase";"Toxoplasma gondii";"SINGLE PROTEIN";"CHEMBL1131583";"1";"Scientific Literature";"J Med Chem";"1998";"None";"";"";""
"CHEMBL17383";"";"None";"428.41";"1";"1.05";"1";"Nc1nc(N)c2c(CNc3ccc(C(=O)NC(CCC(=O)O)C(=O)O)cc3)coc2n1";"IC50";"'='";"700.0";"nM";"6.16";"";"";"UO_0000065";"14.37";"0.27";"5.10";"2.98";"0";"CHEMBL665600";"Inhibitory concentration for DHFR in Toxoplasma gondii";"B";"BAO_0000357";"single protein format";"Toxoplasma gondii";"None";"None";"None";"None";"";"";"";"CHEMBL2425";"Dihydrofolate reductase";"Toxoplasma gondii";"SINGLE PROTEIN";"CHEMBL1127819";"1";"Scientific Literature";"J Med Chem";"1994";"None";"";"";""
"CHEMBL17453";"";"None";"328.38";"0";"1.78";"2";"COc1ccc(OC)c(N(C)Cc2c[nH]c3nc(N)nc(N)c23)c1";"IC50";"'='";"3400.0";"nM";"5.47";"";"";"UO_0000065";"16.65";"0.31";"3.69";"4.74";"0";"CHEMBL664913";"Inhibition against Dihydrofolate reductase in Toxoplasma gondii";"B";"BAO_0000357";"single protein format";"Toxoplasma gondii";"None";"None";"None";"None";"";"";"";"CHEMBL2425";"Dihydrofolate reductase";"Toxoplasma gondii";"SINGLE PROTEIN";"CHEMBL1129990";"1";"Scientific Literature";"J Med Chem";"1997";"None";"";"";""
"CHEMBL37696";"";"None";"332.36";"0";"1.48";"1a";"COc1ccc(OCCCC(=O)O)cc1Cc1cnc(N)nc1N";"IC50";"'='";"180.0";"nM";"6.75";"";"";"UO_0000065";"20.29";"0.38";"5.26";"5.05";"1";"CHEMBL664918";"Inhibitory activity against Dihydrohydrofolate reductase (DHFR) of Toxoplasma gondii";"B";"BAO_0000357";"single protein format";"Toxoplasma gondii";"None";"None";"None";"None";"";"";"";"CHEMBL2425";"Dihydrofolate reductase";"Toxoplasma gondii";"SINGLE PROTEIN";"CHEMBL1136782";"1";"Scientific Literature";"J Med Chem";"2003";"None";"";"";""
"CHEMBL611984";"";"None";"328.44";"0";"4.28";"16";"Cc1cccc(C(C)C)c1Sc1oc2nc(N)nc(N)c2c1C";"IC50";"'='";"16200.0";"nM";"4.79";"";"";"UO_0000065";"14.59";"0.28";"0.51";"5.27";"0";"CHEMBL1073069";"Inhibition of Toxoplasma gondii DHFR at 37 degC by spectrophotometry";"B";"BAO_0000357";"single protein format";"Toxoplasma gondii";"None";"None";"None";"None";"";"";"";"CHEMBL2425";"Dihydrofolate reductase";"Toxoplasma gondii";"SINGLE PROTEIN";"CHEMBL1159120";"1";"Scientific Literature";"Bioorg Med Chem";"2010";"None";"";"";""
"CHEMBL596673";"";"None";"322.39";"0";"4.00";"7";"Cc1c(Sc2ccc3ccccc3c2)oc2nc(N)nc(N)c12";"IC50";"'>'";"12000.0";"nM";"";"";"";"UO_0000065";"";"";"";"";"0";"CHEMBL1073069";"Inhibition of Toxoplasma gondii DHFR at 37 degC by spectrophotometry";"B";"BAO_0000357";"single protein format";"Toxoplasma gondii";"None";"None";"None";"None";"";"";"";"CHEMBL2425";"Dihydrofolate reductase";"Toxoplasma gondii";"SINGLE PROTEIN";"CHEMBL1159120";"1";"Scientific Literature";"Bioorg Med Chem";"2010";"None";"";"";""
"CHEMBL119";"TRIMETREXATE";"4.0";"369.43";"0";"2.74";"2 (TMQ)";"COc1cc(NCc2ccc3nc(N)nc(N)c3c2C)cc(OC)c1OC";"IC50";"'='";"10.0";"nM";"8.00";"";"";"UO_0000065";"21.65";"0.40";"5.26";"6.81";"1";"CHEMBL664915";"Inhibition of Dihydrofolate reductase of Toxoplasma gondii";"B";"BAO_0000357";"single protein format";"Toxoplasma gondii";"None";"None";"None";"None";"";"";"";"CHEMBL2425";"Dihydrofolate reductase";"Toxoplasma gondii";"SINGLE PROTEIN";"CHEMBL1127704";"1";"Scientific Literature";"J Med Chem";"1994";"None";"";"";""
"CHEMBL17431";"";"None";"331.40";"0";"2.43";"5";"COc1ccc(SCc2c[nH]c3nc(N)nc(N)c23)cc1OC";"IC50";"'='";"2600.0";"nM";"5.58";"";"";"UO_0000065";"16.85";"0.33";"3.16";"4.98";"0";"CHEMBL664913";"Inhibition against Dihydrofolate reductase in Toxoplasma gondii";"B";"BAO_0000357";"single protein format";"Toxoplasma gondii";"None";"None";"None";"None";"";"";"";"CHEMBL2425";"Dihydrofolate reductase";"Toxoplasma gondii";"SINGLE PROTEIN";"CHEMBL1129990";"1";"Scientific Literature";"J Med Chem";"1997";"None";"";"";""
"CHEMBL55063";"";"None";"280.33";"0";"1.83";"71";"CN(Cc1ccc2nc(N)nc(N)c2n1)c1ccccc1";"IC50";"'='";"8.395";"nM";"8.08";"";"";"UO_0000065";"28.81";"0.53";"6.25";"8.60";"1";"CHEMBL830839";"Inhibition of Toxoplasma gondii dihydrofolate reductase";"B";"BAO_0000357";"single protein format";"Toxoplasma gondii";"None";"None";"None";"None";"";"";"";"CHEMBL2425";"Dihydrofolate reductase";"Toxoplasma gondii";"SINGLE PROTEIN";"CHEMBL1145190";"1";"Scientific Literature";"J Med Chem";"2005";"None";"";"";""
"CHEMBL7535";"";"None";"240.31";"0";"1.91";"9c";"Nc1nc(N)c2c(n1)CCC(c1ccccc1)C2";"IC50";"'='";"1300.0";"nM";"5.89";"";"";"UO_0000065";"24.49";"0.45";"3.98";"7.56";"0";"CHEMBL665602";"The ability to inhibit Toxoplasma gondii Dihydrofolate reductase was tested";"B";"BAO_0000357";"single protein format";"Toxoplasma gondii";"None";"None";"None";"None";"";"";"";"CHEMBL2425";"Dihydrofolate reductase";"Toxoplasma gondii";"SINGLE PROTEIN";"CHEMBL1132605";"1";"Scientific Literature";"J Med Chem";"1999";"None";"";"";""
"CHEMBL283515";"";"None";"322.39";"0";"3.83";"4";"Nc1nc(N)c2c(CSc3cccc4ccccc34)coc2n1";"IC50";"'='";"19000.0";"nM";"4.72";"";"";"UO_0000065";"14.64";"0.28";"0.89";"5.19";"0";"CHEMBL664908";"Inhibitory activity against dihydrofolate reductase from Toxoplasma gondii";"B";"BAO_0000357";"single protein format";"Toxoplasma gondii";"None";"None";"None";"None";"";"";"";"CHEMBL2425";"Dihydrofolate reductase";"Toxoplasma gondii";"SINGLE PROTEIN";"CHEMBL1131327";"1";"Scientific Literature";"J Med Chem";"1998";"None";"";"";""
"CHEMBL278110";"";"None";"372.64";"0";"3.98";"47";"CN(Cc1coc2nc(N)nc(N)c12)c1cc(Cl)c(Cl)c(Cl)c1";"IC50";"'='";"21478.3";"nM";"4.67";"";"";"UO_0000065";"12.53";"0.28";"0.69";"4.96";"0";"CHEMBL830839";"Inhibition of Toxoplasma gondii dihydrofolate reductase";"B";"BAO_0000357";"single protein format";"Toxoplasma gondii";"None";"None";"None";"None";"";"";"";"CHEMBL2425";"Dihydrofolate reductase";"Toxoplasma gondii";"SINGLE PROTEIN";"CHEMBL1145190";"1";"Scientific Literature";"J Med Chem";"2005";"None";"";"";""
"CHEMBL325434";"";"None";"339.40";"0";"2.45";"11";"COc1ccc(OC)c(CN(C)c2ccc3nc(N)nc(N)c3c2)c1";"IC50";"'='";"30.0";"nM";"7.52";"";"";"UO_0000065";"22.17";"0.41";"5.07";"7.56";"0";"CHEMBL664917";"Inhibitory activity against Dihydrofolate reductase from Toxoplasma gondii (tgDHFR)";"B";"BAO_0000357";"single protein format";"Toxoplasma gondii";"None";"None";"None";"None";"";"";"";"CHEMBL2425";"Dihydrofolate reductase";"Toxoplasma gondii";"SINGLE PROTEIN";"CHEMBL1131583";"1";"Scientific Literature";"J Med Chem";"1998";"None";"";"";""
"CHEMBL31891";"BRODIMOPRIM";"2.0";"339.19";"0";"2.01";"PTX(4)";"COc1cc(Cc2cnc(N)nc2N)cc(OC)c1Br";"IC50";"'='";"17.0";"nM";"7.77";"";"";"UO_0000065";"22.91";"0.53";"5.76";"8.07";"0";"CHEMBL665695";"Inhibition of Toxoplasma gondii Dihydrofolate Reductase";"B";"BAO_0000357";"single protein format";"Toxoplasma gondii";"None";"None";"None";"None";"";"";"";"CHEMBL2425";"Dihydrofolate reductase";"Toxoplasma gondii";"SINGLE PROTEIN";"CHEMBL1130226";"1";"Scientific Literature";"J Med Chem";"1997";"None";"";"";""
"CHEMBL289904";"";"None";"388.47";"0";"3.04";"3j";"COc1ccc(OCCCCCCCC(=O)O)cc1Cc1cnc(N)nc1N";"IC50";"'='";"360.0";"nM";"6.44";"";"";"UO_0000065";"16.59";"0.31";"3.40";"4.82";"0";"CHEMBL662241";"Inhibition of partially purified dihydrofolate reductase (DHFR) from Toxoplasma gondii (Tg)";"B";"BAO_0000357";"single protein format";"Toxoplasma gondii";"None";"None";"None";"None";"";"";"";"CHEMBL2425";"Dihydrofolate reductase";"Toxoplasma gondii";"SINGLE PROTEIN";"CHEMBL1135399";"1";"Scientific Literature";"J Med Chem";"2002";"None";"";"";""
"CHEMBL225071";"RALTITREXED";"4.0";"458.50";"0";"1.98";"raltitrexed";"Cc1nc(=O)c2cc(CN(C)c3ccc(C(=O)N[C@@H](CCC(=O)O)C(=O)O)s3)ccc2[nH]1";"IC50";"'='";"2300.0";"nM";"5.64";"";"";"UO_0000065";"12.30";"0.24";"3.66";"3.69";"0";"CHEMBL914522";"Inhibition of Toxoplasma gondii DHFR";"B";"BAO_0000357";"single protein format";"Toxoplasma gondii";"None";"None";"None";"None";"";"";"";"CHEMBL2425";"Dihydrofolate reductase";"Toxoplasma gondii";"SINGLE PROTEIN";"CHEMBL1139472";"1";"Scientific Literature";"J Med Chem";"2005";"None";"";"";""
"CHEMBL1098477";"";"None";"318.38";"0";"2.47";"3a";"Nc1nc(N)nc(CN2c3ccccc3CCc3ccccc32)n1";"Inhibition";"'='";"10.0";"%";"";"";"";"UO_0000187";"";"";"";"";"0";"CHEMBL1108184";"Inhibition of Toxoplasma gondii DHFR at IC50 by continuous spectrophotometric assay";"B";"BAO_0000357";"single protein format";"Toxoplasma gondii";"None";"None";"None";"None";"";"";"";"CHEMBL2425";"Dihydrofolate reductase";"Toxoplasma gondii";"SINGLE PROTEIN";"CHEMBL1157930";"1";"Scientific Literature";"Bioorg Med Chem";"2010";"None";"";"";""
"CHEMBL389643";"";"None";"444.47";"1";"1.63";"4";"Cc1c(Sc2ccc(C(=O)N[C@@H](CCC(=O)O)C(=O)O)cc2)[nH]c2nc(N)nc(N)c12";"IC50";"'='";"170.0";"nM";"6.77";"";"";"UO_0000065";"15.23";"0.30";"5.14";"3.43";"1";"CHEMBL1073058";"Inhibition of Toxoplasma gondii DHFR at 30 degC under pH 7.4 by spectrophotometry";"B";"BAO_0000357";"single protein format";"Toxoplasma gondii";"None";"None";"None";"None";"";"";"";"CHEMBL2425";"Dihydrofolate reductase";"Toxoplasma gondii";"SINGLE PROTEIN";"CHEMBL1159120";"1";"Scientific Literature";"Bioorg Med Chem";"2010";"None";"";"";""
"CHEMBL178512";"";"None";"420.48";"0";"2.42";"123";"COc1cc(NNCc2cnc3nc(N)nc(N)c3c2C)c(-n2cccc2)cc1OC";"IC50";"'='";"600.07";"nM";"6.22";"";"";"UO_0000065";"14.80";"0.27";"3.80";"4.50";"0";"CHEMBL830839";"Inhibition of Toxoplasma gondii dihydrofolate reductase";"B";"BAO_0000357";"single protein format";"Toxoplasma gondii";"None";"None";"None";"None";"";"";"";"CHEMBL2425";"Dihydrofolate reductase";"Toxoplasma gondii";"SINGLE PROTEIN";"CHEMBL1145190";"1";"Scientific Literature";"J Med Chem";"2005";"None";"";"";""
"CHEMBL138265";"";"None";"403.87";"0";"3.11";"17";"COc1cc(CN(C)c2ccc3nc(N)nc(N)c3c2Cl)cc(OC)c1OC";"IC50";"'='";"16.0";"nM";"7.80";"";"";"UO_0000065";"19.30";"0.38";"4.69";"7.17";"0";"CHEMBL664915";"Inhibition of Dihydrofolate reductase of Toxoplasma gondii";"B";"BAO_0000357";"single protein format";"Toxoplasma gondii";"None";"None";"None";"None";"";"";"";"CHEMBL2425";"Dihydrofolate reductase";"Toxoplasma gondii";"SINGLE PROTEIN";"CHEMBL1127704";"1";"Scientific Literature";"J Med Chem";"1994";"None";"";"";""
"CHEMBL17431";"";"None";"331.40";"0";"2.43";"14";"COc1ccc(SCc2c[nH]c3nc(N)nc(N)c23)cc1OC";"IC50";"'='";"2570.4";"nM";"5.59";"";"";"UO_0000065";"16.87";"0.33";"3.16";"4.99";"1";"CHEMBL1071424";"Inhibition of Toxoplasma gondii DHFR by spectrophotometric assay";"B";"BAO_0000357";"single protein format";"Toxoplasma gondii";"None";"None";"None";"None";"";"";"";"CHEMBL2425";"Dihydrofolate reductase";"Toxoplasma gondii";"SINGLE PROTEIN";"CHEMBL1156926";"1";"Scientific Literature";"Bioorg Med Chem";"2010";"None";"";"";""
"CHEMBL36";"PYRIMETHAMINE";"4.0";"248.72";"0";"2.52";"PM(2)";"CCc1nc(N)nc(N)c1-c1ccc(Cl)cc1";"IC50";"'='";"390.0";"nM";"6.41";"";"";"UO_0000065";"25.77";"0.51";"3.89";"8.24";"1";"CHEMBL665695";"Inhibition of Toxoplasma gondii Dihydrofolate Reductase";"B";"BAO_0000357";"single protein format";"Toxoplasma gondii";"None";"None";"None";"None";"";"";"";"CHEMBL2425";"Dihydrofolate reductase";"Toxoplasma gondii";"SINGLE PROTEIN";"CHEMBL1130226";"1";"Scientific Literature";"J Med Chem";"1997";"None";"";"";""
"CHEMBL189796";"";"None";"425.49";"0";"2.82";"30";"CCOC(=O)CCCOc1ccc(OC)c(Cc2cnc3nc(N)nc(N)c3c2C)c1";"IC50";"'='";"3.4";"nM";"8.47";"";"";"UO_0000065";"19.90";"0.37";"5.65";"6.25";"0";"CHEMBL827820";"Inhibitory concentration against Toxoplasma gondii DHFR";"B";"BAO_0000357";"single protein format";"Toxoplasma gondii";"None";"None";"None";"None";"";"";"";"CHEMBL2425";"Dihydrofolate reductase";"Toxoplasma gondii";"SINGLE PROTEIN";"CHEMBL1145152";"1";"Scientific Literature";"J Med Chem";"2005";"None";"";"";""
"CHEMBL22820";"";"None";"272.33";"0";"2.68";"36";"Nc1nc(N)c2c(CSc3ccccc3)coc2n1";"IC50";"'>'";"26000.0";"nM";"";"";"";"UO_0000065";"";"";"";"";"1";"CHEMBL1071424";"Inhibition of Toxoplasma gondii DHFR by spectrophotometric assay";"B";"BAO_0000357";"single protein format";"Toxoplasma gondii";"None";"None";"None";"None";"";"";"";"CHEMBL2425";"Dihydrofolate reductase";"Toxoplasma gondii";"SINGLE PROTEIN";"CHEMBL1156926";"1";"Scientific Literature";"Bioorg Med Chem";"2010";"None";"";"";""
"CHEMBL597771";"";"None";"361.43";"0";"2.61";"94";"COc1cc(Sc2[nH]c3nc(N)nc(N)c3c2C)cc(OC)c1OC";"IC50";"'='";"686.0";"nM";"6.16";"";"";"UO_0000065";"17.05";"0.34";"3.55";"5.08";"0";"CHEMBL1071426";"Inhibition of Toxoplasma gondii DHFR using dihydrofolic acid substrate and NADPH cofactor by spectrophotometric assay";"B";"BAO_0000357";"single protein format";"Toxoplasma gondii";"None";"None";"None";"None";"";"";"";"CHEMBL2425";"Dihydrofolate reductase";"Toxoplasma gondii";"SINGLE PROTEIN";"CHEMBL1156926";"1";"Scientific Literature";"Bioorg Med Chem";"2010";"None";"";"";""
"CHEMBL104829";"FURO[2,3D]PYRIMIDINE ANTIFOLATE";"None";"442.43";"0";"1.07";"3";"CN(Cc1coc2nc(N)nc(N)c12)c1ccc(C(=O)N[C@@H](CCC(=O)O)C(=O)O)cc1";"IC50";"'='";"19800.0";"nM";"4.70";"";"";"UO_0000065";"10.63";"0.20";"3.63";"2.38";"0";"CHEMBL665594";"Inhibitory concentration against Toxoplasma gondii Dihydrofolate reductase";"B";"BAO_0000357";"single protein format";"Toxoplasma gondii";"None";"None";"None";"None";"";"";"";"CHEMBL2425";"Dihydrofolate reductase";"Toxoplasma gondii";"SINGLE PROTEIN";"CHEMBL1133617";"1";"Scientific Literature";"J Med Chem";"2000";"None";"";"";""
"CHEMBL2047253";"";"None";"326.76";"0";"4.17";"13";"Nc1nc2c(c(Nc3ccc(Cl)cc3F)n1)-c1ccccc1C2";"IC50";"'>'";"13000.0";"nM";"";"";"";"UO_0000065";"";"";"";"";"0";"CHEMBL2050307";"Inhibition of Toxoplasma gondii thymidylate synthase";"B";"BAO_0000357";"single protein format";"Toxoplasma gondii";"None";"None";"None";"None";"";"";"";"CHEMBL2425";"Dihydrofolate reductase";"Toxoplasma gondii";"SINGLE PROTEIN";"CHEMBL2046359";"1";"Scientific Literature";"Bioorg Med Chem";"2012";"None";"";"";""
"CHEMBL225072";"PEMETREXED";"4.0";"427.42";"1";"0.67";"Pemetrexed";"Nc1nc2[nH]cc(CCc3ccc(C(=O)N[C@@H](CCC(=O)O)C(=O)O)cc3)c2c(=O)[nH]1";"IC50";"'='";"14000.0";"nM";"4.85";"";"";"UO_0000065";"11.36";"0.21";"4.18";"2.54";"0";"CHEMBL2050307";"Inhibition of Toxoplasma gondii thymidylate synthase";"B";"BAO_0000357";"single protein format";"Toxoplasma gondii";"None";"None";"None";"None";"";"";"";"CHEMBL2425";"Dihydrofolate reductase";"Toxoplasma gondii";"SINGLE PROTEIN";"CHEMBL2046359";"1";"Scientific Literature";"Bioorg Med Chem";"2012";"None";"";"";""
"CHEMBL420172";"";"None";"305.79";"0";"3.24";"6";"Cc1c(Sc2ccc(Cl)cc2)[nH]c2nc(N)nc(N)c12";"IC50";"'='";"8930.0";"nM";"5.05";"";"";"UO_0000065";"16.51";"0.34";"1.81";"5.39";"0";"CHEMBL668092";"Inhibitory concentration against Dihydrofolate reductase from Toxoplasma gondii (Toxoplasma gondii)";"B";"BAO_0000357";"single protein format";"Toxoplasma gondii";"None";"None";"None";"None";"";"";"";"CHEMBL2425";"Dihydrofolate reductase";"Toxoplasma gondii";"SINGLE PROTEIN";"CHEMBL1148359";"1";"Scientific Literature";"J Med Chem";"2004";"None";"";"";""
"CHEMBL492895";"";"None";"367.45";"0";"3.23";"10";"CCCN(Cc1cc(OC)ccc1OC)c1ccc2nc(N)nc(N)c2c1";"IC50";"'='";"9.5";"nM";"8.02";"";"";"UO_0000065";"21.83";"0.41";"4.79";"8.06";"0";"CHEMBL1027390";"Inhibition of Toxoplasma gondii dihydrofolate reductase";"B";"BAO_0000357";"single protein format";"Toxoplasma gondii";"None";"None";"None";"None";"";"";"";"CHEMBL2425";"Dihydrofolate reductase";"Toxoplasma gondii";"SINGLE PROTEIN";"CHEMBL1140088";"1";"Scientific Literature";"J Med Chem";"2008";"None";"";"";""
"CHEMBL48963";"";"None";"325.37";"0";"2.04";"36";"COc1cc(Cc2cnc(N)nc2N)cc(OC)c1-n1cccc1";"IC50";"'='";"470.0";"nM";"6.33";"";"";"UO_0000065";"19.45";"0.36";"4.29";"6.25";"0";"CHEMBL664919";"Inhibitory activity against Dihydrohydrofolate reductase(DHFR) of Toxoplasma gondii";"B";"BAO_0000357";"single protein format";"Toxoplasma gondii";"None";"None";"None";"None";"";"";"";"CHEMBL2425";"Dihydrofolate reductase";"Toxoplasma gondii";"SINGLE PROTEIN";"CHEMBL1136782";"1";"Scientific Literature";"J Med Chem";"2003";"None";"";"";""
"CHEMBL78648";"";"None";"358.49";"0";"3.98";"3d";"CCCCCCCCOc1ccc(OC)c(Cc2cnc(N)nc2N)c1";"IC50";"'='";"15000.0";"nM";"4.82";"";"";"UO_0000065";"13.46";"0.25";"0.84";"5.01";"0";"CHEMBL662241";"Inhibition of partially purified dihydrofolate reductase (DHFR) from Toxoplasma gondii (Tg)";"B";"BAO_0000357";"single protein format";"Toxoplasma gondii";"None";"None";"None";"None";"";"";"";"CHEMBL2425";"Dihydrofolate reductase";"Toxoplasma gondii";"SINGLE PROTEIN";"CHEMBL1135399";"1";"Scientific Literature";"J Med Chem";"2002";"None";"";"";""
"CHEMBL102418";"";"None";"435.49";"0";"2.77";"14";"CCc1nc(N)nc(N)c1-c1ccc(N(C)Cc2ccc(C(=O)NC)cc2)c([N+](=O)[O-])c1";"IC50";"'='";"7.4";"nM";"8.13";"";"";"UO_0000065";"18.67";"0.35";"5.36";"5.30";"0";"CHEMBL884350";"Inhibitory activity against Dihydrofolate reductase from Toxoplasma gondii was evaluated using 90 uM dihydrofolic acid as substrate";"B";"BAO_0000357";"single protein format";"Toxoplasma gondii";"None";"None";"None";"None";"";"";"";"CHEMBL2425";"Dihydrofolate reductase";"Toxoplasma gondii";"SINGLE PROTEIN";"CHEMBL1130351";"1";"Scientific Literature";"J Med Chem";"1997";"None";"";"";""
"CHEMBL328897";"";"None";"403.87";"0";"3.11";"30";"COc1cc(N(C)Cc2ccc3nc(N)nc(N)c3c2Cl)cc(OC)c1OC";"IC50";"'='";"6.4";"nM";"8.19";"";"";"UO_0000065";"20.29";"0.40";"5.08";"7.53";"1";"CHEMBL664909";"Concentration inhibiting Toxoplasma gondii dihydrofolate reductase";"B";"BAO_0000357";"single protein format";"Toxoplasma gondii";"None";"None";"None";"None";"";"";"";"CHEMBL2425";"Dihydrofolate reductase";"Toxoplasma gondii";"SINGLE PROTEIN";"CHEMBL1128717";"1";"Scientific Literature";"J Med Chem";"1995";"None";"";"";""
"CHEMBL140940";"";"None";"266.31";"0";"1.96";"18";"CN(c1ccccc1)c1ccc2nc(N)nc(N)c2n1";"IC50";"'='";"2.2";"nM";"8.66";"";"";"UO_0000065";"32.51";"0.59";"6.70";"9.22";"0";"CHEMBL661507";"Inhibitory activity against dihydrofolate reductase (DHFR) from Toxoplasma gondii";"B";"BAO_0000357";"single protein format";"Toxoplasma gondii";"None";"None";"None";"None";"";"";"";"CHEMBL2425";"Dihydrofolate reductase";"Toxoplasma gondii";"SINGLE PROTEIN";"CHEMBL1131172";"1";"Scientific Literature";"J Med Chem";"1998";"None";"";"";""
"CHEMBL283311";"";"None";"322.39";"0";"3.83";"46";"Nc1nc(N)c2c(CSc3ccc4ccccc4c3)coc2n1";"IC50";"'='";"32359.37";"nM";"4.49";"";"";"UO_0000065";"13.93";"0.27";"0.66";"4.94";"0";"CHEMBL830839";"Inhibition of Toxoplasma gondii dihydrofolate reductase";"B";"BAO_0000357";"single protein format";"Toxoplasma gondii";"None";"None";"None";"None";"";"";"";"CHEMBL2425";"Dihydrofolate reductase";"Toxoplasma gondii";"SINGLE PROTEIN";"CHEMBL1145190";"1";"Scientific Literature";"J Med Chem";"2005";"None";"";"";""
"CHEMBL7492";"PIRITREXIM";"2.0";"325.37";"0";"2.11";"PTX";"COc1ccc(OC)c(Cc2cnc3nc(N)nc(N)c3c2C)c1";"IC50";"'='";"10.0";"nM";"8.00";"";"";"UO_0000065";"24.59";"0.46";"5.89";"7.33";"0";"CHEMBL665698";"Inhibition of Toxoplasma gondii (tc) Dihydrofolate reductase";"B";"BAO_0000357";"single protein format";"Toxoplasma gondii";"None";"None";"None";"None";"";"";"";"CHEMBL2425";"Dihydrofolate reductase";"Toxoplasma gondii";"SINGLE PROTEIN";"CHEMBL1128397";"1";"Scientific Literature";"J Med Chem";"1995";"None";"";"";""
"CHEMBL55063";"";"None";"280.33";"0";"1.83";"71";"CN(Cc1ccc2nc(N)nc(N)c2n1)c1ccccc1";"IC50";"'='";"0.84";"nM";"9.08";"";"";"UO_0000065";"32.38";"0.59";"7.25";"9.66";"0";"CHEMBL828662";"Inhibition of Toxoplasma gondii dihydrofolate reductase";"B";"BAO_0000357";"single protein format";"Toxoplasma gondii";"None";"None";"None";"None";"";"";"";"CHEMBL2425";"Dihydrofolate reductase";"Toxoplasma gondii";"SINGLE PROTEIN";"CHEMBL1145190";"1";"Scientific Literature";"J Med Chem";"2005";"None";"";"";""
"CHEMBL292212";"";"None";"335.20";"0";"3.11";"74";"Nc1nc(N)c2nc(CNc3cc(Cl)ccc3Cl)ccc2n1";"IC50";"'='";"90.99";"nM";"7.04";"";"";"UO_0000065";"21.01";"0.44";"3.93";"6.85";"0";"CHEMBL830839";"Inhibition of Toxoplasma gondii dihydrofolate reductase";"B";"BAO_0000357";"single protein format";"Toxoplasma gondii";"None";"None";"None";"None";"";"";"";"CHEMBL2425";"Dihydrofolate reductase";"Toxoplasma gondii";"SINGLE PROTEIN";"CHEMBL1145190";"1";"Scientific Literature";"J Med Chem";"2005";"None";"";"";""
"CHEMBL284849";"";"None";"356.39";"0";"1.83";"165";"COc1cc(OC)c(OC)cc1CNc1cnc2nc(N)nc(N)c2c1";"IC50";"'='";"479.95";"nM";"6.32";"";"";"UO_0000065";"17.73";"0.33";"4.49";"4.84";"0";"CHEMBL830839";"Inhibition of Toxoplasma gondii dihydrofolate reductase";"B";"BAO_0000357";"single protein format";"Toxoplasma gondii";"None";"None";"None";"None";"";"";"";"CHEMBL2425";"Dihydrofolate reductase";"Toxoplasma gondii";"SINGLE PROTEIN";"CHEMBL1145190";"1";"Scientific Literature";"J Med Chem";"2005";"None";"";"";""
"CHEMBL33208";"";"None";"356.39";"0";"1.83";"166";"COc1cc(CNc2cnc3nc(N)nc(N)c3c2)cc(OC)c1OC";"IC50";"'='";"350.03";"nM";"6.46";"";"";"UO_0000065";"18.11";"0.34";"4.63";"4.95";"0";"CHEMBL830839";"Inhibition of Toxoplasma gondii dihydrofolate reductase";"B";"BAO_0000357";"single protein format";"Toxoplasma gondii";"None";"None";"None";"None";"";"";"";"CHEMBL2425";"Dihydrofolate reductase";"Toxoplasma gondii";"SINGLE PROTEIN";"CHEMBL1145190";"1";"Scientific Literature";"J Med Chem";"2005";"None";"";"";""
"CHEMBL32708";"";"None";"326.36";"0";"1.82";"168";"COc1ccc(OC)c(CNc2cnc3nc(N)nc(N)c3c2)c1";"IC50";"'='";"310.0";"nM";"6.51";"";"";"UO_0000065";"19.94";"0.37";"4.69";"5.37";"1";"CHEMBL828662";"Inhibition of Toxoplasma gondii dihydrofolate reductase";"B";"BAO_0000357";"single protein format";"Toxoplasma gondii";"None";"None";"None";"None";"";"";"";"CHEMBL2425";"Dihydrofolate reductase";"Toxoplasma gondii";"SINGLE PROTEIN";"CHEMBL1145190";"1";"Scientific Literature";"J Med Chem";"2005";"None";"";"";""
"CHEMBL278013";"";"None";"337.21";"0";"3.07";"12";"CN(Cc1c[nH]c2nc(N)nc(N)c12)c1ccc(Cl)c(Cl)c1";"IC50";"'='";"1000.0";"nM";"6.00";"";"";"UO_0000065";"17.79";"0.37";"2.93";"6.20";"1";"CHEMBL1071424";"Inhibition of Toxoplasma gondii DHFR by spectrophotometric assay";"B";"BAO_0000357";"single protein format";"Toxoplasma gondii";"None";"None";"None";"None";"";"";"";"CHEMBL2425";"Dihydrofolate reductase";"Toxoplasma gondii";"SINGLE PROTEIN";"CHEMBL1156926";"1";"Scientific Literature";"Bioorg Med Chem";"2010";"None";"";"";""
"CHEMBL141218";"";"None";"282.31";"0";"1.94";"155";"COc1ccc(Nc2ccc3nc(N)nc(N)c3n2)cc1";"IC50";"'='";"2800.0";"nM";"5.55";"";"";"UO_0000065";"19.67";"0.36";"3.61";"4.96";"1";"CHEMBL828662";"Inhibition of Toxoplasma gondii dihydrofolate reductase";"B";"BAO_0000357";"single protein format";"Toxoplasma gondii";"None";"None";"None";"None";"";"";"";"CHEMBL2425";"Dihydrofolate reductase";"Toxoplasma gondii";"SINGLE PROTEIN";"CHEMBL1145190";"1";"Scientific Literature";"J Med Chem";"2005";"None";"";"";""
"CHEMBL227009";"";"None";"345.43";"0";"2.85";"13";"CCc1c(Sc2cc(OC)ccc2OC)[nH]c2nc(N)nc(N)c12";"IC50";"'='";"120000.0";"nM";"";"Outside typical range";"";"UO_0000065";"";"";"";"";"0";"CHEMBL889609";"Inhibition of Toxoplasma gondii DHFR";"B";"BAO_0000357";"single protein format";"Toxoplasma gondii";"None";"None";"None";"None";"";"";"";"CHEMBL2425";"Dihydrofolate reductase";"Toxoplasma gondii";"SINGLE PROTEIN";"CHEMBL1145401";"1";"Scientific Literature";"J Med Chem";"2007";"None";"";"";""
"CHEMBL113999";"";"None";"355.40";"0";"2.43";"6";"COc1cc(CNc2ccc3nc(N)nc(N)c3c2)cc(OC)c1OC";"IC50";"'='";"920.0";"nM";"6.04";"";"";"UO_0000065";"16.98";"0.32";"3.61";"5.14";"0";"CHEMBL665585";"Inhibition of recombinant Dihydrofolate reductase from Toxoplasma gondii (tgDHFR)";"B";"BAO_0000357";"single protein format";"Toxoplasma gondii";"None";"None";"None";"None";"";"";"";"CHEMBL2425";"Dihydrofolate reductase";"Toxoplasma gondii";"SINGLE PROTEIN";"CHEMBL1131583";"1";"Scientific Literature";"J Med Chem";"1998";"None";"";"";""
"CHEMBL298819";"";"None";"407.91";"0";"3.12";"10r";"CCc1nc(N)nc(N)c1-c1ccc(Cl)c(/N=N/N(CCOC)CCOC)c1";"IC50";"'='";"8800.0";"nM";"5.06";"";"";"UO_0000065";"12.39";"0.25";"1.94";"4.07";"0";"CHEMBL664912";"Inhibitory concentration against Toxoplasma gondii dihydrofolate reductase";"B";"BAO_0000357";"single protein format";"Toxoplasma gondii";"None";"None";"None";"None";"";"";"";"CHEMBL2425";"Dihydrofolate reductase";"Toxoplasma gondii";"SINGLE PROTEIN";"CHEMBL1130062";"1";"Scientific Literature";"J Med Chem";"1997";"None";"";"";""
"CHEMBL141260";"";"None";"312.33";"0";"1.95";"14";"COc1ccc(OC)c(Nc2ccc3nc(N)nc(N)c3n2)c1";"IC50";"'='";"730.0";"nM";"6.14";"";"";"UO_0000065";"19.65";"0.36";"4.19";"5.06";"0";"CHEMBL661507";"Inhibitory activity against dihydrofolate reductase (DHFR) from Toxoplasma gondii";"B";"BAO_0000357";"single protein format";"Toxoplasma gondii";"None";"None";"None";"None";"";"";"";"CHEMBL2425";"Dihydrofolate reductase";"Toxoplasma gondii";"SINGLE PROTEIN";"CHEMBL1131172";"1";"Scientific Literature";"J Med Chem";"1998";"None";"";"";""
"CHEMBL400364";"";"None";"317.33";"0";"2.20";"10";"Cc1[nH]c2nc(N)[nH]c(=O)c2c1Sc1ccc([N+](=O)[O-])cc1";"IC50";"'='";"244000.0";"nM";"";"Outside typical range";"";"UO_0000065";"";"";"";"";"0";"CHEMBL662240";"The inhibitory concentration of compound against Dihydrofolate reductases on Toxoplasma gondii";"B";"BAO_0000357";"single protein format";"Toxoplasma gondii";"None";"None";"None";"None";"";"";"";"CHEMBL2425";"Dihydrofolate reductase";"Toxoplasma gondii";"SINGLE PROTEIN";"CHEMBL1129396";"1";"Scientific Literature";"J Med Chem";"1996";"None";"";"";""
"CHEMBL32708";"";"None";"326.36";"0";"1.82";"1";"COc1ccc(OC)c(CNc2cnc3nc(N)nc(N)c3c2)c1";"IC50";"'='";"310.0";"nM";"6.51";"";"";"UO_0000065";"19.94";"0.37";"4.69";"5.37";"1";"CHEMBL1027390";"Inhibition of Toxoplasma gondii dihydrofolate reductase";"B";"BAO_0000357";"single protein format";"Toxoplasma gondii";"None";"None";"None";"None";"";"";"";"CHEMBL2425";"Dihydrofolate reductase";"Toxoplasma gondii";"SINGLE PROTEIN";"CHEMBL1140088";"1";"Scientific Literature";"J Med Chem";"2008";"None";"";"";""
"CHEMBL32113";"";"None";"340.39";"0";"1.84";"2";"COc1ccc(OC)c(CN(C)c2cnc3nc(N)nc(N)c3c2)c1";"IC50";"'='";"6.3";"nM";"8.20";"";"";"UO_0000065";"24.09";"0.45";"6.36";"7.30";"1";"CHEMBL1027390";"Inhibition of Toxoplasma gondii dihydrofolate reductase";"B";"BAO_0000357";"single protein format";"Toxoplasma gondii";"None";"None";"None";"None";"";"";"";"CHEMBL2425";"Dihydrofolate reductase";"Toxoplasma gondii";"SINGLE PROTEIN";"CHEMBL1140088";"1";"Scientific Literature";"J Med Chem";"2008";"None";"";"";""
"CHEMBL596672";"";"None";"445.46";"0";"1.89";"5";"Cc1c(Sc2ccc(C(=O)N[C@@H](CCC(=O)O)C(=O)O)cc2)oc2nc(N)nc(N)c12";"IC50";"'='";"27000.0";"nM";"4.57";"";"";"UO_0000065";"10.26";"0.20";"2.68";"2.35";"0";"CHEMBL1073055";"Inhibition of Toxoplasma gondii TS at 30 degC under pH 7.4 by spectrophotometry";"B";"BAO_0000357";"single protein format";"Toxoplasma gondii";"None";"None";"None";"None";"";"";"";"CHEMBL2425";"Dihydrofolate reductase";"Toxoplasma gondii";"SINGLE PROTEIN";"CHEMBL1159120";"1";"Scientific Literature";"Bioorg Med Chem";"2010";"None";"";"";""
"CHEMBL80070";"";"None";"310.36";"0";"2.12";"7";"COc1cccc(NCc2cnc3nc(N)nc(N)c3c2C)c1";"IC50";"'='";"7.4";"nM";"8.13";"";"";"UO_0000065";"26.20";"0.48";"6.01";"7.26";"0";"CHEMBL665700";"Inhibition of dihydrofolate reductase (DHFR) from Toxoplasma gondii(tg)";"B";"BAO_0000357";"single protein format";"Toxoplasma gondii";"None";"None";"None";"None";"";"";"";"CHEMBL2425";"Dihydrofolate reductase";"Toxoplasma gondii";"SINGLE PROTEIN";"CHEMBL1132261";"1";"Scientific Literature";"J Med Chem";"1999";"None";"";"";""
"CHEMBL34259";"METHOTREXATE";"4.0";"454.45";"0";"0.27";"MTX";"CN(Cc1cnc2nc(N)nc(N)c2n1)c1ccc(C(=O)N[C@@H](CCC(=O)O)C(=O)O)cc1";"IC50";"'='";"14.0";"nM";"7.85";"";"";"UO_0000065";"17.28";"0.33";"7.58";"3.73";"1";"CHEMBL665601";"Inhibition of Toxoplasma gondii Dihydrofolate reductase";"B";"BAO_0000357";"single protein format";"Toxoplasma gondii";"None";"None";"None";"None";"";"";"";"CHEMBL2425";"Dihydrofolate reductase";"Toxoplasma gondii";"SINGLE PROTEIN";"CHEMBL1131530";"1";"Scientific Literature";"J Med Chem";"1998";"None";"";"";""
"CHEMBL103474";"";"None";"316.32";"0";"1.21";"5";"COc1cc(OC)c(-c2nc3c(N)nc(N)nc3[nH]2)c(OC)c1";"IC50";"'='";"840.0";"nM";"6.08";"";"";"UO_0000065";"19.21";"0.36";"4.87";"4.53";"0";"CHEMBL664911";"Inhibition of Toxoplasma gondii dihydrofolate reductase";"B";"BAO_0000357";"single protein format";"Toxoplasma gondii";"None";"None";"None";"None";"";"";"";"CHEMBL2425";"Dihydrofolate reductase";"Toxoplasma gondii";"SINGLE PROTEIN";"CHEMBL1130150";"1";"Scientific Literature";"J Med Chem";"1997";"None";"";"";""
"CHEMBL145691";"";"None";"329.40";"0";"1.88";"13";"COc1ccc(CCC2CNc3nc(N)nc(N)c3C2)cc1OC";"IC50";"'='";"1100.0";"nM";"5.96";"";"";"UO_0000065";"18.09";"0.34";"4.08";"5.50";"0";"CHEMBL665591";"Inhibitory concentration against Dihydrofolate reductase from Toxoplasma gondii (tg)";"B";"BAO_0000357";"single protein format";"Toxoplasma gondii";"None";"None";"None";"None";"";"";"";"CHEMBL2425";"Dihydrofolate reductase";"Toxoplasma gondii";"SINGLE PROTEIN";"CHEMBL1129937";"1";"Scientific Literature";"J Med Chem";"1997";"None";"";"";""
"CHEMBL106383";"";"None";"306.33";"0";"2.30";"18";"COc1ccc(-c2nc3[nH]c(N)nc(N)c-3n2)c2ccccc12";"IC50";"'='";"13000.0";"nM";"4.89";"";"";"UO_0000065";"15.95";"0.29";"2.59";"4.22";"0";"CHEMBL664911";"Inhibition of Toxoplasma gondii dihydrofolate reductase";"B";"BAO_0000357";"single protein format";"Toxoplasma gondii";"None";"None";"None";"None";"";"";"";"CHEMBL2425";"Dihydrofolate reductase";"Toxoplasma gondii";"SINGLE PROTEIN";"CHEMBL1130150";"1";"Scientific Literature";"J Med Chem";"1997";"None";"";"";""
"CHEMBL36245";"";"None";"340.39";"0";"1.84";"1d";"COc1cc(CN(C)c2cnc3nc(N)nc(N)c3c2)cc(OC)c1";"IC50";"'='";"29.0";"nM";"7.54";"";"";"UO_0000065";"22.14";"0.41";"5.70";"6.71";"1";"CHEMBL664917";"Inhibitory activity against Dihydrofolate reductase from Toxoplasma gondii (tgDHFR)";"B";"BAO_0000357";"single protein format";"Toxoplasma gondii";"None";"None";"None";"None";"";"";"";"CHEMBL2425";"Dihydrofolate reductase";"Toxoplasma gondii";"SINGLE PROTEIN";"CHEMBL1131583";"1";"Scientific Literature";"J Med Chem";"1998";"None";"";"";""
"CHEMBL35080";"";"None";"404.43";"0";"2.37";"23";"COc1ccc(C#CCOc2cccc(C(=O)O)c2)cc1Cc1cnc(N)nc1N";"IC50";"'='";"1600.0";"nM";"5.80";"";"";"UO_0000065";"14.33";"0.26";"3.43";"4.34";"1";"CHEMBL665598";"Inhibitory concentration against dihydrofolate reductase of Toxoplasma gondii";"B";"BAO_0000357";"single protein format";"Toxoplasma gondii";"None";"None";"None";"None";"";"";"";"CHEMBL2425";"Dihydrofolate reductase";"Toxoplasma gondii";"SINGLE PROTEIN";"CHEMBL1149100";"1";"Scientific Literature";"J Med Chem";"2004";"None";"";"";""
"CHEMBL24007";"";"None";"331.83";"0";"3.44";"13i";"Cc1c(CSc2cccc(Cl)c2)cnc2nc(N)nc(N)c12";"IC50";"'='";"90.0";"nM";"7.05";"";"";"UO_0000065";"21.23";"0.44";"3.61";"7.77";"0";"CHEMBL665590";"Inhibitory activity against Toxoplasma gondii dihydrofolate reductase";"B";"BAO_0000357";"single protein format";"Toxoplasma gondii";"None";"None";"None";"None";"";"";"";"CHEMBL2425";"Dihydrofolate reductase";"Toxoplasma gondii";"SINGLE PROTEIN";"CHEMBL1129525";"1";"Scientific Literature";"J Med Chem";"1996";"None";"";"";""
"CHEMBL434097";"";"None";"339.40";"0";"2.45";"8";"COc1ccc(OC)c(N(C)Cc2cccc3nc(N)nc(N)c23)c1";"IC50";"'>'";"40000.0";"nM";"";"";"";"UO_0000065";"";"";"";"";"0";"CHEMBL665589";"Inhibitory activity against Toxoplasma gondii Dihydrofolate reductase";"B";"BAO_0000357";"single protein format";"Toxoplasma gondii";"None";"None";"None";"None";"";"";"";"CHEMBL2425";"Dihydrofolate reductase";"Toxoplasma gondii";"SINGLE PROTEIN";"CHEMBL1128249";"1";"Scientific Literature";"J Med Chem";"1995";"None";"";"";""
"CHEMBL190486";"";"None";"397.44";"0";"2.34";"9";"COc1ccc(OCCCC(=O)O)c(Cc2cnc3nc(N)nc(N)c3c2C)c1";"IC50";"'='";"2.3";"nM";"8.64";"";"";"UO_0000065";"21.73";"0.41";"6.30";"5.90";"0";"CHEMBL827820";"Inhibitory concentration against Toxoplasma gondii DHFR";"B";"BAO_0000357";"single protein format";"Toxoplasma gondii";"None";"None";"None";"None";"";"";"";"CHEMBL2425";"Dihydrofolate reductase";"Toxoplasma gondii";"SINGLE PROTEIN";"CHEMBL1145152";"1";"Scientific Literature";"J Med Chem";"2005";"None";"";"";""
"CHEMBL370239";"";"None";"391.43";"0";"2.31";"13";"COc1ccc(C#CCCC(=O)O)c(Cc2cnc3nc(N)nc(N)c3c2C)c1";"IC50";"'='";"4.1";"nM";"8.39";"";"";"UO_0000065";"21.43";"0.39";"6.08";"6.11";"0";"CHEMBL827820";"Inhibitory concentration against Toxoplasma gondii DHFR";"B";"BAO_0000357";"single protein format";"Toxoplasma gondii";"None";"None";"None";"None";"";"";"";"CHEMBL2425";"Dihydrofolate reductase";"Toxoplasma gondii";"SINGLE PROTEIN";"CHEMBL1145152";"1";"Scientific Literature";"J Med Chem";"2005";"None";"";"";""
"CHEMBL477150";"";"None";"349.46";"0";"4.55";"26";"CC(C)c1c(Sc2ccc3ccccc3c2)[nH]c2nc(N)nc(N)c12";"IC50";"'>'";"2400.0";"nM";"";"";"";"UO_0000065";"";"";"";"";"0";"CHEMBL983744";"Inhibition of Toxoplasma gondii thymidylate synthase";"B";"BAO_0000357";"single protein format";"Toxoplasma gondii";"None";"None";"None";"None";"";"";"";"CHEMBL2425";"Dihydrofolate reductase";"Toxoplasma gondii";"SINGLE PROTEIN";"CHEMBL1155823";"1";"Scientific Literature";"J Med Chem";"2008";"None";"";"";""
"CHEMBL477151";"";"None";"368.29";"0";"4.70";"27";"CC(C)c1c(Sc2ccc(Cl)c(Cl)c2)[nH]c2nc(N)nc(N)c12";"IC50";"'='";"1400.0";"nM";"5.85";"";"";"UO_0000065";"15.89";"0.35";"1.15";"6.25";"0";"CHEMBL983765";"Inhibition of Toxoplasma gondii dihydrofolate reductase";"B";"BAO_0000357";"single protein format";"Toxoplasma gondii";"None";"None";"None";"None";"";"";"";"CHEMBL2425";"Dihydrofolate reductase";"Toxoplasma gondii";"SINGLE PROTEIN";"CHEMBL1155823";"1";"Scientific Literature";"J Med Chem";"2008";"None";"";"";""
"CHEMBL522363";"";"None";"448.48";"0";"2.62";"4";"Cc1sc2nc(N)[nH]c(=O)c2c1Sc1ccc(C(=O)N(CCC(=O)O)C(=O)O)cc1";"IC50";"'='";"8.0";"nM";"8.10";"";"";"UO_0000065";"18.05";"0.37";"5.48";"4.86";"0";"CHEMBL1034984";"Inhibition of Toxoplasma gondii DHFR";"B";"BAO_0000357";"single protein format";"Toxoplasma gondii";"None";"None";"None";"None";"";"";"";"CHEMBL2425";"Dihydrofolate reductase";"Toxoplasma gondii";"SINGLE PROTEIN";"CHEMBL1140135";"1";"Scientific Literature";"J Med Chem";"2008";"None";"";"";""
"CHEMBL492837";"";"None";"332.39";"0";"2.31";"8";"COc1ccc(OC)c(Sc2c(C)[nH]c3nc(N)[nH]c(=O)c23)c1";"IC50";"'='";"56.0";"nM";"7.25";"";"";"UO_0000065";"21.82";"0.43";"4.94";"6.84";"0";"CHEMBL1034984";"Inhibition of Toxoplasma gondii DHFR";"B";"BAO_0000357";"single protein format";"Toxoplasma gondii";"None";"None";"None";"None";"";"";"";"CHEMBL2425";"Dihydrofolate reductase";"Toxoplasma gondii";"SINGLE PROTEIN";"CHEMBL1140135";"1";"Scientific Literature";"J Med Chem";"2008";"None";"";"";""
"CHEMBL55012";"";"None";"322.37";"0";"2.03";"41";"CC(=O)c1ccc(N(C)Cc2ccc3nc(N)nc(N)c3n2)cc1";"IC50";"'='";"15.0";"nM";"7.82";"";"";"UO_0000065";"24.27";"0.45";"5.79";"7.05";"0";"CHEMBL665702";"Inhibitory activity against Toxoplasma gondii dihydrofolate reductase.";"B";"BAO_0000357";"single protein format";"Toxoplasma gondii";"None";"None";"None";"None";"";"";"";"CHEMBL2425";"Dihydrofolate reductase";"Toxoplasma gondii";"SINGLE PROTEIN";"CHEMBL1129583";"1";"Scientific Literature";"J Med Chem";"1996";"None";"";"";""
"CHEMBL54733";"";"None";"266.31";"0";"1.80";"4";"Nc1nc(N)c2nc(CNc3ccccc3)ccc2n1";"IC50";"'='";"85.0";"nM";"7.07";"";"";"UO_0000065";"26.55";"0.48";"5.27";"6.88";"0";"CHEMBL665702";"Inhibitory activity against Toxoplasma gondii dihydrofolate reductase.";"B";"BAO_0000357";"single protein format";"Toxoplasma gondii";"None";"None";"None";"None";"";"";"";"CHEMBL2425";"Dihydrofolate reductase";"Toxoplasma gondii";"SINGLE PROTEIN";"CHEMBL1129583";"1";"Scientific Literature";"J Med Chem";"1996";"None";"";"";""
"CHEMBL119";"TRIMETREXATE";"4.0";"369.43";"0";"2.74";"2 (trimetrexate)";"COc1cc(NCc2ccc3nc(N)nc(N)c3c2C)cc(OC)c1OC";"IC50";"'='";"10.0";"nM";"8.00";"";"";"UO_0000065";"21.65";"0.40";"5.26";"6.81";"1";"CHEMBL664912";"Inhibitory concentration against Toxoplasma gondii dihydrofolate reductase";"B";"BAO_0000357";"single protein format";"Toxoplasma gondii";"None";"None";"None";"None";"";"";"";"CHEMBL2425";"Dihydrofolate reductase";"Toxoplasma gondii";"SINGLE PROTEIN";"CHEMBL1130062";"1";"Scientific Literature";"J Med Chem";"1997";"None";"";"";""
"CHEMBL146438";"";"None";"336.40";"0";"2.07";"3";"COc1ccc2c(c1)CCN2Cc1cnc2nc(N)nc(N)c2c1C";"IC50";"'='";"57.0";"nM";"7.24";"";"";"UO_0000065";"21.53";"0.40";"5.17";"7.02";"0";"CHEMBL664921";"Inhibition of Dihydrofolate Reductase of Toxoplasma gondii.";"B";"BAO_0000357";"single protein format";"Toxoplasma gondii";"None";"None";"None";"None";"";"";"";"CHEMBL2425";"Dihydrofolate reductase";"Toxoplasma gondii";"SINGLE PROTEIN";"CHEMBL1129938";"1";"Scientific Literature";"J Med Chem";"1997";"None";"";"";""
"CHEMBL7492";"PIRITREXIM";"2.0";"325.37";"0";"2.11";"2 (PTX)";"COc1ccc(OC)c(Cc2cnc3nc(N)nc(N)c3c2C)c1";"IC50";"'='";"17.0";"nM";"7.77";"";"";"UO_0000065";"23.88";"0.44";"5.66";"7.12";"1";"CHEMBL664909";"Concentration inhibiting Toxoplasma gondii dihydrofolate reductase";"B";"BAO_0000357";"single protein format";"Toxoplasma gondii";"None";"None";"None";"None";"";"";"";"CHEMBL2425";"Dihydrofolate reductase";"Toxoplasma gondii";"SINGLE PROTEIN";"CHEMBL1128717";"1";"Scientific Literature";"J Med Chem";"1995";"None";"";"";""
"CHEMBL54792";"";"None";"310.36";"0";"1.83";"9";"COc1cccc(N(C)Cc2ccc3nc(N)nc(N)c3n2)c1";"IC50";"'='";"15.0";"nM";"7.82";"";"";"UO_0000065";"25.21";"0.46";"5.99";"7.58";"0";"CHEMBL665702";"Inhibitory activity against Toxoplasma gondii dihydrofolate reductase.";"B";"BAO_0000357";"single protein format";"Toxoplasma gondii";"None";"None";"None";"None";"";"";"";"CHEMBL2425";"Dihydrofolate reductase";"Toxoplasma gondii";"SINGLE PROTEIN";"CHEMBL1129583";"1";"Scientific Literature";"J Med Chem";"1996";"None";"";"";""
"CHEMBL299140";"";"None";"316.37";"0";"2.95";"36";"Nc1nc(N)c2nc(CNc3cccc4ccccc34)ccc2n1";"IC50";"'='";"26.0";"nM";"7.58";"";"";"UO_0000065";"23.98";"0.43";"4.64";"7.38";"0";"CHEMBL665702";"Inhibitory activity against Toxoplasma gondii dihydrofolate reductase.";"B";"BAO_0000357";"single protein format";"Toxoplasma gondii";"None";"None";"None";"None";"";"";"";"CHEMBL2425";"Dihydrofolate reductase";"Toxoplasma gondii";"SINGLE PROTEIN";"CHEMBL1129583";"1";"Scientific Literature";"J Med Chem";"1996";"None";"";"";""
"CHEMBL48648";"";"None";"308.39";"0";"2.61";"43";"Nc1nc(N)c2c(CNc3cccc4c3CCCC4)c[nH]c2n1";"IC50";"'='";"1100.0";"nM";"5.96";"";"";"UO_0000065";"19.32";"0.35";"3.35";"5.64";"0";"CHEMBL664919";"Inhibitory activity against Dihydrohydrofolate reductase(DHFR) of Toxoplasma gondii";"B";"BAO_0000357";"single protein format";"Toxoplasma gondii";"None";"None";"None";"None";"";"";"";"CHEMBL2425";"Dihydrofolate reductase";"Toxoplasma gondii";"SINGLE PROTEIN";"CHEMBL1136782";"1";"Scientific Literature";"J Med Chem";"2003";"None";"";"";""
"CHEMBL52836";"";"None";"296.33";"0";"1.81";"8";"COc1cccc(NCc2ccc3nc(N)nc(N)c3n2)c1";"IC50";"'='";"100.0";"nM";"7.00";"";"";"UO_0000065";"23.62";"0.43";"5.19";"6.25";"0";"CHEMBL665702";"Inhibitory activity against Toxoplasma gondii dihydrofolate reductase.";"B";"BAO_0000357";"single protein format";"Toxoplasma gondii";"None";"None";"None";"None";"";"";"";"CHEMBL2425";"Dihydrofolate reductase";"Toxoplasma gondii";"SINGLE PROTEIN";"CHEMBL1129583";"1";"Scientific Literature";"J Med Chem";"1996";"None";"";"";""
"CHEMBL299927";"";"None";"386.46";"0";"1.70";"11";"COc1cc(N2CCC3c4c(N)nc(N)nc4NCC3C2)cc(OC)c1OC";"IC50";"'='";"290.0";"nM";"6.54";"";"";"UO_0000065";"16.92";"0.32";"4.84";"5.41";"0";"CHEMBL665593";"Inhibitory concentration against Toxoplasma gondii Dihydrofolate reductase";"B";"BAO_0000357";"single protein format";"Toxoplasma gondii";"None";"None";"None";"None";"";"";"";"CHEMBL2425";"Dihydrofolate reductase";"Toxoplasma gondii";"SINGLE PROTEIN";"CHEMBL1130385";"1";"Scientific Literature";"J Med Chem";"1997";"None";"";"";""
"CHEMBL22543";"";"None";"341.38";"0";"1.24";"12o";"COc1ccc(OC)c(N(C)Cc2cnc3nc(N)nc(N)c3n2)c1";"IC50";"'='";"210.0";"nM";"6.68";"";"";"UO_0000065";"19.56";"0.36";"5.44";"5.33";"0";"CHEMBL665590";"Inhibitory activity against Toxoplasma gondii dihydrofolate reductase";"B";"BAO_0000357";"single protein format";"Toxoplasma gondii";"None";"None";"None";"None";"";"";"";"CHEMBL2425";"Dihydrofolate reductase";"Toxoplasma gondii";"SINGLE PROTEIN";"CHEMBL1129525";"1";"Scientific Literature";"J Med Chem";"1996";"None";"";"";""
"CHEMBL301795";"";"None";"308.35";"0";"2.00";"40";"CC(=O)c1ccc(NCc2ccc3nc(N)nc(N)c3n2)cc1";"IC50";"'='";"27.0";"nM";"7.57";"";"";"UO_0000065";"24.55";"0.45";"5.57";"6.32";"0";"CHEMBL665702";"Inhibitory activity against Toxoplasma gondii dihydrofolate reductase.";"B";"BAO_0000357";"single protein format";"Toxoplasma gondii";"None";"None";"None";"None";"";"";"";"CHEMBL2425";"Dihydrofolate reductase";"Toxoplasma gondii";"SINGLE PROTEIN";"CHEMBL1129583";"1";"Scientific Literature";"J Med Chem";"1996";"None";"";"";""
"CHEMBL288647";"";"None";"380.40";"0";"2.52";"20";"COc1ccc(OCc2cccc(C(=O)O)c2)cc1Cc1cnc(N)nc1N";"IC50";"'='";"600.0";"nM";"6.22";"";"";"UO_0000065";"16.36";"0.30";"3.70";"4.66";"1";"CHEMBL665598";"Inhibitory concentration against dihydrofolate reductase of Toxoplasma gondii";"B";"BAO_0000357";"single protein format";"Toxoplasma gondii";"None";"None";"None";"None";"";"";"";"CHEMBL2425";"Dihydrofolate reductase";"Toxoplasma gondii";"SINGLE PROTEIN";"CHEMBL1149100";"1";"Scientific Literature";"J Med Chem";"2004";"None";"";"";""
"CHEMBL293258";"";"None";"308.18";"0";"-1.44";"TMP";"Cc1cn(C2CC(O)C(OP(=O)(O)O)O2)c(=O)[nH]c1=O";"IC50";"'='";"2700.0";"nM";"5.57";"";"";"UO_0000065";"18.07";"0.38";"7.01";"3.69";"0";"CHEMBL664920";"Inhibitory activity against Toxoplasma gondii dihydrofolate reductase";"B";"BAO_0000357";"single protein format";"Toxoplasma gondii";"None";"None";"None";"None";"";"";"";"CHEMBL2425";"Dihydrofolate reductase";"Toxoplasma gondii";"SINGLE PROTEIN";"CHEMBL1134503";"1";"Scientific Literature";"J Med Chem";"2001";"None";"";"";""
"CHEMBL23021";"";"None";"340.39";"0";"2.13";"13n";"COc1ccc(OC)c(NCc2cnc3nc(N)nc(N)c3c2C)c1";"IC50";"'='";"14.0";"nM";"7.85";"";"";"UO_0000065";"23.07";"0.43";"5.72";"6.48";"0";"CHEMBL665590";"Inhibitory activity against Toxoplasma gondii dihydrofolate reductase";"B";"BAO_0000357";"single protein format";"Toxoplasma gondii";"None";"None";"None";"None";"";"";"";"CHEMBL2425";"Dihydrofolate reductase";"Toxoplasma gondii";"SINGLE PROTEIN";"CHEMBL1129525";"1";"Scientific Literature";"J Med Chem";"1996";"None";"";"";""
"CHEMBL55063";"";"None";"280.33";"0";"1.83";"5";"CN(Cc1ccc2nc(N)nc(N)c2n1)c1ccccc1";"IC50";"'='";"8.4";"nM";"8.08";"";"";"UO_0000065";"28.81";"0.53";"6.25";"8.60";"0";"CHEMBL665702";"Inhibitory activity against Toxoplasma gondii dihydrofolate reductase.";"B";"BAO_0000357";"single protein format";"Toxoplasma gondii";"None";"None";"None";"None";"";"";"";"CHEMBL2425";"Dihydrofolate reductase";"Toxoplasma gondii";"SINGLE PROTEIN";"CHEMBL1129583";"1";"Scientific Literature";"J Med Chem";"1996";"None";"";"";""
"CHEMBL311432";"";"None";"205.22";"0";"-0.01";"18c";"Cc1c(CO)cnc2nc(N)nc(N)c12";"IC50";"'='";"3200.0";"nM";"5.50";"";"";"UO_0000065";"26.78";"0.50";"5.50";"4.95";"0";"CHEMBL665597";"Inhibitory concentration against dihydrofolate reductase DHFR from Toxoplasma gondii";"B";"BAO_0000357";"single protein format";"Toxoplasma gondii";"None";"None";"None";"None";"";"";"";"CHEMBL2425";"Dihydrofolate reductase";"Toxoplasma gondii";"SINGLE PROTEIN";"CHEMBL1134533";"1";"Scientific Literature";"J Med Chem";"2001";"None";"";"";""
"CHEMBL35569";"";"None";"356.39";"0";"1.83";"164";"COc1ccc(CNc2cnc3nc(N)nc(N)c3c2)c(OC)c1OC";"IC50";"'='";"350.0";"nM";"6.46";"";"";"UO_0000065";"18.11";"0.34";"4.63";"4.95";"0";"CHEMBL828662";"Inhibition of Toxoplasma gondii dihydrofolate reductase";"B";"BAO_0000357";"single protein format";"Toxoplasma gondii";"None";"None";"None";"None";"";"";"";"CHEMBL2425";"Dihydrofolate reductase";"Toxoplasma gondii";"SINGLE PROTEIN";"CHEMBL1145190";"1";"Scientific Literature";"J Med Chem";"2005";"None";"";"";""
"CHEMBL52688";"";"None";"370.41";"0";"1.85";"78";"COc1cc(N(C)Cc2ccc3nc(N)nc(N)c3n2)cc(OC)c1OC";"IC50";"'='";"44.0";"nM";"7.36";"";"";"UO_0000065";"19.86";"0.37";"5.51";"6.05";"0";"CHEMBL830839";"Inhibition of Toxoplasma gondii dihydrofolate reductase";"B";"BAO_0000357";"single protein format";"Toxoplasma gondii";"None";"None";"None";"None";"";"";"";"CHEMBL2425";"Dihydrofolate reductase";"Toxoplasma gondii";"SINGLE PROTEIN";"CHEMBL1145190";"1";"Scientific Literature";"J Med Chem";"2005";"None";"";"";""
"CHEMBL225072";"PEMETREXED";"4.0";"427.42";"1";"0.67";"PMX";"Nc1nc2[nH]cc(CCc3ccc(C(=O)N[C@@H](CCC(=O)O)C(=O)O)cc3)c2c(=O)[nH]1";"IC50";"'='";"2800.0";"nM";"5.55";"";"";"UO_0000065";"12.99";"0.24";"4.88";"2.90";"1";"CHEMBL1034982";"Inhibition of Toxoplasma gondii thymidylate synthase";"B";"BAO_0000357";"single protein format";"Toxoplasma gondii";"None";"None";"None";"None";"";"";"";"CHEMBL2425";"Dihydrofolate reductase";"Toxoplasma gondii";"SINGLE PROTEIN";"CHEMBL1140135";"1";"Scientific Literature";"J Med Chem";"2008";"None";"";"";""
"CHEMBL492836";"";"None";"334.38";"0";"2.93";"7";"Cc1sc2nc(N)[nH]c(=O)c2c1Sc1ccc([N+](=O)[O-])cc1";"IC50";"'='";"1200.0";"nM";"5.92";"";"";"UO_0000065";"17.71";"0.37";"2.99";"5.15";"0";"CHEMBL1034982";"Inhibition of Toxoplasma gondii thymidylate synthase";"B";"BAO_0000357";"single protein format";"Toxoplasma gondii";"None";"None";"None";"None";"";"";"";"CHEMBL2425";"Dihydrofolate reductase";"Toxoplasma gondii";"SINGLE PROTEIN";"CHEMBL1140135";"1";"Scientific Literature";"J Med Chem";"2008";"None";"";"";""
"CHEMBL400364";"";"None";"317.33";"0";"2.20";"2";"Cc1[nH]c2nc(N)[nH]c(=O)c2c1Sc1ccc([N+](=O)[O-])cc1";"IC50";"";"";"";"";"";"Not Determined";"";"";"";"";"";"0";"CHEMBL1034984";"Inhibition of Toxoplasma gondii DHFR";"B";"BAO_0000357";"single protein format";"Toxoplasma gondii";"None";"None";"None";"None";"";"";"";"CHEMBL2425";"Dihydrofolate reductase";"Toxoplasma gondii";"SINGLE PROTEIN";"CHEMBL1140135";"1";"Scientific Literature";"J Med Chem";"2008";"None";"";"";""
"CHEMBL331986";"";"None";"331.40";"0";"2.60";"66";"COc1ccc(OC)c(Sc2[nH]c3nc(N)nc(N)c3c2C)c1";"IC50";"'='";"170.0";"nM";"6.77";"";"";"UO_0000065";"20.43";"0.40";"4.17";"6.04";"1";"CHEMBL1071424";"Inhibition of Toxoplasma gondii DHFR by spectrophotometric assay";"B";"BAO_0000357";"single protein format";"Toxoplasma gondii";"None";"None";"None";"None";"";"";"";"CHEMBL2425";"Dihydrofolate reductase";"Toxoplasma gondii";"SINGLE PROTEIN";"CHEMBL1156926";"1";"Scientific Literature";"Bioorg Med Chem";"2010";"None";"";"";""
"CHEMBL598190";"";"None";"325.44";"0";"3.29";"17";"Nc1nc(N)c2c(CSc3ccc4c(c3)CCCC4)c[nH]c2n1";"IC50";"'='";"9120.11";"nM";"5.04";"";"";"UO_0000065";"15.49";"0.30";"1.75";"5.38";"0";"CHEMBL1071424";"Inhibition of Toxoplasma gondii DHFR by spectrophotometric assay";"B";"BAO_0000357";"single protein format";"Toxoplasma gondii";"None";"None";"None";"None";"";"";"";"CHEMBL2425";"Dihydrofolate reductase";"Toxoplasma gondii";"SINGLE PROTEIN";"CHEMBL1156926";"1";"Scientific Literature";"Bioorg Med Chem";"2010";"None";"";"";""
"CHEMBL22";"TRIMETHOPRIM";"4.0";"290.32";"0";"1.26";"1";"COc1cc(Cc2cnc(N)nc2N)cc(OC)c1OC";"IC50";"'='";"2800.0";"nM";"5.55";"";"";"UO_0000065";"19.13";"0.36";"4.29";"5.26";"1";"CHEMBL1073069";"Inhibition of Toxoplasma gondii DHFR at 37 degC by spectrophotometry";"B";"BAO_0000357";"single protein format";"Toxoplasma gondii";"None";"None";"None";"None";"";"";"";"CHEMBL2425";"Dihydrofolate reductase";"Toxoplasma gondii";"SINGLE PROTEIN";"CHEMBL1159120";"1";"Scientific Literature";"Bioorg Med Chem";"2010";"None";"";"";""
"CHEMBL598293";"";"None";"332.39";"0";"2.86";"15";"COc1ccc(Sc2oc3nc(N)nc(N)c3c2C)cc1OC";"IC50";"'='";"51700.0";"nM";"4.29";"";"";"UO_0000065";"12.90";"0.25";"1.43";"3.92";"0";"CHEMBL1073069";"Inhibition of Toxoplasma gondii DHFR at 37 degC by spectrophotometry";"B";"BAO_0000357";"single protein format";"Toxoplasma gondii";"None";"None";"None";"None";"";"";"";"CHEMBL2425";"Dihydrofolate reductase";"Toxoplasma gondii";"SINGLE PROTEIN";"CHEMBL1159120";"1";"Scientific Literature";"Bioorg Med Chem";"2010";"None";"";"";""
"CHEMBL594790";"";"None";"340.43";"0";"3.91";"11";"CCCCC(Cc1coc2nc(N)nc(N)c12)c1ccccc1OC";"IC50";"'='";"19600.0";"nM";"4.71";"";"";"UO_0000065";"13.83";"0.26";"0.80";"4.70";"0";"CHEMBL1038908";"Inhibition of Toxoplasma gondii DHFR in presence of saturating levels of NADPH and DHFA";"B";"BAO_0000357";"single protein format";"Toxoplasma gondii";"None";"None";"None";"None";"";"";"";"CHEMBL2425";"Dihydrofolate reductase";"Toxoplasma gondii";"SINGLE PROTEIN";"CHEMBL1152608";"1";"Scientific Literature";"Bioorg Med Chem";"2009";"None";"";"";""
"CHEMBL102303";"";"None";"240.27";"0";"1.11";"33";"Nc1nc(N)c2nc(Cc3ccccc3)[nH]c2n1";"IC50";"'='";"501.19";"nM";"6.30";"";"";"UO_0000065";"26.22";"0.48";"5.19";"5.92";"0";"CHEMBL1071424";"Inhibition of Toxoplasma gondii DHFR by spectrophotometric assay";"B";"BAO_0000357";"single protein format";"Toxoplasma gondii";"None";"None";"None";"None";"";"";"";"CHEMBL2425";"Dihydrofolate reductase";"Toxoplasma gondii";"SINGLE PROTEIN";"CHEMBL1156926";"1";"Scientific Literature";"Bioorg Med Chem";"2010";"None";"";"";""
"CHEMBL597784";"";"None";"359.39";"0";"3.06";"50";"Nc1nc(N)c2c(CNc3ccc4c(c3)C(O)c3ccccc3-4)coc2n1";"IC50";"'='";"63095.73";"nM";"4.20";"";"";"UO_0000065";"11.69";"0.21";"1.14";"3.41";"0";"CHEMBL1071424";"Inhibition of Toxoplasma gondii DHFR by spectrophotometric assay";"B";"BAO_0000357";"single protein format";"Toxoplasma gondii";"None";"None";"None";"None";"";"";"";"CHEMBL2425";"Dihydrofolate reductase";"Toxoplasma gondii";"SINGLE PROTEIN";"CHEMBL1156926";"1";"Scientific Literature";"Bioorg Med Chem";"2010";"None";"";"";""
"CHEMBL597346";"";"None";"348.43";"0";"4.35";"55";"Nc1nc(N)c2c(CSc3ccc(-c4ccccc4)cc3)coc2n1";"IC50";"'='";"79432.82";"nM";"4.10";"";"";"UO_0000065";"11.77";"0.22";"-0.25";"4.51";"0";"CHEMBL1071424";"Inhibition of Toxoplasma gondii DHFR by spectrophotometric assay";"B";"BAO_0000357";"single protein format";"Toxoplasma gondii";"None";"None";"None";"None";"";"";"";"CHEMBL2425";"Dihydrofolate reductase";"Toxoplasma gondii";"SINGLE PROTEIN";"CHEMBL1156926";"1";"Scientific Literature";"Bioorg Med Chem";"2010";"None";"";"";""
"CHEMBL420172";"";"None";"305.79";"0";"3.24";"61";"Cc1c(Sc2ccc(Cl)cc2)[nH]c2nc(N)nc(N)c12";"IC50";"'='";"8912.51";"nM";"5.05";"";"";"UO_0000065";"16.51";"0.34";"1.81";"5.39";"0";"CHEMBL1071424";"Inhibition of Toxoplasma gondii DHFR by spectrophotometric assay";"B";"BAO_0000357";"single protein format";"Toxoplasma gondii";"None";"None";"None";"None";"";"";"";"CHEMBL2425";"Dihydrofolate reductase";"Toxoplasma gondii";"SINGLE PROTEIN";"CHEMBL1156926";"1";"Scientific Literature";"Bioorg Med Chem";"2010";"None";"";"";""
"CHEMBL600412";"";"None";"325.44";"0";"3.46";"67";"Cc1[nH]c2nc(N)nc(N)c2c1Sc1cccc2c1CCCC2";"IC50";"'='";"18620.87";"nM";"4.73";"";"";"UO_0000065";"14.53";"0.28";"1.27";"5.05";"0";"CHEMBL1071424";"Inhibition of Toxoplasma gondii DHFR by spectrophotometric assay";"B";"BAO_0000357";"single protein format";"Toxoplasma gondii";"None";"None";"None";"None";"";"";"";"CHEMBL2425";"Dihydrofolate reductase";"Toxoplasma gondii";"SINGLE PROTEIN";"CHEMBL1156926";"1";"Scientific Literature";"Bioorg Med Chem";"2010";"None";"";"";""
"CHEMBL600413";"";"None";"305.79";"0";"3.24";"68";"Cc1[nH]c2nc(N)nc(N)c2c1Sc1ccc(Cl)cc1";"IC50";"'='";"31622.78";"nM";"4.50";"";"";"UO_0000065";"14.72";"0.31";"1.26";"4.81";"0";"CHEMBL1071424";"Inhibition of Toxoplasma gondii DHFR by spectrophotometric assay";"B";"BAO_0000357";"single protein format";"Toxoplasma gondii";"None";"None";"None";"None";"";"";"";"CHEMBL2425";"Dihydrofolate reductase";"Toxoplasma gondii";"SINGLE PROTEIN";"CHEMBL1156926";"1";"Scientific Literature";"Bioorg Med Chem";"2010";"None";"";"";""
"CHEMBL66077";"";"None";"226.24";"0";"1.18";"18";"Nc1nc(N)c2[nH]c(-c3ccccc3)nc2n1";"IC50";"'='";"28000.0";"nM";"4.55";"";"";"UO_0000065";"20.12";"0.37";"3.37";"4.27";"1";"CHEMBL1071424";"Inhibition of Toxoplasma gondii DHFR by spectrophotometric assay";"B";"BAO_0000357";"single protein format";"Toxoplasma gondii";"None";"None";"None";"None";"";"";"";"CHEMBL2425";"Dihydrofolate reductase";"Toxoplasma gondii";"SINGLE PROTEIN";"CHEMBL1156926";"1";"Scientific Literature";"Bioorg Med Chem";"2010";"None";"";"";""
"CHEMBL610498";"";"None";"340.24";"0";"3.89";"71";"Cc1[nH]c2nc(N)nc(N)c2c1Sc1ccc(Cl)cc1Cl";"IC50";"'='";"28200.0";"nM";"4.55";"";"";"UO_0000065";"13.37";"0.30";"0.66";"4.86";"0";"CHEMBL1071424";"Inhibition of Toxoplasma gondii DHFR by spectrophotometric assay";"B";"BAO_0000357";"single protein format";"Toxoplasma gondii";"None";"None";"None";"None";"";"";"";"CHEMBL2425";"Dihydrofolate reductase";"Toxoplasma gondii";"SINGLE PROTEIN";"CHEMBL1156926";"1";"Scientific Literature";"Bioorg Med Chem";"2010";"None";"";"";""
"CHEMBL23911";"";"None";"327.41";"0";"2.80";"2";"COc1ccc(SCc2cnc3nc(N)nc(N)c3c2C)cc1";"IC50";"'='";"63.0";"nM";"7.20";"";"";"UO_0000065";"21.99";"0.43";"4.40";"7.20";"1";"CHEMBL665702";"Inhibitory activity against Toxoplasma gondii dihydrofolate reductase.";"B";"BAO_0000357";"single protein format";"Toxoplasma gondii";"None";"None";"None";"None";"";"";"";"CHEMBL2425";"Dihydrofolate reductase";"Toxoplasma gondii";"SINGLE PROTEIN";"CHEMBL1129583";"1";"Scientific Literature";"J Med Chem";"1996";"None";"";"";""
"CHEMBL54732";"";"None";"349.23";"0";"3.13";"22";"CN(Cc1ccc2nc(N)nc(N)c2n1)c1ccc(Cl)cc1Cl";"IC50";"'='";"50.0";"nM";"7.30";"";"";"UO_0000065";"20.91";"0.43";"4.17";"7.77";"0";"CHEMBL665702";"Inhibitory activity against Toxoplasma gondii dihydrofolate reductase.";"B";"BAO_0000357";"single protein format";"Toxoplasma gondii";"None";"None";"None";"None";"";"";"";"CHEMBL2425";"Dihydrofolate reductase";"Toxoplasma gondii";"SINGLE PROTEIN";"CHEMBL1129583";"1";"Scientific Literature";"J Med Chem";"1996";"None";"";"";""
"CHEMBL53318";"";"None";"314.78";"0";"2.48";"13";"CN(Cc1ccc2nc(N)nc(N)c2n1)c1ccccc1Cl";"IC50";"'='";"15.0";"nM";"7.82";"";"";"UO_0000065";"24.86";"0.49";"5.34";"8.33";"0";"CHEMBL665702";"Inhibitory activity against Toxoplasma gondii dihydrofolate reductase.";"B";"BAO_0000357";"single protein format";"Toxoplasma gondii";"None";"None";"None";"None";"";"";"";"CHEMBL2425";"Dihydrofolate reductase";"Toxoplasma gondii";"SINGLE PROTEIN";"CHEMBL1129583";"1";"Scientific Literature";"J Med Chem";"1996";"None";"";"";""
"CHEMBL551985";"";"None";"337.86";"0";"3.93";"2k";"CCc1sc2nc(N)[nH]c(=O)c2c1Sc1cccc(Cl)c1";"IC50";"'='";"1800.0";"nM";"5.75";"";"";"UO_0000065";"17.00";"0.37";"1.81";"8.00";"0";"CHEMBL1062968";"Inhibition of Toxoplasma gondii thymidylate synthase";"B";"BAO_0000357";"single protein format";"Toxoplasma gondii";"None";"None";"None";"None";"";"";"";"CHEMBL2425";"Dihydrofolate reductase";"Toxoplasma gondii";"SINGLE PROTEIN";"CHEMBL1151945";"1";"Scientific Literature";"J Med Chem";"2009";"None";"";"";""
"CHEMBL563212";"";"None";"363.46";"0";"3.30";"2l";"CCc1sc2nc(N)[nH]c(=O)c2c1Sc1cc(OC)cc(OC)c1";"IC50";"'='";"2300.0";"nM";"5.64";"";"";"UO_0000065";"15.51";"0.32";"2.34";"6.25";"0";"CHEMBL1062968";"Inhibition of Toxoplasma gondii thymidylate synthase";"B";"BAO_0000357";"single protein format";"Toxoplasma gondii";"None";"None";"None";"None";"";"";"";"CHEMBL2425";"Dihydrofolate reductase";"Toxoplasma gondii";"SINGLE PROTEIN";"CHEMBL1151945";"1";"Scientific Literature";"J Med Chem";"2009";"None";"";"";""
"CHEMBL551768";"";"None";"337.86";"0";"3.93";"2m";"CCc1sc2nc(N)[nH]c(=O)c2c1Sc1ccccc1Cl";"IC50";"'='";"2500.0";"nM";"5.60";"";"";"UO_0000065";"16.58";"0.36";"1.67";"7.81";"0";"CHEMBL1062968";"Inhibition of Toxoplasma gondii thymidylate synthase";"B";"BAO_0000357";"single protein format";"Toxoplasma gondii";"None";"None";"None";"None";"";"";"";"CHEMBL2425";"Dihydrofolate reductase";"Toxoplasma gondii";"SINGLE PROTEIN";"CHEMBL1151945";"1";"Scientific Literature";"J Med Chem";"2009";"None";"";"";""
"CHEMBL565179";"";"None";"382.31";"0";"4.04";"2j";"CCc1sc2nc(N)[nH]c(=O)c2c1Sc1ccc(Br)cc1";"IC50";"'='";"13.0";"nM";"7.89";"";"";"UO_0000065";"20.63";"0.51";"3.85";"10.99";"0";"CHEMBL1062971";"Inhibition of Toxoplasma gondii dihydrofolate reductase";"B";"BAO_0000357";"single protein format";"Toxoplasma gondii";"None";"None";"None";"None";"";"";"";"CHEMBL2425";"Dihydrofolate reductase";"Toxoplasma gondii";"SINGLE PROTEIN";"CHEMBL1151945";"1";"Scientific Literature";"J Med Chem";"2009";"None";"";"";""
"CHEMBL556091";"";"None";"372.30";"0";"4.59";"2e";"CCc1sc2nc(N)[nH]c(=O)c2c1Sc1ccc(Cl)c(Cl)c1";"IC50";"'='";"1000.0";"nM";"6.00";"";"";"UO_0000065";"16.12";"0.37";"1.41";"8.36";"0";"CHEMBL1062968";"Inhibition of Toxoplasma gondii thymidylate synthase";"B";"BAO_0000357";"single protein format";"Toxoplasma gondii";"None";"None";"None";"None";"";"";"";"CHEMBL2425";"Dihydrofolate reductase";"Toxoplasma gondii";"SINGLE PROTEIN";"CHEMBL1151945";"1";"Scientific Literature";"J Med Chem";"2009";"None";"";"";""
"CHEMBL560912";"";"None";"372.30";"0";"4.59";"2f";"CCc1sc2nc(N)[nH]c(=O)c2c1Sc1cc(Cl)cc(Cl)c1";"IC50";"'='";"1600.0";"nM";"5.80";"";"";"UO_0000065";"15.57";"0.36";"1.21";"8.08";"0";"CHEMBL1062968";"Inhibition of Toxoplasma gondii thymidylate synthase";"B";"BAO_0000357";"single protein format";"Toxoplasma gondii";"None";"None";"None";"None";"";"";"";"CHEMBL2425";"Dihydrofolate reductase";"Toxoplasma gondii";"SINGLE PROTEIN";"CHEMBL1151945";"1";"Scientific Literature";"J Med Chem";"2009";"None";"";"";""
"CHEMBL389051";"";"None";"477.48";"0";"1.19";"TCMDC-131823";"C#CCN(Cc1ccc2[nH]c(N)nc(=O)c2c1)c1ccc(C(=O)N[C@@H](CCC(=O)O)C(=O)O)cc1";"IC50";"'='";"430.0";"nM";"6.37";"";"";"UO_0000065";"13.33";"0.25";"5.18";"3.56";"0";"CHEMBL1062968";"Inhibition of Toxoplasma gondii thymidylate synthase";"B";"BAO_0000357";"single protein format";"Toxoplasma gondii";"None";"None";"None";"None";"";"";"";"CHEMBL2425";"Dihydrofolate reductase";"Toxoplasma gondii";"SINGLE PROTEIN";"CHEMBL1151945";"1";"Scientific Literature";"J Med Chem";"2009";"None";"";"";""
"CHEMBL34259";"METHOTREXATE";"4.0";"454.45";"0";"0.27";"MTX";"CN(Cc1cnc2nc(N)nc(N)c2n1)c1ccc(C(=O)N[C@@H](CCC(=O)O)C(=O)O)cc1";"IC50";"";"";"";"";"";"Not Determined";"";"";"";"";"";"0";"CHEMBL1062968";"Inhibition of Toxoplasma gondii thymidylate synthase";"B";"BAO_0000357";"single protein format";"Toxoplasma gondii";"None";"None";"None";"None";"";"";"";"CHEMBL2425";"Dihydrofolate reductase";"Toxoplasma gondii";"SINGLE PROTEIN";"CHEMBL1151945";"1";"Scientific Literature";"J Med Chem";"2009";"None";"";"";""
"CHEMBL564937";"";"None";"348.41";"0";"3.19";"2c";"CCc1sc2nc(N)[nH]c(=O)c2c1Sc1ccc([N+](=O)[O-])cc1";"IC50";"'='";"8.7";"nM";"8.06";"";"";"UO_0000065";"23.14";"0.48";"4.87";"7.01";"0";"CHEMBL1062971";"Inhibition of Toxoplasma gondii dihydrofolate reductase";"B";"BAO_0000357";"single protein format";"Toxoplasma gondii";"None";"None";"None";"None";"";"";"";"CHEMBL2425";"Dihydrofolate reductase";"Toxoplasma gondii";"SINGLE PROTEIN";"CHEMBL1151945";"1";"Scientific Literature";"J Med Chem";"2009";"None";"";"";""
"CHEMBL34259";"METHOTREXATE";"4.0";"454.45";"0";"0.27";"MTX";"CN(Cc1cnc2nc(N)nc(N)c2n1)c1ccc(C(=O)N[C@@H](CCC(=O)O)C(=O)O)cc1";"IC50";"'='";"33.0";"nM";"7.48";"";"";"UO_0000065";"16.46";"0.31";"7.21";"3.55";"1";"CHEMBL1062971";"Inhibition of Toxoplasma gondii dihydrofolate reductase";"B";"BAO_0000357";"single protein format";"Toxoplasma gondii";"None";"None";"None";"None";"";"";"";"CHEMBL2425";"Dihydrofolate reductase";"Toxoplasma gondii";"SINGLE PROTEIN";"CHEMBL1151945";"1";"Scientific Literature";"J Med Chem";"2009";"None";"";"";""
"CHEMBL54618";"";"None";"300.75";"0";"2.45";"51";"Nc1nc(N)c2nc(CNc3cccc(Cl)c3)ccc2n1";"IC50";"'='";"130.0";"nM";"6.89";"";"";"UO_0000065";"22.90";"0.45";"4.44";"6.70";"1";"CHEMBL828662";"Inhibition of Toxoplasma gondii dihydrofolate reductase";"B";"BAO_0000357";"single protein format";"Toxoplasma gondii";"None";"None";"None";"None";"";"";"";"CHEMBL2425";"Dihydrofolate reductase";"Toxoplasma gondii";"SINGLE PROTEIN";"CHEMBL1145190";"1";"Scientific Literature";"J Med Chem";"2005";"None";"";"";""
"CHEMBL115474";"";"None";"265.32";"0";"2.41";"94";"Nc1nc(N)c2cc(NCc3ccccc3)ccc2n1";"IC50";"'='";"319.96";"nM";"6.50";"";"";"UO_0000065";"24.48";"0.44";"4.08";"7.23";"0";"CHEMBL830839";"Inhibition of Toxoplasma gondii dihydrofolate reductase";"B";"BAO_0000357";"single protein format";"Toxoplasma gondii";"None";"None";"None";"None";"";"";"";"CHEMBL2425";"Dihydrofolate reductase";"Toxoplasma gondii";"SINGLE PROTEIN";"CHEMBL1145190";"1";"Scientific Literature";"J Med Chem";"2005";"None";"";"";""
"CHEMBL315297";"";"None";"481.99";"0";"4.90";"10o";"CCc1nc(N)nc(N)c1-c1ccc(Cl)c(/N=N/N(CCOC(C)=O)Cc2cccc(C)c2)c1";"IC50";"'='";"5390.0";"nM";"5.27";"";"";"UO_0000065";"10.93";"0.21";"0.37";"3.99";"0";"CHEMBL664922";"Inhibitory activity against dihydrofolate reductase DHFR in Toxoplasma gondii.";"B";"BAO_0000357";"single protein format";"Toxoplasma gondii";"None";"None";"None";"None";"";"";"";"CHEMBL2425";"Dihydrofolate reductase";"Toxoplasma gondii";"SINGLE PROTEIN";"CHEMBL1134547";"1";"Scientific Literature";"J Med Chem";"2001";"None";"";"";""
"CHEMBL17287";"";"None";"455.48";"0";"1.15";"10";"CN(Cc1c[nH]c2nc(N)nc(N)c12)c1ccc(C(=O)N(C)C(CCC(=O)O)C(=O)O)cc1";"IC50";"'='";"150.0";"nM";"6.82";"";"";"UO_0000065";"14.98";"0.28";"5.67";"3.56";"0";"CHEMBL664913";"Inhibition against Dihydrofolate reductase in Toxoplasma gondii";"B";"BAO_0000357";"single protein format";"Toxoplasma gondii";"None";"None";"None";"None";"";"";"";"CHEMBL2425";"Dihydrofolate reductase";"Toxoplasma gondii";"SINGLE PROTEIN";"CHEMBL1129990";"1";"Scientific Literature";"J Med Chem";"1997";"None";"";"";""
"CHEMBL334456";"";"None";"316.37";"0";"3.11";"23";"CN(c1ccc2nc(N)nc(N)c2n1)c1cccc2ccccc12";"IC50";"'='";"2100.0";"nM";"5.68";"";"";"UO_0000065";"17.95";"0.32";"2.57";"6.04";"0";"CHEMBL661507";"Inhibitory activity against dihydrofolate reductase (DHFR) from Toxoplasma gondii";"B";"BAO_0000357";"single protein format";"Toxoplasma gondii";"None";"None";"None";"None";"";"";"";"CHEMBL2425";"Dihydrofolate reductase";"Toxoplasma gondii";"SINGLE PROTEIN";"CHEMBL1131172";"1";"Scientific Literature";"J Med Chem";"1998";"None";"";"";""
"CHEMBL445359";"";"None";"349.23";"0";"3.13";"77";"CN(Cc1ccc2nc(N)nc(N)c2n1)c1c(Cl)cccc1Cl";"IC50";"'='";"29.99";"nM";"7.52";"";"";"UO_0000065";"21.54";"0.45";"4.39";"8.01";"0";"CHEMBL830839";"Inhibition of Toxoplasma gondii dihydrofolate reductase";"B";"BAO_0000357";"single protein format";"Toxoplasma gondii";"None";"None";"None";"None";"";"";"";"CHEMBL2425";"Dihydrofolate reductase";"Toxoplasma gondii";"SINGLE PROTEIN";"CHEMBL1145190";"1";"Scientific Literature";"J Med Chem";"2005";"None";"";"";""
"CHEMBL35222";"";"None";"370.41";"0";"1.85";"171";"COc1ccc(CN(C)c2cnc3nc(N)nc(N)c3c2)c(OC)c1OC";"IC50";"'='";"26.0";"nM";"7.58";"";"";"UO_0000065";"20.48";"0.38";"5.74";"6.24";"1";"CHEMBL830839";"Inhibition of Toxoplasma gondii dihydrofolate reductase";"B";"BAO_0000357";"single protein format";"Toxoplasma gondii";"None";"None";"None";"None";"";"";"";"CHEMBL2425";"Dihydrofolate reductase";"Toxoplasma gondii";"SINGLE PROTEIN";"CHEMBL1145190";"1";"Scientific Literature";"J Med Chem";"2005";"None";"";"";""
"CHEMBL284849";"";"None";"356.39";"0";"1.83";"165";"COc1cc(OC)c(OC)cc1CNc1cnc2nc(N)nc(N)c2c1";"IC50";"'='";"480.0";"nM";"6.32";"";"";"UO_0000065";"17.73";"0.33";"4.49";"4.84";"1";"CHEMBL828662";"Inhibition of Toxoplasma gondii dihydrofolate reductase";"B";"BAO_0000357";"single protein format";"Toxoplasma gondii";"None";"None";"None";"None";"";"";"";"CHEMBL2425";"Dihydrofolate reductase";"Toxoplasma gondii";"SINGLE PROTEIN";"CHEMBL1145190";"1";"Scientific Literature";"J Med Chem";"2005";"None";"";"";""
"CHEMBL300886";"";"None";"283.36";"0";"2.48";"79";"Nc1nc(N)c2nc(CSc3ccccc3)ccc2n1";"IC50";"'='";"130.0";"nM";"6.89";"";"";"UO_0000065";"24.30";"0.47";"4.41";"7.59";"1";"CHEMBL828662";"Inhibition of Toxoplasma gondii dihydrofolate reductase";"B";"BAO_0000357";"single protein format";"Toxoplasma gondii";"None";"None";"None";"None";"";"";"";"CHEMBL2425";"Dihydrofolate reductase";"Toxoplasma gondii";"SINGLE PROTEIN";"CHEMBL1145190";"1";"Scientific Literature";"J Med Chem";"2005";"None";"";"";""
"CHEMBL300886";"";"None";"283.36";"0";"2.48";"79";"Nc1nc(N)c2nc(CSc3ccccc3)ccc2n1";"IC50";"'='";"129.99";"nM";"6.89";"";"";"UO_0000065";"24.30";"0.47";"4.41";"7.59";"0";"CHEMBL830839";"Inhibition of Toxoplasma gondii dihydrofolate reductase";"B";"BAO_0000357";"single protein format";"Toxoplasma gondii";"None";"None";"None";"None";"";"";"";"CHEMBL2425";"Dihydrofolate reductase";"Toxoplasma gondii";"SINGLE PROTEIN";"CHEMBL1145190";"1";"Scientific Literature";"J Med Chem";"2005";"None";"";"";""
"CHEMBL115474";"";"None";"265.32";"0";"2.41";"94";"Nc1nc(N)c2cc(NCc3ccccc3)ccc2n1";"IC50";"'='";"320.0";"nM";"6.50";"";"";"UO_0000065";"24.48";"0.44";"4.08";"7.23";"1";"CHEMBL828662";"Inhibition of Toxoplasma gondii dihydrofolate reductase";"B";"BAO_0000357";"single protein format";"Toxoplasma gondii";"None";"None";"None";"None";"";"";"";"CHEMBL2425";"Dihydrofolate reductase";"Toxoplasma gondii";"SINGLE PROTEIN";"CHEMBL1145190";"1";"Scientific Literature";"J Med Chem";"2005";"None";"";"";""
"CHEMBL82975";"";"None";"363.25";"0";"3.44";"22";"Cc1c(CN(C)c2ccc(Cl)c(Cl)c2)cnc2nc(N)nc(N)c12";"IC50";"'='";"27.0";"nM";"7.57";"";"";"UO_0000065";"20.84";"0.43";"4.13";"8.06";"1";"CHEMBL664909";"Concentration inhibiting Toxoplasma gondii dihydrofolate reductase";"B";"BAO_0000357";"single protein format";"Toxoplasma gondii";"None";"None";"None";"None";"";"";"";"CHEMBL2425";"Dihydrofolate reductase";"Toxoplasma gondii";"SINGLE PROTEIN";"CHEMBL1128717";"1";"Scientific Literature";"J Med Chem";"1995";"None";"";"";""
"CHEMBL56170";"";"None";"378.44";"0";"3.42";"6";"CCc1nc(N)nc(N)c1-c1ccc(N(C)Cc2ccccc2)c([N+](=O)[O-])c1";"IC50";"'='";"91.0";"nM";"7.04";"";"";"UO_0000065";"18.61";"0.34";"3.62";"5.67";"1";"CHEMBL884350";"Inhibitory activity against Dihydrofolate reductase from Toxoplasma gondii was evaluated using 90 uM dihydrofolic acid as substrate";"B";"BAO_0000357";"single protein format";"Toxoplasma gondii";"None";"None";"None";"None";"";"";"";"CHEMBL2425";"Dihydrofolate reductase";"Toxoplasma gondii";"SINGLE PROTEIN";"CHEMBL1130351";"1";"Scientific Literature";"J Med Chem";"1997";"None";"";"";""
"CHEMBL7492";"PIRITREXIM";"2.0";"325.37";"0";"2.11";"2 (Piritrexim)";"COc1ccc(OC)c(Cc2cnc3nc(N)nc(N)c3c2C)c1";"IC50";"'='";"17.0";"nM";"7.77";"";"";"UO_0000065";"23.88";"0.44";"5.66";"7.12";"1";"CHEMBL662241";"Inhibition of partially purified dihydrofolate reductase (DHFR) from Toxoplasma gondii (Tg)";"B";"BAO_0000357";"single protein format";"Toxoplasma gondii";"None";"None";"None";"None";"";"";"";"CHEMBL2425";"Dihydrofolate reductase";"Toxoplasma gondii";"SINGLE PROTEIN";"CHEMBL1135399";"1";"Scientific Literature";"J Med Chem";"2002";"None";"";"";""
"CHEMBL37696";"";"None";"332.36";"0";"1.48";"3f";"COc1ccc(OCCCC(=O)O)cc1Cc1cnc(N)nc1N";"IC50";"'='";"180.0";"nM";"6.75";"";"";"UO_0000065";"20.29";"0.38";"5.26";"5.05";"0";"CHEMBL662241";"Inhibition of partially purified dihydrofolate reductase (DHFR) from Toxoplasma gondii (Tg)";"B";"BAO_0000357";"single protein format";"Toxoplasma gondii";"None";"None";"None";"None";"";"";"";"CHEMBL2425";"Dihydrofolate reductase";"Toxoplasma gondii";"SINGLE PROTEIN";"CHEMBL1135399";"1";"Scientific Literature";"J Med Chem";"2002";"None";"";"";""
"CHEMBL138060";"";"None";"359.82";"0";"3.08";"11";"COc1ccc(OC)c(CNc2ccc3nc(N)nc(N)c3c2Cl)c1";"IC50";"'='";"17.0";"nM";"7.77";"";"";"UO_0000065";"21.59";"0.42";"4.69";"7.17";"0";"CHEMBL664915";"Inhibition of Dihydrofolate reductase of Toxoplasma gondii";"B";"BAO_0000357";"single protein format";"Toxoplasma gondii";"None";"None";"None";"None";"";"";"";"CHEMBL2425";"Dihydrofolate reductase";"Toxoplasma gondii";"SINGLE PROTEIN";"CHEMBL1127704";"1";"Scientific Literature";"J Med Chem";"1994";"None";"";"";""
"CHEMBL36245";"";"None";"340.39";"0";"1.84";"20";"COc1cc(CN(C)c2cnc3nc(N)nc(N)c3c2)cc(OC)c1";"IC50";"'='";"29.0";"nM";"7.54";"";"";"UO_0000065";"22.14";"0.41";"5.70";"6.71";"0";"CHEMBL665613";"Inhibitory activity against Toxoplasma gondii dihydrofolate reductase (in 50 uM dihydrofolic acid)";"B";"BAO_0000357";"single protein format";"Toxoplasma gondii";"None";"None";"None";"None";"";"";"";"CHEMBL2425";"Dihydrofolate reductase";"Toxoplasma gondii";"SINGLE PROTEIN";"CHEMBL1129539";"1";"Scientific Literature";"J Med Chem";"1996";"None";"";"";""
"CHEMBL35437";"";"None";"404.43";"0";"2.37";"10";"COc1ccc(C#CCOc2ccccc2C(=O)O)cc1Cc1cnc(N)nc1N";"IC50";"'='";"500.0";"nM";"6.30";"";"";"UO_0000065";"15.58";"0.29";"3.93";"4.72";"0";"CHEMBL664919";"Inhibitory activity against Dihydrohydrofolate reductase(DHFR) of Toxoplasma gondii";"B";"BAO_0000357";"single protein format";"Toxoplasma gondii";"None";"None";"None";"None";"";"";"";"CHEMBL2425";"Dihydrofolate reductase";"Toxoplasma gondii";"SINGLE PROTEIN";"CHEMBL1136782";"1";"Scientific Literature";"J Med Chem";"2003";"None";"";"";""
"CHEMBL23353";"";"None";"347.38";"0";"3.79";"9";"Nc1nc(N)c2c(CNc3ccccc3Oc3ccccc3)coc2n1";"IC50";"'>'";"12000.0";"nM";"";"";"";"UO_0000065";"";"";"";"";"0";"CHEMBL664908";"Inhibitory activity against dihydrofolate reductase from Toxoplasma gondii";"B";"BAO_0000357";"single protein format";"Toxoplasma gondii";"None";"None";"None";"None";"";"";"";"CHEMBL2425";"Dihydrofolate reductase";"Toxoplasma gondii";"SINGLE PROTEIN";"CHEMBL1131327";"1";"Scientific Literature";"J Med Chem";"1998";"None";"";"";""
"CHEMBL350730";"";"None";"325.37";"0";"2.42";"6";"COc1ccc(OC)c(NCc2cccc3nc(N)nc(N)c23)c1";"IC50";"'>'";"5000.0";"nM";"";"";"";"UO_0000065";"";"";"";"";"0";"CHEMBL665589";"Inhibitory activity against Toxoplasma gondii Dihydrofolate reductase";"B";"BAO_0000357";"single protein format";"Toxoplasma gondii";"None";"None";"None";"None";"";"";"";"CHEMBL2425";"Dihydrofolate reductase";"Toxoplasma gondii";"SINGLE PROTEIN";"CHEMBL1128249";"1";"Scientific Literature";"J Med Chem";"1995";"None";"";"";""
"CHEMBL226954";"";"None";"364.27";"0";"3.60";"6";"CCc1c(Sc2ccc(Br)cc2)[nH]c2nc(N)nc(N)c12";"IC50";"'='";"11600000.0";"nM";"";"Outside typical range";"";"UO_0000065";"";"";"";"";"0";"CHEMBL889609";"Inhibition of Toxoplasma gondii DHFR";"B";"BAO_0000357";"single protein format";"Toxoplasma gondii";"None";"None";"None";"None";"";"";"";"CHEMBL2425";"Dihydrofolate reductase";"Toxoplasma gondii";"SINGLE PROTEIN";"CHEMBL1145401";"1";"Scientific Literature";"J Med Chem";"2007";"None";"";"";""
"CHEMBL52953";"";"None";"346.39";"0";"2.03";"42";"C#CCN(Cc1ccc2nc(N)nc(N)c2n1)c1ccc(C(C)=O)cc1";"IC50";"'='";"20.0";"nM";"7.70";"";"";"UO_0000065";"22.23";"0.40";"5.67";"6.93";"0";"CHEMBL665702";"Inhibitory activity against Toxoplasma gondii dihydrofolate reductase.";"B";"BAO_0000357";"single protein format";"Toxoplasma gondii";"None";"None";"None";"None";"";"";"";"CHEMBL2425";"Dihydrofolate reductase";"Toxoplasma gondii";"SINGLE PROTEIN";"CHEMBL1129583";"1";"Scientific Literature";"J Med Chem";"1996";"None";"";"";""
"CHEMBL23911";"";"None";"327.41";"0";"2.80";"13g";"COc1ccc(SCc2cnc3nc(N)nc(N)c3c2C)cc1";"IC50";"'='";"63.0";"nM";"7.20";"";"";"UO_0000065";"21.99";"0.43";"4.40";"7.20";"0";"CHEMBL665590";"Inhibitory activity against Toxoplasma gondii dihydrofolate reductase";"B";"BAO_0000357";"single protein format";"Toxoplasma gondii";"None";"None";"None";"None";"";"";"";"CHEMBL2425";"Dihydrofolate reductase";"Toxoplasma gondii";"SINGLE PROTEIN";"CHEMBL1129525";"1";"Scientific Literature";"J Med Chem";"1996";"None";"";"";""
"CHEMBL3936777";"";"None";"366.34";"0";"4.02";"18";"COc1ccc(-c2c[nH]c3nc(N)nc(OC(C)C)c23)cc1C(F)(F)F";"IC50";"'>'";"10000.0";"nM";"";"";"";"UO_0000065";"";"";"";"";"0";"CHEMBL3867372";"Inhibition of Toxoplasma gondii TS-DHFR expressed in Escherichia coli BL21 preincubated for 15 mins followed by addition of DHF as substrate and NADPH measured after 60 mins by resazurin/diaphorase coupled assay";"B";"BAO_0000366";"cell-free format";"Toxoplasma gondii";"CHEMBL3559721";"Plasma";"None";"None";"";"";"";"CHEMBL2425";"Dihydrofolate reductase";"Toxoplasma gondii";"SINGLE PROTEIN";"CHEMBL3865850";"1";"Scientific Literature";"ACS Med Chem Lett";"2016";"None";"";"";""
"CHEMBL23382";"";"None";"324.39";"0";"2.43";"14b";"COc1ccc(NCc2cnc3nc(N)nc(N)c3c2C)c(C)c1";"IC50";"'='";"7.2";"nM";"8.14";"";"";"UO_0000065";"25.10";"0.46";"5.71";"7.27";"0";"CHEMBL665590";"Inhibitory activity against Toxoplasma gondii dihydrofolate reductase";"B";"BAO_0000357";"single protein format";"Toxoplasma gondii";"None";"None";"None";"None";"";"";"";"CHEMBL2425";"Dihydrofolate reductase";"Toxoplasma gondii";"SINGLE PROTEIN";"CHEMBL1129525";"1";"Scientific Literature";"J Med Chem";"1996";"None";"";"";""
"CHEMBL317017";"";"None";"311.41";"0";"2.41";"table 2";"Nc1nc(N)c2c3c(sc2n1)CN(Cc1ccccc1)CC3";"IC50";"'='";"850.0";"nM";"6.07";"";"";"UO_0000065";"19.49";"0.38";"3.66";"7.49";"0";"CHEMBL665619";"Tested for inhibitory activity against dihydrofolate reductase in Toxoplasma gondii";"B";"BAO_0000357";"single protein format";"Toxoplasma gondii";"None";"None";"None";"None";"";"";"";"CHEMBL2425";"Dihydrofolate reductase";"Toxoplasma gondii";"SINGLE PROTEIN";"CHEMBL1126852";"1";"Scientific Literature";"J Med Chem";"1993";"None";"";"";""
"CHEMBL292143";"";"None";"333.42";"0";"3.63";"35";"Nc1nc(N)c2nc(CSc3ccc4ccccc4c3)ccc2n1";"IC50";"'='";"48.0";"nM";"7.32";"";"";"UO_0000065";"21.95";"0.42";"3.69";"8.07";"0";"CHEMBL665702";"Inhibitory activity against Toxoplasma gondii dihydrofolate reductase.";"B";"BAO_0000357";"single protein format";"Toxoplasma gondii";"None";"None";"None";"None";"";"";"";"CHEMBL2425";"Dihydrofolate reductase";"Toxoplasma gondii";"SINGLE PROTEIN";"CHEMBL1129583";"1";"Scientific Literature";"J Med Chem";"1996";"None";"";"";""
"CHEMBL191071";"";"None";"405.25";"0";"2.22";"22";"COc1cc(Cc2cnc(N)nc2N)cc(C#CCCC(=O)O)c1Br";"IC50";"'='";"15.0";"nM";"7.82";"";"";"UO_0000065";"19.31";"0.43";"5.60";"6.29";"0";"CHEMBL827820";"Inhibitory concentration against Toxoplasma gondii DHFR";"B";"BAO_0000357";"single protein format";"Toxoplasma gondii";"None";"None";"None";"None";"";"";"";"CHEMBL2425";"Dihydrofolate reductase";"Toxoplasma gondii";"SINGLE PROTEIN";"CHEMBL1145152";"1";"Scientific Literature";"J Med Chem";"2005";"None";"";"";""
"CHEMBL189953";"";"None";"439.52";"0";"3.21";"31";"CCOC(=O)CCCCOc1ccc(OC)c(Cc2cnc3nc(N)nc(N)c3c2C)c1";"IC50";"'='";"11.0";"nM";"7.96";"";"";"UO_0000065";"18.11";"0.34";"4.75";"5.87";"0";"CHEMBL827820";"Inhibitory concentration against Toxoplasma gondii DHFR";"B";"BAO_0000357";"single protein format";"Toxoplasma gondii";"None";"None";"None";"None";"";"";"";"CHEMBL2425";"Dihydrofolate reductase";"Toxoplasma gondii";"SINGLE PROTEIN";"CHEMBL1145152";"1";"Scientific Literature";"J Med Chem";"2005";"None";"";"";""
"CHEMBL435938";"";"None";"453.54";"0";"3.60";"32";"CCOC(=O)CCCCCOc1ccc(OC)c(Cc2cnc3nc(N)nc(N)c3c2C)c1";"IC50";"'='";"13.0";"nM";"7.89";"";"";"UO_0000065";"17.39";"0.33";"4.29";"5.82";"0";"CHEMBL827820";"Inhibitory concentration against Toxoplasma gondii DHFR";"B";"BAO_0000357";"single protein format";"Toxoplasma gondii";"None";"None";"None";"None";"";"";"";"CHEMBL2425";"Dihydrofolate reductase";"Toxoplasma gondii";"SINGLE PROTEIN";"CHEMBL1145152";"1";"Scientific Literature";"J Med Chem";"2005";"None";"";"";""
"CHEMBL187570";"";"None";"421.24";"0";"2.70";"55";"COc1ccc(I)cc1Cc1cnc2nc(N)nc(N)c2c1C";"IC50";"'='";"4.1";"nM";"8.39";"";"";"UO_0000065";"19.91";"0.50";"5.69";"8.39";"0";"CHEMBL827820";"Inhibitory concentration against Toxoplasma gondii DHFR";"B";"BAO_0000357";"single protein format";"Toxoplasma gondii";"None";"None";"None";"None";"";"";"";"CHEMBL2425";"Dihydrofolate reductase";"Toxoplasma gondii";"SINGLE PROTEIN";"CHEMBL1145152";"1";"Scientific Literature";"J Med Chem";"2005";"None";"";"";""
"CHEMBL116816";"";"None";"325.37";"0";"2.42";"92";"COc1ccc(OC)c(CNc2ccc3nc(N)nc(N)c3c2)c1";"IC50";"'='";"159.99";"nM";"6.80";"";"";"UO_0000065";"20.89";"0.39";"4.38";"6.27";"0";"CHEMBL830839";"Inhibition of Toxoplasma gondii dihydrofolate reductase";"B";"BAO_0000357";"single protein format";"Toxoplasma gondii";"None";"None";"None";"None";"";"";"";"CHEMBL2425";"Dihydrofolate reductase";"Toxoplasma gondii";"SINGLE PROTEIN";"CHEMBL1145190";"1";"Scientific Literature";"J Med Chem";"2005";"None";"";"";""
"CHEMBL32708";"";"None";"326.36";"0";"1.82";"168";"COc1ccc(OC)c(CNc2cnc3nc(N)nc(N)c3c2)c1";"IC50";"'='";"310.03";"nM";"6.51";"";"";"UO_0000065";"19.94";"0.37";"4.69";"5.37";"0";"CHEMBL830839";"Inhibition of Toxoplasma gondii dihydrofolate reductase";"B";"BAO_0000357";"single protein format";"Toxoplasma gondii";"None";"None";"None";"None";"";"";"";"CHEMBL2425";"Dihydrofolate reductase";"Toxoplasma gondii";"SINGLE PROTEIN";"CHEMBL1145190";"1";"Scientific Literature";"J Med Chem";"2005";"None";"";"";""
"CHEMBL22";"TRIMETHOPRIM";"4.0";"290.32";"0";"1.26";"1";"COc1cc(Cc2cnc(N)nc2N)cc(OC)c1OC";"IC50";"'='";"2700.0";"nM";"5.57";"";"";"UO_0000065";"19.18";"0.36";"4.31";"5.28";"1";"CHEMBL876696";"Compound was tested for inhibition activity against Dihydrofolate reductase in Toxoplasma gondii (Toxoplasma gondii)";"B";"BAO_0000357";"single protein format";"Toxoplasma gondii";"None";"None";"None";"None";"";"";"";"CHEMBL2425";"Dihydrofolate reductase";"Toxoplasma gondii";"SINGLE PROTEIN";"CHEMBL1131495";"1";"Scientific Literature";"J Med Chem";"1998";"None";"";"";""
"CHEMBL441298";"";"None";"354.41";"0";"2.61";"11";"COc1cc(CCc2cccc3nc(N)nc(N)c23)cc(OC)c1OC";"IC50";"'='";"930.0";"nM";"6.03";"";"";"UO_0000065";"17.02";"0.32";"3.42";"5.72";"0";"CHEMBL665589";"Inhibitory activity against Toxoplasma gondii Dihydrofolate reductase";"B";"BAO_0000357";"single protein format";"Toxoplasma gondii";"None";"None";"None";"None";"";"";"";"CHEMBL2425";"Dihydrofolate reductase";"Toxoplasma gondii";"SINGLE PROTEIN";"CHEMBL1128249";"1";"Scientific Literature";"J Med Chem";"1995";"None";"";"";""
"CHEMBL494067";"";"None";"289.38";"0";"3.03";"5";"Cc1sc2nc(N)[nH]c(=O)c2c1Sc1ccccc1";"IC50";"'='";"120.0";"nM";"6.92";"";"";"UO_0000065";"23.92";"0.50";"3.89";"9.64";"0";"CHEMBL1034984";"Inhibition of Toxoplasma gondii DHFR";"B";"BAO_0000357";"single protein format";"Toxoplasma gondii";"None";"None";"None";"None";"";"";"";"CHEMBL2425";"Dihydrofolate reductase";"Toxoplasma gondii";"SINGLE PROTEIN";"CHEMBL1140135";"1";"Scientific Literature";"J Med Chem";"2008";"None";"";"";""
"CHEMBL3112972";"";"None";"429.32";"1";"6.73";"1, HTS10533";"O=C(Nc1ccccc1)OCc1ccc(-c2cc(C(F)(F)F)cc(C(F)(F)F)c2)o1";"Inhibition";"";"";"%";"";"";"Not Active";"UO_0000187";"";"";"";"";"0";"CHEMBL3118568";"Inhibition of Toxoplasma gondii TS-DHFR by Michaelis-Menten plot analysis in presence of bovine serum albumin";"B";"BAO_0000357";"single protein format";"Toxoplasma gondii";"None";"None";"None";"None";"";"";"";"CHEMBL2425";"Dihydrofolate reductase";"Toxoplasma gondii";"SINGLE PROTEIN";"CHEMBL3112437";"1";"Scientific Literature";"Bioorg Med Chem Lett";"2014";"None";"";"";""
"CHEMBL3112976";"";"None";"516.17";"2";"5.08";"5, CD06111";"Cc1onc(-c2c(Cl)cccc2Cl)c1C(=O)NNC(=O)CO/N=C/c1ccc(Cl)cc1Cl";"Inhibition";"'='";"50.0";"%";"";"";"";"UO_0000187";"";"";"";"";"0";"CHEMBL3118570";"Inhibition of Toxoplasma gondii TS-DHFR using methylenetetrahydrofolate/dUMP as sustrate at 100 uM preincubated for 10 mins followed by substrate addition";"B";"BAO_0000357";"single protein format";"Toxoplasma gondii";"None";"None";"None";"None";"";"";"";"CHEMBL2425";"Dihydrofolate reductase";"Toxoplasma gondii";"SINGLE PROTEIN";"CHEMBL3112437";"1";"Scientific Literature";"Bioorg Med Chem Lett";"2014";"None";"";"";""
"CHEMBL492838";"";"None";"358.27";"0";"4.33";"9";"Cc1sc2nc(N)[nH]c(=O)c2c1Sc1ccc(Cl)c(Cl)c1";"IC50";"'='";"1200.0";"nM";"5.92";"";"";"UO_0000065";"16.53";"0.39";"1.59";"8.25";"0";"CHEMBL1034982";"Inhibition of Toxoplasma gondii thymidylate synthase";"B";"BAO_0000357";"single protein format";"Toxoplasma gondii";"None";"None";"None";"None";"";"";"";"CHEMBL2425";"Dihydrofolate reductase";"Toxoplasma gondii";"SINGLE PROTEIN";"CHEMBL1140135";"1";"Scientific Literature";"J Med Chem";"2008";"None";"";"";""
"CHEMBL400364";"";"None";"317.33";"0";"2.20";"2";"Cc1[nH]c2nc(N)[nH]c(=O)c2c1Sc1ccc([N+](=O)[O-])cc1";"IC50";"";"";"";"";"";"Not Determined";"";"";"";"";"";"0";"CHEMBL1034982";"Inhibition of Toxoplasma gondii thymidylate synthase";"B";"BAO_0000357";"single protein format";"Toxoplasma gondii";"None";"None";"None";"None";"";"";"";"CHEMBL2425";"Dihydrofolate reductase";"Toxoplasma gondii";"SINGLE PROTEIN";"CHEMBL1140135";"1";"Scientific Literature";"J Med Chem";"2008";"None";"";"";""
"CHEMBL116815";"";"None";"325.37";"0";"2.42";"93";"COc1cc(CNc2ccc3nc(N)nc(N)c3c2)cc(OC)c1";"IC50";"'='";"120.01";"nM";"6.92";"";"";"UO_0000065";"21.27";"0.39";"4.50";"6.39";"0";"CHEMBL830839";"Inhibition of Toxoplasma gondii dihydrofolate reductase";"B";"BAO_0000357";"single protein format";"Toxoplasma gondii";"None";"None";"None";"None";"";"";"";"CHEMBL2425";"Dihydrofolate reductase";"Toxoplasma gondii";"SINGLE PROTEIN";"CHEMBL1145190";"1";"Scientific Literature";"J Med Chem";"2005";"None";"";"";""
"CHEMBL116637";"";"None";"355.40";"0";"2.43";"96";"COc1ccc(CNc2ccc3nc(N)nc(N)c3c2)c(OC)c1OC";"IC50";"'='";"190.11";"nM";"6.72";"";"";"UO_0000065";"18.91";"0.35";"4.29";"5.72";"0";"CHEMBL830839";"Inhibition of Toxoplasma gondii dihydrofolate reductase";"B";"BAO_0000357";"single protein format";"Toxoplasma gondii";"None";"None";"None";"None";"";"";"";"CHEMBL2425";"Dihydrofolate reductase";"Toxoplasma gondii";"SINGLE PROTEIN";"CHEMBL1145190";"1";"Scientific Literature";"J Med Chem";"2005";"None";"";"";""
"CHEMBL113816";"";"None";"339.40";"0";"2.45";"97";"COc1cc(CN(C)c2ccc3nc(N)nc(N)c3c2)cc(OC)c1";"IC50";"'='";"9.3";"nM";"8.03";"";"";"UO_0000065";"23.66";"0.44";"5.58";"8.07";"1";"CHEMBL828662";"Inhibition of Toxoplasma gondii dihydrofolate reductase";"B";"BAO_0000357";"single protein format";"Toxoplasma gondii";"None";"None";"None";"None";"";"";"";"CHEMBL2425";"Dihydrofolate reductase";"Toxoplasma gondii";"SINGLE PROTEIN";"CHEMBL1145190";"1";"Scientific Literature";"J Med Chem";"2005";"None";"";"";""
"CHEMBL367802";"";"None";"329.41";"0";"3.58";"102";"CN(Cc1cccc2ccccc12)c1ccc2nc(N)nc(N)c2c1";"IC50";"'='";"21.0";"nM";"7.68";"";"";"UO_0000065";"23.31";"0.42";"4.10";"9.47";"0";"CHEMBL828662";"Inhibition of Toxoplasma gondii dihydrofolate reductase";"B";"BAO_0000357";"single protein format";"Toxoplasma gondii";"None";"None";"None";"None";"";"";"";"CHEMBL2425";"Dihydrofolate reductase";"Toxoplasma gondii";"SINGLE PROTEIN";"CHEMBL1145190";"1";"Scientific Literature";"J Med Chem";"2005";"None";"";"";""
"CHEMBL333791";"";"None";"338.24";"0";"3.16";"137";"Nc1nc(N)c2c(n1)CCC(CNc1c(Cl)cccc1Cl)C2";"IC50";"'='";"9.899";"nM";"8.00";"";"";"UO_0000065";"23.66";"0.50";"4.84";"8.91";"1";"CHEMBL830839";"Inhibition of Toxoplasma gondii dihydrofolate reductase";"B";"BAO_0000357";"single protein format";"Toxoplasma gondii";"None";"None";"None";"None";"";"";"";"CHEMBL2425";"Dihydrofolate reductase";"Toxoplasma gondii";"SINGLE PROTEIN";"CHEMBL1145190";"1";"Scientific Literature";"J Med Chem";"2005";"None";"";"";""
"CHEMBL80347";"";"None";"191.19";"0";"-0.32";"18b";"Nc1nc(N)c2cc(CO)cnc2n1";"Inhibition";"'='";"9.0";"%";"";"";"";"UO_0000187";"";"";"";"";"0";"CHEMBL665606";"Inhibitory activity against dihydrofolate reductase DHFR from Toxoplasma gondii at 104 uM concentration";"B";"BAO_0000357";"single protein format";"Toxoplasma gondii";"None";"None";"None";"None";"";"";"";"CHEMBL2425";"Dihydrofolate reductase";"Toxoplasma gondii";"SINGLE PROTEIN";"CHEMBL1134533";"1";"Scientific Literature";"J Med Chem";"2001";"None";"";"";""
"CHEMBL3896873";"";"None";"293.16";"0";"3.52";"21";"Cn1c(-c2cccc(Cl)c2)cc2c(Cl)nc(N)nc21";"IC50";"'>'";"10000.0";"nM";"";"";"";"UO_0000065";"";"";"";"";"0";"CHEMBL3867372";"Inhibition of Toxoplasma gondii TS-DHFR expressed in Escherichia coli BL21 preincubated for 15 mins followed by addition of DHF as substrate and NADPH measured after 60 mins by resazurin/diaphorase coupled assay";"B";"BAO_0000366";"cell-free format";"Toxoplasma gondii";"CHEMBL3559721";"Plasma";"None";"None";"";"";"";"CHEMBL2425";"Dihydrofolate reductase";"Toxoplasma gondii";"SINGLE PROTEIN";"CHEMBL3865850";"1";"Scientific Literature";"ACS Med Chem Lett";"2016";"None";"";"";""
"CHEMBL3930739";"";"None";"352.36";"0";"1.98";"5";"Nc1ncc(CN2CCN(c3cccc(C(F)(F)F)c3)CC2)c(N)n1";"IC50";"'='";"80000.0";"nM";"4.10";"";"";"UO_0000065";"11.63";"0.22";"2.12";"4.86";"0";"CHEMBL3867372";"Inhibition of Toxoplasma gondii TS-DHFR expressed in Escherichia coli BL21 preincubated for 15 mins followed by addition of DHF as substrate and NADPH measured after 60 mins by resazurin/diaphorase coupled assay";"B";"BAO_0000366";"cell-free format";"Toxoplasma gondii";"CHEMBL3559721";"Plasma";"None";"None";"";"";"";"CHEMBL2425";"Dihydrofolate reductase";"Toxoplasma gondii";"SINGLE PROTEIN";"CHEMBL3865850";"1";"Scientific Literature";"ACS Med Chem Lett";"2016";"None";"";"";""
"CHEMBL121319";"";"None";"338.24";"0";"3.16";"141";"Nc1nc(N)c2c(n1)CCC(CNc1cc(Cl)ccc1Cl)C2";"IC50";"'='";"97.0";"nM";"7.01";"";"";"UO_0000065";"20.73";"0.44";"3.85";"7.81";"1";"CHEMBL828662";"Inhibition of Toxoplasma gondii dihydrofolate reductase";"B";"BAO_0000357";"single protein format";"Toxoplasma gondii";"None";"None";"None";"None";"";"";"";"CHEMBL2425";"Dihydrofolate reductase";"Toxoplasma gondii";"SINGLE PROTEIN";"CHEMBL1145190";"1";"Scientific Literature";"J Med Chem";"2005";"None";"";"";""
"CHEMBL121683";"";"None";"357.46";"0";"2.29";"147";"CCN(CC1CCc2nc(N)nc(N)c2C1)c1cc(OC)ccc1OC";"IC50";"'='";"16.98";"nM";"7.77";"";"";"UO_0000065";"21.74";"0.41";"5.48";"7.81";"0";"CHEMBL830839";"Inhibition of Toxoplasma gondii dihydrofolate reductase";"B";"BAO_0000357";"single protein format";"Toxoplasma gondii";"None";"None";"None";"None";"";"";"";"CHEMBL2425";"Dihydrofolate reductase";"Toxoplasma gondii";"SINGLE PROTEIN";"CHEMBL1145190";"1";"Scientific Literature";"J Med Chem";"2005";"None";"";"";""
"CHEMBL52777";"";"None";"296.33";"0";"1.81";"60";"COc1ccc(NCc2ccc3nc(N)nc(N)c3n2)cc1";"IC50";"'='";"54.0";"nM";"7.27";"";"";"UO_0000065";"24.53";"0.45";"5.46";"6.49";"1";"CHEMBL830839";"Inhibition of Toxoplasma gondii dihydrofolate reductase";"B";"BAO_0000357";"single protein format";"Toxoplasma gondii";"None";"None";"None";"None";"";"";"";"CHEMBL2425";"Dihydrofolate reductase";"Toxoplasma gondii";"SINGLE PROTEIN";"CHEMBL1145190";"1";"Scientific Literature";"J Med Chem";"2005";"None";"";"";""
"CHEMBL53974";"";"None";"310.36";"0";"1.83";"69";"COc1ccccc1N(C)Cc1ccc2nc(N)nc(N)c2n1";"IC50";"'='";"26.0";"nM";"7.58";"";"";"UO_0000065";"24.44";"0.45";"5.76";"7.35";"1";"CHEMBL828662";"Inhibition of Toxoplasma gondii dihydrofolate reductase";"B";"BAO_0000357";"single protein format";"Toxoplasma gondii";"None";"None";"None";"None";"";"";"";"CHEMBL2425";"Dihydrofolate reductase";"Toxoplasma gondii";"SINGLE PROTEIN";"CHEMBL1145190";"1";"Scientific Literature";"J Med Chem";"2005";"None";"";"";""
"CHEMBL55191";"";"None";"349.23";"0";"3.13";"75";"CN(Cc1ccc2nc(N)nc(N)c2n1)c1cc(Cl)ccc1Cl";"IC50";"'='";"25.0";"nM";"7.60";"";"";"UO_0000065";"21.77";"0.45";"4.47";"8.09";"1";"CHEMBL828662";"Inhibition of Toxoplasma gondii dihydrofolate reductase";"B";"BAO_0000357";"single protein format";"Toxoplasma gondii";"None";"None";"None";"None";"";"";"";"CHEMBL2425";"Dihydrofolate reductase";"Toxoplasma gondii";"SINGLE PROTEIN";"CHEMBL1145190";"1";"Scientific Literature";"J Med Chem";"2005";"None";"";"";""
"CHEMBL68673";"";"None";"284.32";"0";"1.74";"3";"COc1ccc(NCc2c[nH]c3nc(N)nc(N)c23)cc1";"IC50";"'='";"6000.0";"nM";"5.22";"";"";"UO_0000065";"18.37";"0.34";"3.48";"4.55";"0";"CHEMBL665698";"Inhibition of Toxoplasma gondii (tc) Dihydrofolate reductase";"B";"BAO_0000357";"single protein format";"Toxoplasma gondii";"None";"None";"None";"None";"";"";"";"CHEMBL2425";"Dihydrofolate reductase";"Toxoplasma gondii";"SINGLE PROTEIN";"CHEMBL1128397";"1";"Scientific Literature";"J Med Chem";"1995";"None";"";"";""
"CHEMBL424113";"";"None";"343.39";"0";"2.92";"4g";"Nc1nc(N)c2nc(CN(c3ccccc3)c3ccccc3)cnc2n1";"IC50";"'='";"1300.0";"nM";"5.89";"";"";"UO_0000065";"17.14";"0.31";"2.97";"5.51";"0";"CHEMBL665587";"Inhibitory activity against DHFR (Dihydrofolate reductase) from Toxoplasma gondii.";"B";"BAO_0000357";"single protein format";"Toxoplasma gondii";"None";"None";"None";"None";"";"";"";"CHEMBL2425";"Dihydrofolate reductase";"Toxoplasma gondii";"SINGLE PROTEIN";"CHEMBL1132186";"1";"Scientific Literature";"J Med Chem";"1999";"None";"";"";""
"CHEMBL61108";"";"None";"324.17";"0";"3.16";"12";"Nc1nc(O)c2c(CNc3cc(Cl)cc(Cl)c3)c[nH]c2n1";"IC50";"'='";"4100.0";"nM";"5.39";"";"";"UO_0000065";"16.62";"0.35";"2.23";"5.40";"0";"CHEMBL664920";"Inhibitory activity against Toxoplasma gondii dihydrofolate reductase";"B";"BAO_0000357";"single protein format";"Toxoplasma gondii";"None";"None";"None";"None";"";"";"";"CHEMBL2425";"Dihydrofolate reductase";"Toxoplasma gondii";"SINGLE PROTEIN";"CHEMBL1134503";"1";"Scientific Literature";"J Med Chem";"2001";"None";"";"";""
"CHEMBL119";"TRIMETREXATE";"4.0";"369.43";"0";"2.74";"Trimetrexate";"COc1cc(NCc2ccc3nc(N)nc(N)c3c2C)cc(OC)c1OC";"IC50";"'='";"5400.0";"nM";"5.27";"";"";"UO_0000065";"14.26";"0.27";"2.53";"4.48";"0";"CHEMBL664920";"Inhibitory activity against Toxoplasma gondii dihydrofolate reductase";"B";"BAO_0000357";"single protein format";"Toxoplasma gondii";"None";"None";"None";"None";"";"";"";"CHEMBL2425";"Dihydrofolate reductase";"Toxoplasma gondii";"SINGLE PROTEIN";"CHEMBL1134503";"1";"Scientific Literature";"J Med Chem";"2001";"None";"";"";""
"CHEMBL23495";"";"None";"365.32";"0";"2.22";"12r";"COc1ccc(C(F)(F)F)cc1NCc1cnc2nc(N)nc(N)c2n1";"IC50";"'='";"10600.0";"nM";"4.97";"";"";"UO_0000065";"13.62";"0.26";"2.75";"3.98";"0";"CHEMBL665590";"Inhibitory activity against Toxoplasma gondii dihydrofolate reductase";"B";"BAO_0000357";"single protein format";"Toxoplasma gondii";"None";"None";"None";"None";"";"";"";"CHEMBL2425";"Dihydrofolate reductase";"Toxoplasma gondii";"SINGLE PROTEIN";"CHEMBL1129525";"1";"Scientific Literature";"J Med Chem";"1996";"None";"";"";""
"CHEMBL3112977";"";"None";"654.50";"2";"5.09";"7, RJC03231";"COc1ccc(C(OC[C@H]2O[C@@H](n3cc(I)c(=O)[nH]c3=O)C[C@@H]2C)(c2ccccc2)c2ccc(OC)cc2)cc1";"Inhibition";"'='";"50.0";"%";"";"";"";"UO_0000187";"";"";"";"";"0";"CHEMBL3118570";"Inhibition of Toxoplasma gondii TS-DHFR using methylenetetrahydrofolate/dUMP as sustrate at 100 uM preincubated for 10 mins followed by substrate addition";"B";"BAO_0000357";"single protein format";"Toxoplasma gondii";"None";"None";"None";"None";"";"";"";"CHEMBL2425";"Dihydrofolate reductase";"Toxoplasma gondii";"SINGLE PROTEIN";"CHEMBL3112437";"1";"Scientific Literature";"Bioorg Med Chem Lett";"2014";"None";"";"";""
"CHEMBL22";"TRIMETHOPRIM";"4.0";"290.32";"0";"1.26";"SID50104512";"COc1cc(Cc2cnc(N)nc2N)cc(OC)c1OC";"IC50";"'='";"2700.0";"nM";"5.57";"";"";"UO_0000065";"19.18";"0.36";"4.31";"5.28";"1";"CHEMBL664916";"Inhibitory activity against Dihydrofolate reductase from Toxoplasma gondii";"B";"BAO_0000357";"single protein format";"Toxoplasma gondii";"None";"None";"None";"None";"";"";"";"CHEMBL2425";"Dihydrofolate reductase";"Toxoplasma gondii";"SINGLE PROTEIN";"CHEMBL1128680";"1";"Scientific Literature";"J Med Chem";"1995";"None";"";"";""
"CHEMBL356490";"";"None";"384.44";"0";"2.24";"26";"CCN(Cc1cnc2nc(N)nc(N)c2c1)c1cc(OC)c(OC)c(OC)c1";"IC50";"'='";"49.0";"nM";"7.31";"";"";"UO_0000065";"19.01";"0.36";"5.07";"6.01";"1";"CHEMBL830839";"Inhibition of Toxoplasma gondii dihydrofolate reductase";"B";"BAO_0000357";"single protein format";"Toxoplasma gondii";"None";"None";"None";"None";"";"";"";"CHEMBL2425";"Dihydrofolate reductase";"Toxoplasma gondii";"SINGLE PROTEIN";"CHEMBL1145190";"1";"Scientific Literature";"J Med Chem";"2005";"None";"";"";""
"CHEMBL389643";"";"None";"444.47";"1";"1.63";"4";"Cc1c(Sc2ccc(C(=O)N[C@@H](CCC(=O)O)C(=O)O)cc2)[nH]c2nc(N)nc(N)c12";"IC50";"'='";"1800.0";"nM";"5.75";"";"";"UO_0000065";"12.92";"0.25";"4.11";"2.91";"1";"CHEMBL1073055";"Inhibition of Toxoplasma gondii TS at 30 degC under pH 7.4 by spectrophotometry";"B";"BAO_0000357";"single protein format";"Toxoplasma gondii";"None";"None";"None";"None";"";"";"";"CHEMBL2425";"Dihydrofolate reductase";"Toxoplasma gondii";"SINGLE PROTEIN";"CHEMBL1159120";"1";"Scientific Literature";"Bioorg Med Chem";"2010";"None";"";"";""
"CHEMBL23288";"";"None";"356.39";"0";"1.83";"24";"COc1cc(NCc2cnc3nc(N)nc(N)c3c2)cc(OC)c1OC";"IC50";"'='";"300.0";"nM";"6.52";"";"";"UO_0000065";"18.30";"0.34";"4.69";"5.00";"1";"CHEMBL828662";"Inhibition of Toxoplasma gondii dihydrofolate reductase";"B";"BAO_0000357";"single protein format";"Toxoplasma gondii";"None";"None";"None";"None";"";"";"";"CHEMBL2425";"Dihydrofolate reductase";"Toxoplasma gondii";"SINGLE PROTEIN";"CHEMBL1145190";"1";"Scientific Literature";"J Med Chem";"2005";"None";"";"";""
"CHEMBL2047247";"";"None";"308.77";"0";"4.03";"7";"Nc1nc2c(c(Nc3ccc(Cl)cc3)n1)-c1ccccc1C2";"IC50";"'>'";"16000.0";"nM";"";"";"";"UO_0000065";"";"";"";"";"0";"CHEMBL2050304";"Inhibition of Toxoplasma gondii DHFR";"B";"BAO_0000357";"single protein format";"Toxoplasma gondii";"None";"None";"None";"None";"";"";"";"CHEMBL2425";"Dihydrofolate reductase";"Toxoplasma gondii";"SINGLE PROTEIN";"CHEMBL2046359";"1";"Scientific Literature";"Bioorg Med Chem";"2012";"None";"";"";""
"CHEMBL268870";"";"None";"284.36";"0";"2.00";"5d";"COc1ccccc1CC1CCc2nc(N)nc(N)c2C1";"IC50";"'='";"14.0";"nM";"7.85";"";"";"UO_0000065";"27.62";"0.51";"5.85";"9.02";"0";"CHEMBL665602";"The ability to inhibit Toxoplasma gondii Dihydrofolate reductase was tested";"B";"BAO_0000357";"single protein format";"Toxoplasma gondii";"None";"None";"None";"None";"";"";"";"CHEMBL2425";"Dihydrofolate reductase";"Toxoplasma gondii";"SINGLE PROTEIN";"CHEMBL1132605";"1";"Scientific Literature";"J Med Chem";"1999";"None";"";"";""
"CHEMBL267437";"";"None";"322.33";"0";"3.01";"5g";"Nc1nc(N)c2c(n1)CCC(Cc1cccc(C(F)(F)F)c1)C2";"IC50";"'='";"140.0";"nM";"6.85";"";"";"UO_0000065";"21.26";"0.41";"3.84";"8.81";"0";"CHEMBL665602";"The ability to inhibit Toxoplasma gondii Dihydrofolate reductase was tested";"B";"BAO_0000357";"single protein format";"Toxoplasma gondii";"None";"None";"None";"None";"";"";"";"CHEMBL2425";"Dihydrofolate reductase";"Toxoplasma gondii";"SINGLE PROTEIN";"CHEMBL1132605";"1";"Scientific Literature";"J Med Chem";"1999";"None";"";"";""
"CHEMBL417746";"";"None";"316.37";"0";"2.95";"49";"Nc1nc(N)c2nc(CNc3ccc4ccccc4c3)ccc2n1";"IC50";"'='";"160.0";"nM";"6.80";"";"";"UO_0000065";"21.48";"0.39";"3.85";"6.61";"1";"CHEMBL828662";"Inhibition of Toxoplasma gondii dihydrofolate reductase";"B";"BAO_0000357";"single protein format";"Toxoplasma gondii";"None";"None";"None";"None";"";"";"";"CHEMBL2425";"Dihydrofolate reductase";"Toxoplasma gondii";"SINGLE PROTEIN";"CHEMBL1145190";"1";"Scientific Literature";"J Med Chem";"2005";"None";"";"";""
"CHEMBL54618";"";"None";"300.75";"0";"2.45";"51";"Nc1nc(N)c2nc(CNc3cccc(Cl)c3)ccc2n1";"IC50";"'='";"129.99";"nM";"6.89";"";"";"UO_0000065";"22.90";"0.45";"4.44";"6.70";"0";"CHEMBL830839";"Inhibition of Toxoplasma gondii dihydrofolate reductase";"B";"BAO_0000357";"single protein format";"Toxoplasma gondii";"None";"None";"None";"None";"";"";"";"CHEMBL2425";"Dihydrofolate reductase";"Toxoplasma gondii";"SINGLE PROTEIN";"CHEMBL1145190";"1";"Scientific Literature";"J Med Chem";"2005";"None";"";"";""
"CHEMBL219623";"";"None";"302.33";"0";"1.84";"9";"COc1cc(/C=C/c2cnc(N)nc2N)cc(OC)c1OC";"Activity";"";"";"";"";"";"Not Determined";"";"";"";"";"";"0";"CHEMBL919380";"Inhibition of Toxoplasma gondii DHFR-TS";"B";"BAO_0000357";"single protein format";"Toxoplasma gondii";"None";"None";"None";"None";"";"";"";"CHEMBL2425";"Dihydrofolate reductase";"Toxoplasma gondii";"SINGLE PROTEIN";"CHEMBL1142238";"1";"Scientific Literature";"J Med Chem";"2007";"None";"";"";""
"CHEMBL279679";"";"None";"368.44";"0";"2.91";"12";"CCOc1ccc(OCC)c(NCc2cnc3nc(N)nc(N)c3c2C)c1";"IC50";"'='";"16.98";"nM";"7.77";"";"";"UO_0000065";"21.09";"0.39";"4.86";"6.41";"0";"CHEMBL830839";"Inhibition of Toxoplasma gondii dihydrofolate reductase";"B";"BAO_0000357";"single protein format";"Toxoplasma gondii";"None";"None";"None";"None";"";"";"";"CHEMBL2425";"Dihydrofolate reductase";"Toxoplasma gondii";"SINGLE PROTEIN";"CHEMBL1145190";"1";"Scientific Literature";"J Med Chem";"2005";"None";"";"";""
"CHEMBL23844";"";"None";"382.47";"0";"2.93";"13";"CCOc1ccc(OCC)c(N(C)Cc2cnc3nc(N)nc(N)c3c2C)c1";"IC50";"'='";"100.0";"nM";"7.00";"";"";"UO_0000065";"18.30";"0.34";"4.07";"6.23";"1";"CHEMBL830839";"Inhibition of Toxoplasma gondii dihydrofolate reductase";"B";"BAO_0000357";"single protein format";"Toxoplasma gondii";"None";"None";"None";"None";"";"";"";"CHEMBL2425";"Dihydrofolate reductase";"Toxoplasma gondii";"SINGLE PROTEIN";"CHEMBL1145190";"1";"Scientific Literature";"J Med Chem";"2005";"None";"";"";""
"CHEMBL116614";"";"None";"377.24";"0";"2.97";"5";"Cc1c(CN(C=O)c2ccc(Cl)c(Cl)c2)cnc2nc(N)nc(N)c12";"IC50";"'='";"83.0";"nM";"7.08";"";"";"UO_0000065";"18.77";"0.39";"4.11";"6.38";"1";"CHEMBL828662";"Inhibition of Toxoplasma gondii dihydrofolate reductase";"B";"BAO_0000357";"single protein format";"Toxoplasma gondii";"None";"None";"None";"None";"";"";"";"CHEMBL2425";"Dihydrofolate reductase";"Toxoplasma gondii";"SINGLE PROTEIN";"CHEMBL1145190";"1";"Scientific Literature";"J Med Chem";"2005";"None";"";"";""
"CHEMBL82975";"";"None";"363.25";"0";"3.44";"6";"Cc1c(CN(C)c2ccc(Cl)c(Cl)c2)cnc2nc(N)nc(N)c12";"IC50";"'='";"27.0";"nM";"7.57";"";"";"UO_0000065";"20.84";"0.43";"4.13";"8.06";"1";"CHEMBL828662";"Inhibition of Toxoplasma gondii dihydrofolate reductase";"B";"BAO_0000357";"single protein format";"Toxoplasma gondii";"None";"None";"None";"None";"";"";"";"CHEMBL2425";"Dihydrofolate reductase";"Toxoplasma gondii";"SINGLE PROTEIN";"CHEMBL1145190";"1";"Scientific Literature";"J Med Chem";"2005";"None";"";"";""
"CHEMBL281803";"";"None";"354.41";"0";"2.15";"11";"COc1ccc(OC)c(N(C)Cc2cnc3nc(N)nc(N)c3c2C)c1";"IC50";"'='";"30.1";"nM";"7.52";"";"";"UO_0000065";"21.22";"0.40";"5.37";"6.69";"1";"CHEMBL830839";"Inhibition of Toxoplasma gondii dihydrofolate reductase";"B";"BAO_0000357";"single protein format";"Toxoplasma gondii";"None";"None";"None";"None";"";"";"";"CHEMBL2425";"Dihydrofolate reductase";"Toxoplasma gondii";"SINGLE PROTEIN";"CHEMBL1145190";"1";"Scientific Literature";"J Med Chem";"2005";"None";"";"";""
"CHEMBL116614";"";"None";"377.24";"0";"2.97";"5";"Cc1c(CN(C=O)c2ccc(Cl)c(Cl)c2)cnc2nc(N)nc(N)c12";"IC50";"'='";"83.0";"nM";"7.08";"";"";"UO_0000065";"18.77";"0.39";"4.11";"6.38";"1";"CHEMBL830839";"Inhibition of Toxoplasma gondii dihydrofolate reductase";"B";"BAO_0000357";"single protein format";"Toxoplasma gondii";"None";"None";"None";"None";"";"";"";"CHEMBL2425";"Dihydrofolate reductase";"Toxoplasma gondii";"SINGLE PROTEIN";"CHEMBL1145190";"1";"Scientific Literature";"J Med Chem";"2005";"None";"";"";""
"CHEMBL334271";"";"None";"411.68";"0";"3.62";"8";"Cc1c(CN(C=O)c2cc(Cl)c(Cl)c(Cl)c2)cnc2nc(N)nc(N)c12";"IC50";"'='";"93.99";"nM";"7.03";"";"";"UO_0000065";"17.07";"0.37";"3.41";"6.33";"0";"CHEMBL830839";"Inhibition of Toxoplasma gondii dihydrofolate reductase";"B";"BAO_0000357";"single protein format";"Toxoplasma gondii";"None";"None";"None";"None";"";"";"";"CHEMBL2425";"Dihydrofolate reductase";"Toxoplasma gondii";"SINGLE PROTEIN";"CHEMBL1145190";"1";"Scientific Literature";"J Med Chem";"2005";"None";"";"";""
"CHEMBL608865";"";"None";"305.79";"0";"3.24";"70";"Cc1[nH]c2nc(N)nc(N)c2c1Sc1cccc(Cl)c1";"IC50";"'='";"76800.0";"nM";"4.12";"";"";"UO_0000065";"13.46";"0.28";"0.87";"4.40";"0";"CHEMBL1071424";"Inhibition of Toxoplasma gondii DHFR by spectrophotometric assay";"B";"BAO_0000357";"single protein format";"Toxoplasma gondii";"None";"None";"None";"None";"";"";"";"CHEMBL2425";"Dihydrofolate reductase";"Toxoplasma gondii";"SINGLE PROTEIN";"CHEMBL1156926";"1";"Scientific Literature";"Bioorg Med Chem";"2010";"None";"";"";""
"CHEMBL277438";"";"None";"324.17";"0";"3.31";"45";"Nc1nc(N)c2c(CNc3cc(Cl)ccc3Cl)coc2n1";"IC50";"'>'";"47000.0";"nM";"";"";"";"UO_0000065";"";"";"";"";"1";"CHEMBL1071424";"Inhibition of Toxoplasma gondii DHFR by spectrophotometric assay";"B";"BAO_0000357";"single protein format";"Toxoplasma gondii";"None";"None";"None";"None";"";"";"";"CHEMBL2425";"Dihydrofolate reductase";"Toxoplasma gondii";"SINGLE PROTEIN";"CHEMBL1156926";"1";"Scientific Literature";"Bioorg Med Chem";"2010";"None";"";"";""
"CHEMBL48648";"";"None";"308.39";"0";"2.61";"9";"Nc1nc(N)c2c(CNc3cccc4c3CCCC4)c[nH]c2n1";"IC50";"'='";"1096.48";"nM";"5.96";"";"";"UO_0000065";"19.33";"0.35";"3.35";"5.64";"0";"CHEMBL1071424";"Inhibition of Toxoplasma gondii DHFR by spectrophotometric assay";"B";"BAO_0000357";"single protein format";"Toxoplasma gondii";"None";"None";"None";"None";"";"";"";"CHEMBL2425";"Dihydrofolate reductase";"Toxoplasma gondii";"SINGLE PROTEIN";"CHEMBL1156926";"1";"Scientific Literature";"Bioorg Med Chem";"2010";"None";"";"";""
"CHEMBL105759";"";"None";"316.32";"0";"1.21";"20";"COc1ccc(-c2nc3c(N)nc(N)nc3[nH]2)c(OC)c1OC";"IC50";"'='";"1819.7";"nM";"5.74";"";"";"UO_0000065";"18.15";"0.34";"4.53";"4.28";"0";"CHEMBL1071424";"Inhibition of Toxoplasma gondii DHFR by spectrophotometric assay";"B";"BAO_0000357";"single protein format";"Toxoplasma gondii";"None";"None";"None";"None";"";"";"";"CHEMBL2425";"Dihydrofolate reductase";"Toxoplasma gondii";"SINGLE PROTEIN";"CHEMBL1156926";"1";"Scientific Literature";"Bioorg Med Chem";"2010";"None";"";"";""
"CHEMBL421594";"";"None";"286.30";"0";"1.20";"26";"COc1ccc(-c2nc3c(N)nc(N)nc3[nH]2)c(OC)c1";"IC50";"'='";"2398.83";"nM";"5.62";"";"";"UO_0000065";"19.63";"0.37";"4.42";"4.50";"0";"CHEMBL1071424";"Inhibition of Toxoplasma gondii DHFR by spectrophotometric assay";"B";"BAO_0000357";"single protein format";"Toxoplasma gondii";"None";"None";"None";"None";"";"";"";"CHEMBL2425";"Dihydrofolate reductase";"Toxoplasma gondii";"SINGLE PROTEIN";"CHEMBL1156926";"1";"Scientific Literature";"Bioorg Med Chem";"2010";"None";"";"";""
"CHEMBL597347";"";"None";"364.43";"0";"4.47";"56";"Nc1nc(N)c2c(CSc3ccccc3Oc3ccccc3)coc2n1";"IC50";"'='";"38000.0";"nM";"4.42";"";"";"UO_0000065";"12.13";"0.23";"-0.05";"4.41";"0";"CHEMBL1071424";"Inhibition of Toxoplasma gondii DHFR by spectrophotometric assay";"B";"BAO_0000357";"single protein format";"Toxoplasma gondii";"None";"None";"None";"None";"";"";"";"CHEMBL2425";"Dihydrofolate reductase";"Toxoplasma gondii";"SINGLE PROTEIN";"CHEMBL1156926";"1";"Scientific Literature";"Bioorg Med Chem";"2010";"None";"";"";""
"CHEMBL431257";"";"None";"316.32";"0";"1.21";"19";"COc1cc(-c2nc3c(N)nc(N)nc3[nH]2)cc(OC)c1OC";"IC50";"'='";"2200.0";"nM";"5.66";"";"";"UO_0000065";"17.89";"0.34";"4.45";"4.22";"1";"CHEMBL1071424";"Inhibition of Toxoplasma gondii DHFR by spectrophotometric assay";"B";"BAO_0000357";"single protein format";"Toxoplasma gondii";"None";"None";"None";"None";"";"";"";"CHEMBL2425";"Dihydrofolate reductase";"Toxoplasma gondii";"SINGLE PROTEIN";"CHEMBL1156926";"1";"Scientific Literature";"Bioorg Med Chem";"2010";"None";"";"";""
"CHEMBL607583";"";"None";"267.34";"0";"2.30";"80";"Nc1nc(N)c2c(CCCc3ccccc3)c[nH]c2n1";"IC50";"'='";"2691.53";"nM";"5.57";"";"";"UO_0000065";"20.83";"0.38";"3.27";"5.95";"0";"CHEMBL1071424";"Inhibition of Toxoplasma gondii DHFR by spectrophotometric assay";"B";"BAO_0000357";"single protein format";"Toxoplasma gondii";"None";"None";"None";"None";"";"";"";"CHEMBL2425";"Dihydrofolate reductase";"Toxoplasma gondii";"SINGLE PROTEIN";"CHEMBL1156926";"1";"Scientific Literature";"Bioorg Med Chem";"2010";"None";"";"";""
"CHEMBL368645";"";"None";"380.41";"0";"2.21";"128";"COc1cc(N2C=Cc3c(cnc4nc(N)nc(N)c34)C2)cc(OC)c1OC";"IC50";"'='";"759.98";"nM";"6.12";"";"";"UO_0000065";"16.09";"0.30";"3.91";"5.03";"0";"CHEMBL830839";"Inhibition of Toxoplasma gondii dihydrofolate reductase";"B";"BAO_0000357";"single protein format";"Toxoplasma gondii";"None";"None";"None";"None";"";"";"";"CHEMBL2425";"Dihydrofolate reductase";"Toxoplasma gondii";"SINGLE PROTEIN";"CHEMBL1145190";"1";"Scientific Literature";"J Med Chem";"2005";"None";"";"";""
"CHEMBL121348";"";"None";"333.44";"0";"3.04";"131";"CN(CC1CCc2nc(N)nc(N)c2C1)c1cccc2ccccc12";"IC50";"'='";"23.0";"nM";"7.64";"";"";"UO_0000065";"22.91";"0.42";"4.60";"9.42";"1";"CHEMBL830839";"Inhibition of Toxoplasma gondii dihydrofolate reductase";"B";"BAO_0000357";"single protein format";"Toxoplasma gondii";"None";"None";"None";"None";"";"";"";"CHEMBL2425";"Dihydrofolate reductase";"Toxoplasma gondii";"SINGLE PROTEIN";"CHEMBL1145190";"1";"Scientific Literature";"J Med Chem";"2005";"None";"";"";""
"CHEMBL264548";"";"None";"371.49";"0";"2.68";"138";"CCOc1ccc(OCC)c(N(C)CC2CCc3nc(N)nc(N)c3C2)c1";"IC50";"'='";"16.98";"nM";"7.77";"";"";"UO_0000065";"20.92";"0.39";"5.09";"7.81";"0";"CHEMBL830839";"Inhibition of Toxoplasma gondii dihydrofolate reductase";"B";"BAO_0000357";"single protein format";"Toxoplasma gondii";"None";"None";"None";"None";"";"";"";"CHEMBL2425";"Dihydrofolate reductase";"Toxoplasma gondii";"SINGLE PROTEIN";"CHEMBL1145190";"1";"Scientific Literature";"J Med Chem";"2005";"None";"";"";""
"CHEMBL120826";"";"None";"295.39";"0";"1.81";"143";"Nc1nc(N)c2c(n1)CCC(CN1CCc3ccccc31)C2";"IC50";"'='";"27.0";"nM";"7.57";"";"";"UO_0000065";"25.62";"0.47";"5.76";"9.34";"1";"CHEMBL828662";"Inhibition of Toxoplasma gondii dihydrofolate reductase";"B";"BAO_0000357";"single protein format";"Toxoplasma gondii";"None";"None";"None";"None";"";"";"";"CHEMBL2425";"Dihydrofolate reductase";"Toxoplasma gondii";"SINGLE PROTEIN";"CHEMBL1145190";"1";"Scientific Literature";"J Med Chem";"2005";"None";"";"";""
"CHEMBL121868";"";"None";"343.43";"0";"1.90";"145";"COc1ccc(OC)c(N(C)CC2CCc3nc(N)nc(N)c3C2)c1";"IC50";"'='";"15.0";"nM";"7.82";"";"";"UO_0000065";"22.78";"0.43";"5.92";"7.86";"1";"CHEMBL828662";"Inhibition of Toxoplasma gondii dihydrofolate reductase";"B";"BAO_0000357";"single protein format";"Toxoplasma gondii";"None";"None";"None";"None";"";"";"";"CHEMBL2425";"Dihydrofolate reductase";"Toxoplasma gondii";"SINGLE PROTEIN";"CHEMBL1145190";"1";"Scientific Literature";"J Med Chem";"2005";"None";"";"";""
"CHEMBL288350";"";"None";"358.44";"0";"2.82";"7";"COc1ccc(CCCCCCC(=O)O)cc1Cc1cnc(N)nc1N";"IC50";"'='";"30.0";"nM";"7.52";"";"";"UO_0000065";"20.99";"0.40";"4.70";"6.05";"0";"CHEMBL664919";"Inhibitory activity against Dihydrohydrofolate reductase(DHFR) of Toxoplasma gondii";"B";"BAO_0000357";"single protein format";"Toxoplasma gondii";"None";"None";"None";"None";"";"";"";"CHEMBL2425";"Dihydrofolate reductase";"Toxoplasma gondii";"SINGLE PROTEIN";"CHEMBL1136782";"1";"Scientific Literature";"J Med Chem";"2003";"None";"";"";""
"CHEMBL32190";"";"None";"370.41";"0";"1.85";"167";"COc1cc(CN(C)c2cnc3nc(N)nc(N)c3c2)cc(OC)c1OC";"IC50";"'='";"14.0";"nM";"7.85";"";"";"UO_0000065";"21.20";"0.40";"6.00";"6.46";"1";"CHEMBL830839";"Inhibition of Toxoplasma gondii dihydrofolate reductase";"B";"BAO_0000357";"single protein format";"Toxoplasma gondii";"None";"None";"None";"None";"";"";"";"CHEMBL2425";"Dihydrofolate reductase";"Toxoplasma gondii";"SINGLE PROTEIN";"CHEMBL1145190";"1";"Scientific Literature";"J Med Chem";"2005";"None";"";"";""
"CHEMBL50379";"";"None";"298.38";"0";"1.92";"39";"Nc1nc(N)c2nc(CCSc3ccccc3)cnc2n1";"IC50";"'='";"770.0";"nM";"6.11";"";"";"UO_0000065";"20.49";"0.40";"4.19";"5.90";"0";"CHEMBL664919";"Inhibitory activity against Dihydrohydrofolate reductase(DHFR) of Toxoplasma gondii";"B";"BAO_0000357";"single protein format";"Toxoplasma gondii";"None";"None";"None";"None";"";"";"";"CHEMBL2425";"Dihydrofolate reductase";"Toxoplasma gondii";"SINGLE PROTEIN";"CHEMBL1136782";"1";"Scientific Literature";"J Med Chem";"2003";"None";"";"";""
"CHEMBL6971";"";"None";"323.23";"0";"3.30";"5m";"Nc1nc(N)c2c(n1)CCC(Cc1ccc(Cl)c(Cl)c1)C2";"IC50";"'='";"2600.0";"nM";"5.58";"";"";"UO_0000065";"17.28";"0.36";"2.29";"7.18";"0";"CHEMBL665602";"The ability to inhibit Toxoplasma gondii Dihydrofolate reductase was tested";"B";"BAO_0000357";"single protein format";"Toxoplasma gondii";"None";"None";"None";"None";"";"";"";"CHEMBL2425";"Dihydrofolate reductase";"Toxoplasma gondii";"SINGLE PROTEIN";"CHEMBL1132605";"1";"Scientific Literature";"J Med Chem";"1999";"None";"";"";""
"CHEMBL142176";"";"None";"306.78";"0";"3.36";"8";"Cc1[nH]c2nc(N)nc(O)c2c1Sc1ccc(Cl)cc1";"IC50";"'='";"3100.0";"nM";"5.51";"";"";"UO_0000065";"17.96";"0.38";"2.15";"6.27";"0";"CHEMBL662240";"The inhibitory concentration of compound against Dihydrofolate reductases on Toxoplasma gondii";"B";"BAO_0000357";"single protein format";"Toxoplasma gondii";"None";"None";"None";"None";"";"";"";"CHEMBL2425";"Dihydrofolate reductase";"Toxoplasma gondii";"SINGLE PROTEIN";"CHEMBL1129396";"1";"Scientific Literature";"J Med Chem";"1996";"None";"";"";""
"CHEMBL22";"TRIMETHOPRIM";"4.0";"290.32";"0";"1.26";"Trimethoprim";"COc1cc(Cc2cnc(N)nc2N)cc(OC)c1OC";"IC50";"'='";"2700.0";"nM";"5.57";"";"";"UO_0000065";"19.18";"0.36";"4.31";"5.28";"1";"CHEMBL665702";"Inhibitory activity against Toxoplasma gondii dihydrofolate reductase.";"B";"BAO_0000357";"single protein format";"Toxoplasma gondii";"None";"None";"None";"None";"";"";"";"CHEMBL2425";"Dihydrofolate reductase";"Toxoplasma gondii";"SINGLE PROTEIN";"CHEMBL1129583";"1";"Scientific Literature";"J Med Chem";"1996";"None";"";"";""
"CHEMBL415962";"";"None";"310.36";"0";"1.83";"11";"COc1ccc(N(C)Cc2ccc3nc(N)nc(N)c3n2)cc1";"IC50";"'='";"16.0";"nM";"7.80";"";"";"UO_0000065";"25.12";"0.46";"5.97";"7.56";"0";"CHEMBL665702";"Inhibitory activity against Toxoplasma gondii dihydrofolate reductase.";"B";"BAO_0000357";"single protein format";"Toxoplasma gondii";"None";"None";"None";"None";"";"";"";"CHEMBL2425";"Dihydrofolate reductase";"Toxoplasma gondii";"SINGLE PROTEIN";"CHEMBL1129583";"1";"Scientific Literature";"J Med Chem";"1996";"None";"";"";""
"CHEMBL264386";"";"None";"324.39";"0";"2.14";"14";"COc1ccc(N(C)Cc2cnc3nc(N)nc(N)c3c2C)cc1";"IC50";"'='";"7.3";"nM";"8.14";"";"";"UO_0000065";"25.08";"0.46";"6.00";"7.89";"0";"CHEMBL665700";"Inhibition of dihydrofolate reductase (DHFR) from Toxoplasma gondii(tg)";"B";"BAO_0000357";"single protein format";"Toxoplasma gondii";"None";"None";"None";"None";"";"";"";"CHEMBL2425";"Dihydrofolate reductase";"Toxoplasma gondii";"SINGLE PROTEIN";"CHEMBL1132261";"1";"Scientific Literature";"J Med Chem";"1999";"None";"";"";""
"CHEMBL3958219";"";"None";"388.48";"0";"2.58";"6";"Cc1nc(N)nc(N)c1C(=O)N1CCN(c2cccc(-c3ccccc3)c2)CC1";"IC50";"'='";"2400.0";"nM";"5.62";"";"";"UO_0000065";"14.47";"0.26";"3.04";"5.54";"0";"CHEMBL3867372";"Inhibition of Toxoplasma gondii TS-DHFR expressed in Escherichia coli BL21 preincubated for 15 mins followed by addition of DHF as substrate and NADPH measured after 60 mins by resazurin/diaphorase coupled assay";"B";"BAO_0000366";"cell-free format";"Toxoplasma gondii";"CHEMBL3559721";"Plasma";"None";"None";"";"";"";"CHEMBL2425";"Dihydrofolate reductase";"Toxoplasma gondii";"SINGLE PROTEIN";"CHEMBL3865850";"1";"Scientific Literature";"ACS Med Chem Lett";"2016";"None";"";"";""
"CHEMBL88555";"";"None";"389.84";"0";"3.09";"29";"COc1cc(NCc2ccc3nc(N)nc(N)c3c2Cl)cc(OC)c1OC";"IC50";"'='";"5.2";"nM";"8.28";"";"";"UO_0000065";"21.25";"0.42";"5.19";"7.05";"1";"CHEMBL664909";"Concentration inhibiting Toxoplasma gondii dihydrofolate reductase";"B";"BAO_0000357";"single protein format";"Toxoplasma gondii";"None";"None";"None";"None";"";"";"";"CHEMBL2425";"Dihydrofolate reductase";"Toxoplasma gondii";"SINGLE PROTEIN";"CHEMBL1128717";"1";"Scientific Literature";"J Med Chem";"1995";"None";"";"";""
"CHEMBL7492";"PIRITREXIM";"2.0";"325.37";"0";"2.11";"Piritrexim";"COc1ccc(OC)c(Cc2cnc3nc(N)nc(N)c3c2C)c1";"IC50";"'='";"17.0";"nM";"7.77";"";"";"UO_0000065";"23.88";"0.44";"5.66";"7.12";"1";"CHEMBL665590";"Inhibitory activity against Toxoplasma gondii dihydrofolate reductase";"B";"BAO_0000357";"single protein format";"Toxoplasma gondii";"None";"None";"None";"None";"";"";"";"CHEMBL2425";"Dihydrofolate reductase";"Toxoplasma gondii";"SINGLE PROTEIN";"CHEMBL1129525";"1";"Scientific Literature";"J Med Chem";"1996";"None";"";"";""
"CHEMBL22672";"";"None";"301.74";"0";"1.85";"12k";"Nc1nc(N)c2nc(CNc3ccc(Cl)cc3)cnc2n1";"IC50";"'='";"590.0";"nM";"6.23";"";"";"UO_0000065";"20.64";"0.41";"4.38";"5.39";"0";"CHEMBL665590";"Inhibitory activity against Toxoplasma gondii dihydrofolate reductase";"B";"BAO_0000357";"single protein format";"Toxoplasma gondii";"None";"None";"None";"None";"";"";"";"CHEMBL2425";"Dihydrofolate reductase";"Toxoplasma gondii";"SINGLE PROTEIN";"CHEMBL1129525";"1";"Scientific Literature";"J Med Chem";"1996";"None";"";"";""
"CHEMBL314001";"";"None";"528.01";"1";"4.61";"10f";"CCc1nc(N)nc(N)c1-c1ccc(Cl)c(/N=N/N(CCOC(C)=O)Cc2cc(OC)cc(OC)c2)c1";"IC50";"'='";"378.0";"nM";"6.42";"";"";"UO_0000065";"12.16";"0.24";"1.81";"4.27";"0";"CHEMBL664922";"Inhibitory activity against dihydrofolate reductase DHFR in Toxoplasma gondii.";"B";"BAO_0000357";"single protein format";"Toxoplasma gondii";"None";"None";"None";"None";"";"";"";"CHEMBL2425";"Dihydrofolate reductase";"Toxoplasma gondii";"SINGLE PROTEIN";"CHEMBL1134547";"1";"Scientific Literature";"J Med Chem";"2001";"None";"";"";""
"CHEMBL54399";"";"None";"314.78";"0";"2.48";"9";"CN(Cc1ccc2nc(N)nc(N)c2n1)c1cccc(Cl)c1";"IC50";"'='";"20.0";"nM";"7.70";"";"";"UO_0000065";"24.46";"0.48";"5.22";"8.19";"0";"CHEMBL664909";"Concentration inhibiting Toxoplasma gondii dihydrofolate reductase";"B";"BAO_0000357";"single protein format";"Toxoplasma gondii";"None";"None";"None";"None";"";"";"";"CHEMBL2425";"Dihydrofolate reductase";"Toxoplasma gondii";"SINGLE PROTEIN";"CHEMBL1128717";"1";"Scientific Literature";"J Med Chem";"1995";"None";"";"";""
"CHEMBL34293";"";"None";"374.40";"0";"2.34";"5";"COc1ccc(C#Cc2ccc(C(=O)O)cc2)cc1Cc1cnc(N)nc1N";"IC50";"'='";"340.0";"nM";"6.47";"";"";"UO_0000065";"17.28";"0.32";"4.13";"5.20";"1";"CHEMBL665596";"Inhibitory concentration against Toxoplasma gondii dihydrofolate reductase";"B";"BAO_0000357";"single protein format";"Toxoplasma gondii";"None";"None";"None";"None";"";"";"";"CHEMBL2425";"Dihydrofolate reductase";"Toxoplasma gondii";"SINGLE PROTEIN";"CHEMBL1147507";"1";"Scientific Literature";"Bioorg Med Chem Lett";"2004";"None";"";"";""
"CHEMBL596741";"";"None";"299.40";"0";"3.20";"91";"Cc1cccc(C)c1Sc1[nH]c2nc(N)nc(N)c2c1C";"IC50";"'='";"5.11";"nM";"8.29";"";"";"UO_0000065";"27.69";"0.54";"5.09";"8.86";"0";"CHEMBL1071426";"Inhibition of Toxoplasma gondii DHFR using dihydrofolic acid substrate and NADPH cofactor by spectrophotometric assay";"B";"BAO_0000357";"single protein format";"Toxoplasma gondii";"None";"None";"None";"None";"";"";"";"CHEMBL2425";"Dihydrofolate reductase";"Toxoplasma gondii";"SINGLE PROTEIN";"CHEMBL1156926";"1";"Scientific Literature";"Bioorg Med Chem";"2010";"None";"";"";""
"CHEMBL597770";"";"None";"374.68";"0";"4.54";"93";"Cc1c(Sc2cc(Cl)c(Cl)cc2Cl)[nH]c2nc(N)nc(N)c12";"IC50";"'='";"212.0";"nM";"6.67";"";"";"UO_0000065";"17.81";"0.41";"2.13";"7.13";"0";"CHEMBL1071426";"Inhibition of Toxoplasma gondii DHFR using dihydrofolic acid substrate and NADPH cofactor by spectrophotometric assay";"B";"BAO_0000357";"single protein format";"Toxoplasma gondii";"None";"None";"None";"None";"";"";"";"CHEMBL2425";"Dihydrofolate reductase";"Toxoplasma gondii";"SINGLE PROTEIN";"CHEMBL1156926";"1";"Scientific Literature";"Bioorg Med Chem";"2010";"None";"";"";""
"CHEMBL597962";"";"None";"321.43";"0";"3.18";"79";"Nc1nc(N)c2c(CCCc3ccc4c(c3)CCCC4)c[nH]c2n1";"IC50";"'='";"1010.0";"nM";"6.00";"";"";"UO_0000065";"18.65";"0.34";"2.82";"6.40";"0";"CHEMBL1071424";"Inhibition of Toxoplasma gondii DHFR by spectrophotometric assay";"B";"BAO_0000357";"single protein format";"Toxoplasma gondii";"None";"None";"None";"None";"";"";"";"CHEMBL2425";"Dihydrofolate reductase";"Toxoplasma gondii";"SINGLE PROTEIN";"CHEMBL1156926";"1";"Scientific Literature";"Bioorg Med Chem";"2010";"None";"";"";""
"CHEMBL17323";"";"None";"314.35";"0";"1.75";"6";"COc1ccc(OC)c(NCc2c[nH]c3nc(N)nc(N)c23)c1";"IC50";"'='";"1700.0";"nM";"5.77";"";"";"UO_0000065";"18.35";"0.34";"4.02";"4.65";"1";"CHEMBL1071424";"Inhibition of Toxoplasma gondii DHFR by spectrophotometric assay";"B";"BAO_0000357";"single protein format";"Toxoplasma gondii";"None";"None";"None";"None";"";"";"";"CHEMBL2425";"Dihydrofolate reductase";"Toxoplasma gondii";"SINGLE PROTEIN";"CHEMBL1156926";"1";"Scientific Literature";"Bioorg Med Chem";"2010";"None";"";"";""
"CHEMBL349149";"";"None";"324.38";"0";"2.60";"10";"COc1ccc(OC)c(CCc2cccc3nc(N)nc(N)c23)c1";"IC50";"'='";"5900.0";"nM";"5.23";"";"";"UO_0000065";"16.12";"0.30";"2.63";"5.43";"0";"CHEMBL665589";"Inhibitory activity against Toxoplasma gondii Dihydrofolate reductase";"B";"BAO_0000357";"single protein format";"Toxoplasma gondii";"None";"None";"None";"None";"";"";"";"CHEMBL2425";"Dihydrofolate reductase";"Toxoplasma gondii";"SINGLE PROTEIN";"CHEMBL1128249";"1";"Scientific Literature";"J Med Chem";"1995";"None";"";"";""
"CHEMBL477151";"";"None";"368.29";"0";"4.70";"27";"CC(C)c1c(Sc2ccc(Cl)c(Cl)c2)[nH]c2nc(N)nc(N)c12";"IC50";"'>'";"2300.0";"nM";"";"";"";"UO_0000065";"";"";"";"";"0";"CHEMBL983744";"Inhibition of Toxoplasma gondii thymidylate synthase";"B";"BAO_0000357";"single protein format";"Toxoplasma gondii";"None";"None";"None";"None";"";"";"";"CHEMBL2425";"Dihydrofolate reductase";"Toxoplasma gondii";"SINGLE PROTEIN";"CHEMBL1155823";"1";"Scientific Literature";"J Med Chem";"2008";"None";"";"";""
"CHEMBL478192";"";"None";"327.46";"0";"4.01";"20";"Cc1cccc(C)c1Sc1[nH]c2nc(N)nc(N)c2c1C(C)C";"IC50";"'>'";"13000.0";"nM";"";"";"";"UO_0000065";"";"";"";"";"0";"CHEMBL983744";"Inhibition of Toxoplasma gondii thymidylate synthase";"B";"BAO_0000357";"single protein format";"Toxoplasma gondii";"None";"None";"None";"None";"";"";"";"CHEMBL2425";"Dihydrofolate reductase";"Toxoplasma gondii";"SINGLE PROTEIN";"CHEMBL1155823";"1";"Scientific Literature";"J Med Chem";"2008";"None";"";"";""
"CHEMBL515312";"";"None";"349.46";"0";"4.38";"17";"CCCc1c(Sc2cccc3ccccc23)[nH]c2nc(N)nc(N)c12";"IC50";"'>'";"12000.0";"nM";"";"";"";"UO_0000065";"";"";"";"";"0";"CHEMBL983744";"Inhibition of Toxoplasma gondii thymidylate synthase";"B";"BAO_0000357";"single protein format";"Toxoplasma gondii";"None";"None";"None";"None";"";"";"";"CHEMBL2425";"Dihydrofolate reductase";"Toxoplasma gondii";"SINGLE PROTEIN";"CHEMBL1155823";"1";"Scientific Literature";"J Med Chem";"2008";"None";"";"";""
"CHEMBL36";"PYRIMETHAMINE";"4.0";"248.72";"0";"2.52";"4 (Pyrimethamine)";"CCc1nc(N)nc(N)c1-c1ccc(Cl)cc1";"IC50";"'='";"80.0";"nM";"7.10";"";"";"UO_0000065";"28.53";"0.57";"4.58";"9.12";"0";"CHEMBL983765";"Inhibition of Toxoplasma gondii dihydrofolate reductase";"B";"BAO_0000357";"single protein format";"Toxoplasma gondii";"None";"None";"None";"None";"";"";"";"CHEMBL2425";"Dihydrofolate reductase";"Toxoplasma gondii";"SINGLE PROTEIN";"CHEMBL1155823";"1";"Scientific Literature";"J Med Chem";"2008";"None";"";"";""
"CHEMBL516128";"";"None";"359.46";"0";"3.41";"23";"COc1ccc(OC)c(Sc2[nH]c3nc(N)nc(N)c3c2C(C)C)c1";"IC50";"'='";"1400.0";"nM";"5.85";"";"";"UO_0000065";"16.29";"0.32";"2.44";"5.22";"0";"CHEMBL983765";"Inhibition of Toxoplasma gondii dihydrofolate reductase";"B";"BAO_0000357";"single protein format";"Toxoplasma gondii";"None";"None";"None";"None";"";"";"";"CHEMBL2425";"Dihydrofolate reductase";"Toxoplasma gondii";"SINGLE PROTEIN";"CHEMBL1155823";"1";"Scientific Literature";"J Med Chem";"2008";"None";"";"";""
"CHEMBL478403";"";"None";"299.40";"0";"3.40";"21";"CC(C)c1c(Sc2ccccc2)[nH]c2nc(N)nc(N)c12";"IC50";"'='";"64.0";"nM";"7.19";"";"";"UO_0000065";"24.03";"0.47";"3.79";"7.68";"0";"CHEMBL983765";"Inhibition of Toxoplasma gondii dihydrofolate reductase";"B";"BAO_0000357";"single protein format";"Toxoplasma gondii";"None";"None";"None";"None";"";"";"";"CHEMBL2425";"Dihydrofolate reductase";"Toxoplasma gondii";"SINGLE PROTEIN";"CHEMBL1155823";"1";"Scientific Literature";"J Med Chem";"2008";"None";"";"";""
"CHEMBL515312";"";"None";"349.46";"0";"4.38";"17";"CCCc1c(Sc2cccc3ccccc23)[nH]c2nc(N)nc(N)c12";"IC50";"'='";"58.0";"nM";"7.24";"";"";"UO_0000065";"20.71";"0.40";"2.86";"7.73";"0";"CHEMBL983765";"Inhibition of Toxoplasma gondii dihydrofolate reductase";"B";"BAO_0000357";"single protein format";"Toxoplasma gondii";"None";"None";"None";"None";"";"";"";"CHEMBL2425";"Dihydrofolate reductase";"Toxoplasma gondii";"SINGLE PROTEIN";"CHEMBL1155823";"1";"Scientific Literature";"J Med Chem";"2008";"None";"";"";""
"CHEMBL477789";"";"None";"327.46";"0";"3.84";"12";"CCCc1c(Sc2c(C)cccc2C)[nH]c2nc(N)nc(N)c12";"IC50";"";"";"";"";"";"Not Determined";"";"";"";"";"";"0";"CHEMBL983765";"Inhibition of Toxoplasma gondii dihydrofolate reductase";"B";"BAO_0000357";"single protein format";"Toxoplasma gondii";"None";"None";"None";"None";"";"";"";"CHEMBL2425";"Dihydrofolate reductase";"Toxoplasma gondii";"SINGLE PROTEIN";"CHEMBL1155823";"1";"Scientific Literature";"J Med Chem";"2008";"None";"";"";""
"CHEMBL478403";"";"None";"299.40";"0";"3.40";"21";"CC(C)c1c(Sc2ccccc2)[nH]c2nc(N)nc(N)c12";"Inhibition";"'='";"0.0";"%";"";"";"";"UO_0000187";"";"";"";"";"0";"CHEMBL983753";"Inhibition of Toxoplasma gondii thymidylate synthase at >2.7 uM";"B";"BAO_0000357";"single protein format";"Toxoplasma gondii";"None";"None";"None";"None";"";"";"";"CHEMBL2425";"Dihydrofolate reductase";"Toxoplasma gondii";"SINGLE PROTEIN";"CHEMBL1155823";"1";"Scientific Literature";"J Med Chem";"2008";"None";"";"";""
"CHEMBL478404";"";"None";"329.43";"0";"3.41";"22";"COc1ccc(Sc2[nH]c3nc(N)nc(N)c3c2C(C)C)cc1";"Inhibition";"'='";"0.0";"%";"";"";"";"UO_0000187";"";"";"";"";"0";"CHEMBL983754";"Inhibition of Toxoplasma gondii thymidylate synthase at >2.5 uM";"B";"BAO_0000357";"single protein format";"Toxoplasma gondii";"None";"None";"None";"None";"";"";"";"CHEMBL2425";"Dihydrofolate reductase";"Toxoplasma gondii";"SINGLE PROTEIN";"CHEMBL1155823";"1";"Scientific Literature";"J Med Chem";"2008";"None";"";"";""
"CHEMBL267207";"";"None";"260.37";"0";"2.05";"10";"Nc1nc(N)c2c(n1)CCC(Cc1cccs1)C2";"IC50";"'='";"62.0";"nM";"7.21";"";"";"UO_0000065";"27.68";"0.55";"5.16";"9.26";"0";"CHEMBL665602";"The ability to inhibit Toxoplasma gondii Dihydrofolate reductase was tested";"B";"BAO_0000357";"single protein format";"Toxoplasma gondii";"None";"None";"None";"None";"";"";"";"CHEMBL2425";"Dihydrofolate reductase";"Toxoplasma gondii";"SINGLE PROTEIN";"CHEMBL1132605";"1";"Scientific Literature";"J Med Chem";"1999";"None";"";"";""
"CHEMBL22677";"";"None";"331.83";"0";"3.44";"13j";"Cc1c(CSc2ccc(Cl)cc2)cnc2nc(N)nc(N)c12";"IC50";"'='";"90.0";"nM";"7.05";"";"";"UO_0000065";"21.23";"0.44";"3.61";"7.77";"0";"CHEMBL665590";"Inhibitory activity against Toxoplasma gondii dihydrofolate reductase";"B";"BAO_0000357";"single protein format";"Toxoplasma gondii";"None";"None";"None";"None";"";"";"";"CHEMBL2425";"Dihydrofolate reductase";"Toxoplasma gondii";"SINGLE PROTEIN";"CHEMBL1129525";"1";"Scientific Literature";"J Med Chem";"1996";"None";"";"";""
"CHEMBL310807";"";"None";"354.37";"0";"2.17";"7a";"COc1ccc(C(=O)OCc2ccc3nc(N)nc(N)c3c2)cc1OC";"IC50";"'='";"66.0";"nM";"7.18";"";"";"UO_0000065";"20.26";"0.38";"5.01";"5.86";"0";"CHEMBL665597";"Inhibitory concentration against dihydrofolate reductase DHFR from Toxoplasma gondii";"B";"BAO_0000357";"single protein format";"Toxoplasma gondii";"None";"None";"None";"None";"";"";"";"CHEMBL2425";"Dihydrofolate reductase";"Toxoplasma gondii";"SINGLE PROTEIN";"CHEMBL1134533";"1";"Scientific Literature";"J Med Chem";"2001";"None";"";"";""
"CHEMBL22477";"";"None";"306.32";"0";"3.12";"8";"Nc1nc(N)c2c(COc3ccc4ccccc4c3)coc2n1";"IC50";"'>'";"42000.0";"nM";"";"";"";"UO_0000065";"";"";"";"";"0";"CHEMBL664908";"Inhibitory activity against dihydrofolate reductase from Toxoplasma gondii";"B";"BAO_0000357";"single protein format";"Toxoplasma gondii";"None";"None";"None";"None";"";"";"";"CHEMBL2425";"Dihydrofolate reductase";"Toxoplasma gondii";"SINGLE PROTEIN";"CHEMBL1131327";"1";"Scientific Literature";"J Med Chem";"1998";"None";"";"";""
"CHEMBL23867";"";"None";"330.39";"0";"3.26";"5a";"Cc1c(CNc2cccc3ccccc23)cnc2nc(N)nc(N)c12";"IC50";"'='";"14.5";"nM";"7.84";"";"";"UO_0000065";"23.73";"0.43";"4.58";"7.63";"0";"CHEMBL664916";"Inhibitory activity against Dihydrofolate reductase from Toxoplasma gondii";"B";"BAO_0000357";"single protein format";"Toxoplasma gondii";"None";"None";"None";"None";"";"";"";"CHEMBL2425";"Dihydrofolate reductase";"Toxoplasma gondii";"SINGLE PROTEIN";"CHEMBL1128680";"1";"Scientific Literature";"J Med Chem";"1995";"None";"";"";""
"CHEMBL294131";"";"None";"315.33";"0";"1.88";"9";"COc1ccc(NCc2c[nH]c3nc(N)nc(O)c23)c(OC)c1";"IC50";"'='";"7100.0";"nM";"5.15";"";"";"UO_0000065";"16.33";"0.31";"3.27";"4.35";"0";"CHEMBL664920";"Inhibitory activity against Toxoplasma gondii dihydrofolate reductase";"B";"BAO_0000357";"single protein format";"Toxoplasma gondii";"None";"None";"None";"None";"";"";"";"CHEMBL2425";"Dihydrofolate reductase";"Toxoplasma gondii";"SINGLE PROTEIN";"CHEMBL1134503";"1";"Scientific Literature";"J Med Chem";"2001";"None";"";"";""
"CHEMBL119";"TRIMETREXATE";"4.0";"369.43";"0";"2.74";"TMQ";"COc1cc(NCc2ccc3nc(N)nc(N)c3c2C)cc(OC)c1OC";"IC50";"'='";"10.0";"nM";"8.00";"";"";"UO_0000065";"21.65";"0.40";"5.26";"6.81";"1";"CHEMBL668092";"Inhibitory concentration against Dihydrofolate reductase from Toxoplasma gondii (Toxoplasma gondii)";"B";"BAO_0000357";"single protein format";"Toxoplasma gondii";"None";"None";"None";"None";"";"";"";"CHEMBL2425";"Dihydrofolate reductase";"Toxoplasma gondii";"SINGLE PROTEIN";"CHEMBL1148359";"1";"Scientific Literature";"J Med Chem";"2004";"None";"";"";""
"CHEMBL23286";"";"None";"344.40";"0";"1.89";"12h";"COc1ccc(SCc2cnc3nc(N)nc(N)c3n2)cc1OC";"IC50";"'='";"23200.0";"nM";"4.63";"";"";"UO_0000065";"13.46";"0.26";"2.74";"3.80";"0";"CHEMBL665590";"Inhibitory activity against Toxoplasma gondii dihydrofolate reductase";"B";"BAO_0000357";"single protein format";"Toxoplasma gondii";"None";"None";"None";"None";"";"";"";"CHEMBL2425";"Dihydrofolate reductase";"Toxoplasma gondii";"SINGLE PROTEIN";"CHEMBL1129525";"1";"Scientific Literature";"J Med Chem";"1996";"None";"";"";""
"CHEMBL23288";"";"None";"356.39";"0";"1.83";"15c";"COc1cc(NCc2cnc3nc(N)nc(N)c3c2)cc(OC)c1OC";"IC50";"'='";"130.0";"nM";"6.89";"";"";"UO_0000065";"19.32";"0.36";"5.06";"5.28";"0";"CHEMBL665590";"Inhibitory activity against Toxoplasma gondii dihydrofolate reductase";"B";"BAO_0000357";"single protein format";"Toxoplasma gondii";"None";"None";"None";"None";"";"";"";"CHEMBL2425";"Dihydrofolate reductase";"Toxoplasma gondii";"SINGLE PROTEIN";"CHEMBL1129525";"1";"Scientific Literature";"J Med Chem";"1996";"None";"";"";""
"CHEMBL52688";"";"None";"370.41";"0";"1.85";"29a";"COc1cc(N(C)Cc2ccc3nc(N)nc(N)c3n2)cc(OC)c1OC";"IC50";"'='";"4.7";"nM";"8.33";"";"";"UO_0000065";"22.48";"0.42";"6.48";"6.85";"1";"CHEMBL665702";"Inhibitory activity against Toxoplasma gondii dihydrofolate reductase.";"B";"BAO_0000357";"single protein format";"Toxoplasma gondii";"None";"None";"None";"None";"";"";"";"CHEMBL2425";"Dihydrofolate reductase";"Toxoplasma gondii";"SINGLE PROTEIN";"CHEMBL1129583";"1";"Scientific Literature";"J Med Chem";"1996";"None";"";"";""
"CHEMBL281131";"";"None";"324.39";"0";"2.43";"13m";"COc1cccc(C)c1NCc1cnc2nc(N)nc(N)c2c1C";"IC50";"'='";"100.0";"nM";"7.00";"";"";"UO_0000065";"21.58";"0.40";"4.57";"6.25";"0";"CHEMBL665590";"Inhibitory activity against Toxoplasma gondii dihydrofolate reductase";"B";"BAO_0000357";"single protein format";"Toxoplasma gondii";"None";"None";"None";"None";"";"";"";"CHEMBL2425";"Dihydrofolate reductase";"Toxoplasma gondii";"SINGLE PROTEIN";"CHEMBL1129525";"1";"Scientific Literature";"J Med Chem";"1996";"None";"";"";""
"CHEMBL119";"TRIMETREXATE";"4.0";"369.43";"0";"2.74";"Trimetrexate";"COc1cc(NCc2ccc3nc(N)nc(N)c3c2C)cc(OC)c1OC";"IC50";"'='";"6800.0";"nM";"5.17";"";"";"UO_0000065";"13.99";"0.26";"2.43";"4.40";"0";"CHEMBL665585";"Inhibition of recombinant Dihydrofolate reductase from Toxoplasma gondii (tgDHFR)";"B";"BAO_0000357";"single protein format";"Toxoplasma gondii";"None";"None";"None";"None";"";"";"";"CHEMBL2425";"Dihydrofolate reductase";"Toxoplasma gondii";"SINGLE PROTEIN";"CHEMBL1131583";"1";"Scientific Literature";"J Med Chem";"1998";"None";"";"";""
"CHEMBL23244";"";"None";"357.44";"0";"2.81";"13h";"COc1ccc(SCc2cnc3nc(N)nc(N)c3c2C)cc1OC";"IC50";"'='";"30.0";"nM";"7.52";"";"";"UO_0000065";"21.05";"0.41";"4.71";"6.89";"0";"CHEMBL665590";"Inhibitory activity against Toxoplasma gondii dihydrofolate reductase";"B";"BAO_0000357";"single protein format";"Toxoplasma gondii";"None";"None";"None";"None";"";"";"";"CHEMBL2425";"Dihydrofolate reductase";"Toxoplasma gondii";"SINGLE PROTEIN";"CHEMBL1129525";"1";"Scientific Literature";"J Med Chem";"1996";"None";"";"";""
"CHEMBL23211";"";"None";"315.38";"0";"3.56";"16a";"Nc1nc(N)c2cc(CNc3cccc4ccccc34)ccc2n1";"IC50";"'='";"27.0";"nM";"7.57";"";"";"UO_0000065";"24.00";"0.43";"4.01";"8.42";"0";"CHEMBL665590";"Inhibitory activity against Toxoplasma gondii dihydrofolate reductase";"B";"BAO_0000357";"single protein format";"Toxoplasma gondii";"None";"None";"None";"None";"";"";"";"CHEMBL2425";"Dihydrofolate reductase";"Toxoplasma gondii";"SINGLE PROTEIN";"CHEMBL1129525";"1";"Scientific Literature";"J Med Chem";"1996";"None";"";"";""
"CHEMBL23092";"";"None";"299.76";"0";"3.06";"16b";"Nc1nc(N)c2cc(CNc3ccc(Cl)cc3)ccc2n1";"IC50";"'='";"75.0";"nM";"7.12";"";"";"UO_0000065";"23.77";"0.46";"4.06";"7.93";"0";"CHEMBL665590";"Inhibitory activity against Toxoplasma gondii dihydrofolate reductase";"B";"BAO_0000357";"single protein format";"Toxoplasma gondii";"None";"None";"None";"None";"";"";"";"CHEMBL2425";"Dihydrofolate reductase";"Toxoplasma gondii";"SINGLE PROTEIN";"CHEMBL1129525";"1";"Scientific Literature";"J Med Chem";"1996";"None";"";"";""
"CHEMBL80935";"";"None";"295.30";"0";"1.55";"2b";"Nc1nc(N)c2cc(COC(=O)c3ccccc3)cnc2n1";"IC50";"'='";"1900.0";"nM";"5.72";"";"";"UO_0000065";"19.37";"0.36";"4.17";"4.89";"0";"CHEMBL665597";"Inhibitory concentration against dihydrofolate reductase DHFR from Toxoplasma gondii";"B";"BAO_0000357";"single protein format";"Toxoplasma gondii";"None";"None";"None";"None";"";"";"";"CHEMBL2425";"Dihydrofolate reductase";"Toxoplasma gondii";"SINGLE PROTEIN";"CHEMBL1134533";"1";"Scientific Literature";"J Med Chem";"2001";"None";"";"";""
"CHEMBL279679";"";"None";"368.44";"0";"2.91";"2e";"CCOc1ccc(OCC)c(NCc2cnc3nc(N)nc(N)c3c2C)c1";"IC50";"'='";"17.0";"nM";"7.77";"";"";"UO_0000065";"21.09";"0.39";"4.86";"6.41";"0";"CHEMBL664916";"Inhibitory activity against Dihydrofolate reductase from Toxoplasma gondii";"B";"BAO_0000357";"single protein format";"Toxoplasma gondii";"None";"None";"None";"None";"";"";"";"CHEMBL2425";"Dihydrofolate reductase";"Toxoplasma gondii";"SINGLE PROTEIN";"CHEMBL1128680";"1";"Scientific Literature";"J Med Chem";"1995";"None";"";"";""
"CHEMBL119";"TRIMETREXATE";"4.0";"369.43";"0";"2.74";"TMQ";"COc1cc(NCc2ccc3nc(N)nc(N)c3c2C)cc(OC)c1OC";"IC50";"'='";"10.0";"nM";"8.00";"";"";"UO_0000065";"21.65";"0.40";"5.26";"6.81";"1";"CHEMBL664916";"Inhibitory activity against Dihydrofolate reductase from Toxoplasma gondii";"B";"BAO_0000357";"single protein format";"Toxoplasma gondii";"None";"None";"None";"None";"";"";"";"CHEMBL2425";"Dihydrofolate reductase";"Toxoplasma gondii";"SINGLE PROTEIN";"CHEMBL1128680";"1";"Scientific Literature";"J Med Chem";"1995";"None";"";"";""
"CHEMBL86085";"";"None";"439.95";"0";"4.41";"12b";"CCc1nc(N)nc(N)c1-c1ccc(Cl)c(/N=N/N(CCCO)Cc2ccccc2)c1";"IC50";"'='";"2010.0";"nM";"5.70";"";"";"UO_0000065";"12.95";"0.25";"1.29";"4.52";"0";"CHEMBL664922";"Inhibitory activity against dihydrofolate reductase DHFR in Toxoplasma gondii.";"B";"BAO_0000357";"single protein format";"Toxoplasma gondii";"None";"None";"None";"None";"";"";"";"CHEMBL2425";"Dihydrofolate reductase";"Toxoplasma gondii";"SINGLE PROTEIN";"CHEMBL1134547";"1";"Scientific Literature";"J Med Chem";"2001";"None";"";"";""
"CHEMBL51706";"";"None";"369.64";"0";"3.76";"32";"Nc1nc(N)c2nc(CNc3c(Cl)cc(Cl)cc3Cl)ccc2n1";"IC50";"'='";"46.0";"nM";"7.34";"";"";"UO_0000065";"19.85";"0.44";"3.58";"7.14";"0";"CHEMBL665702";"Inhibitory activity against Toxoplasma gondii dihydrofolate reductase.";"B";"BAO_0000357";"single protein format";"Toxoplasma gondii";"None";"None";"None";"None";"";"";"";"CHEMBL2425";"Dihydrofolate reductase";"Toxoplasma gondii";"SINGLE PROTEIN";"CHEMBL1129583";"1";"Scientific Literature";"J Med Chem";"1996";"None";"";"";""
"CHEMBL285279";"";"None";"330.39";"0";"2.04";"5";"COc1ccc(CCCCC(=O)O)cc1Cc1cnc(N)nc1N";"IC50";"'='";"58.0";"nM";"7.24";"";"";"UO_0000065";"21.90";"0.41";"5.20";"5.82";"0";"CHEMBL664919";"Inhibitory activity against Dihydrohydrofolate reductase(DHFR) of Toxoplasma gondii";"B";"BAO_0000357";"single protein format";"Toxoplasma gondii";"None";"None";"None";"None";"";"";"";"CHEMBL2425";"Dihydrofolate reductase";"Toxoplasma gondii";"SINGLE PROTEIN";"CHEMBL1136782";"1";"Scientific Literature";"J Med Chem";"2003";"None";"";"";""
"CHEMBL36310";"";"None";"374.44";"0";"2.65";"35";"COc1ccc(OCCCCCCC(=O)O)cc1Cc1cnc(N)nc1N";"IC50";"'='";"180.0";"nM";"6.75";"";"";"UO_0000065";"18.01";"0.34";"4.09";"5.05";"1";"CHEMBL664919";"Inhibitory activity against Dihydrohydrofolate reductase(DHFR) of Toxoplasma gondii";"B";"BAO_0000357";"single protein format";"Toxoplasma gondii";"None";"None";"None";"None";"";"";"";"CHEMBL2425";"Dihydrofolate reductase";"Toxoplasma gondii";"SINGLE PROTEIN";"CHEMBL1136782";"1";"Scientific Literature";"J Med Chem";"2003";"None";"";"";""
"CHEMBL120994";"";"None";"338.24";"0";"3.16";"9";"Nc1nc(N)c2c(n1)CCC(CNc1ccc(Cl)c(Cl)c1)C2";"IC50";"'='";"110.0";"nM";"6.96";"";"";"UO_0000065";"20.57";"0.43";"3.80";"7.74";"0";"CHEMBL665605";"Inhibitory activity against purified Dihydrofolate reductase from Toxoplasma gondii.";"B";"BAO_0000357";"single protein format";"Toxoplasma gondii";"None";"None";"None";"None";"";"";"";"CHEMBL2425";"Dihydrofolate reductase";"Toxoplasma gondii";"SINGLE PROTEIN";"CHEMBL1128550";"1";"Scientific Literature";"J Med Chem";"1995";"None";"";"";""
"CHEMBL52947";"";"None";"326.36";"0";"1.82";"62";"COc1ccc(OC)c(NCc2ccc3nc(N)nc(N)c3n2)c1";"IC50";"'='";"120.01";"nM";"6.92";"";"";"UO_0000065";"21.21";"0.39";"5.10";"5.71";"0";"CHEMBL830839";"Inhibition of Toxoplasma gondii dihydrofolate reductase";"B";"BAO_0000357";"single protein format";"Toxoplasma gondii";"None";"None";"None";"None";"";"";"";"CHEMBL2425";"Dihydrofolate reductase";"Toxoplasma gondii";"SINGLE PROTEIN";"CHEMBL1145190";"1";"Scientific Literature";"J Med Chem";"2005";"None";"";"";""
"CHEMBL22924";"";"None";"316.37";"0";"2.95";"15a";"Nc1nc(N)c2cc(CNc3cccc4ccccc34)cnc2n1";"IC50";"'='";"150.0";"nM";"6.82";"";"";"UO_0000065";"21.57";"0.39";"3.87";"6.64";"0";"CHEMBL665590";"Inhibitory activity against Toxoplasma gondii dihydrofolate reductase";"B";"BAO_0000357";"single protein format";"Toxoplasma gondii";"None";"None";"None";"None";"";"";"";"CHEMBL2425";"Dihydrofolate reductase";"Toxoplasma gondii";"SINGLE PROTEIN";"CHEMBL1129525";"1";"Scientific Literature";"J Med Chem";"1996";"None";"";"";""
"CHEMBL278013";"";"None";"337.21";"0";"3.07";"3";"CN(Cc1c[nH]c2nc(N)nc(N)c12)c1ccc(Cl)c(Cl)c1";"IC50";"'='";"1000.0";"nM";"6.00";"";"";"UO_0000065";"17.79";"0.37";"2.93";"6.20";"0";"CHEMBL664913";"Inhibition against Dihydrofolate reductase in Toxoplasma gondii";"B";"BAO_0000357";"single protein format";"Toxoplasma gondii";"None";"None";"None";"None";"";"";"";"CHEMBL2425";"Dihydrofolate reductase";"Toxoplasma gondii";"SINGLE PROTEIN";"CHEMBL1129990";"1";"Scientific Literature";"J Med Chem";"1997";"None";"";"";""
"CHEMBL373426";"";"None";"258.24";"0";"0.16";"7";"Nc1ncc(C#Cc2cc(O)c(O)c(O)c2)c(N)n1";"Activity";"";"";"";"";"";"Not Determined";"";"";"";"";"";"0";"CHEMBL919380";"Inhibition of Toxoplasma gondii DHFR-TS";"B";"BAO_0000357";"single protein format";"Toxoplasma gondii";"None";"None";"None";"None";"";"";"";"CHEMBL2425";"Dihydrofolate reductase";"Toxoplasma gondii";"SINGLE PROTEIN";"CHEMBL1142238";"1";"Scientific Literature";"J Med Chem";"2007";"None";"";"";""
"CHEMBL220159";"";"None";"328.37";"0";"1.57";"16";"COc1cc(CC#Cc2c(C)nc(N)nc2N)cc(OC)c1OC";"IC50";"'='";"880.0";"nM";"6.06";"";"";"UO_0000065";"18.44";"0.34";"4.49";"5.74";"0";"CHEMBL919380";"Inhibition of Toxoplasma gondii DHFR-TS";"B";"BAO_0000357";"single protein format";"Toxoplasma gondii";"None";"None";"None";"None";"";"";"";"CHEMBL2425";"Dihydrofolate reductase";"Toxoplasma gondii";"SINGLE PROTEIN";"CHEMBL1142238";"1";"Scientific Literature";"J Med Chem";"2007";"None";"";"";""
"CHEMBL52947";"";"None";"326.36";"0";"1.82";"5";"COc1ccc(OC)c(NCc2ccc3nc(N)nc(N)c3n2)c1";"IC50";"'='";"100.0";"nM";"7.00";"";"";"UO_0000065";"21.45";"0.40";"5.18";"5.78";"0";"CHEMBL664909";"Concentration inhibiting Toxoplasma gondii dihydrofolate reductase";"B";"BAO_0000357";"single protein format";"Toxoplasma gondii";"None";"None";"None";"None";"";"";"";"CHEMBL2425";"Dihydrofolate reductase";"Toxoplasma gondii";"SINGLE PROTEIN";"CHEMBL1128717";"1";"Scientific Literature";"J Med Chem";"1995";"None";"";"";""
"CHEMBL113816";"";"None";"339.40";"0";"2.45";"12";"COc1cc(CN(C)c2ccc3nc(N)nc(N)c3c2)cc(OC)c1";"IC50";"'='";"4.7";"nM";"8.33";"";"";"UO_0000065";"24.54";"0.45";"5.88";"8.37";"0";"CHEMBL665585";"Inhibition of recombinant Dihydrofolate reductase from Toxoplasma gondii (tgDHFR)";"B";"BAO_0000357";"single protein format";"Toxoplasma gondii";"None";"None";"None";"None";"";"";"";"CHEMBL2425";"Dihydrofolate reductase";"Toxoplasma gondii";"SINGLE PROTEIN";"CHEMBL1131583";"1";"Scientific Literature";"J Med Chem";"1998";"None";"";"";""
"CHEMBL23705";"";"None";"354.41";"0";"2.15";"14e";"COc1ccc(N(C)Cc2cnc3nc(N)nc(N)c3c2C)c(OC)c1";"IC50";"'='";"53.0";"nM";"7.28";"";"";"UO_0000065";"20.53";"0.38";"5.13";"6.47";"0";"CHEMBL665590";"Inhibitory activity against Toxoplasma gondii dihydrofolate reductase";"B";"BAO_0000357";"single protein format";"Toxoplasma gondii";"None";"None";"None";"None";"";"";"";"CHEMBL2425";"Dihydrofolate reductase";"Toxoplasma gondii";"SINGLE PROTEIN";"CHEMBL1129525";"1";"Scientific Literature";"J Med Chem";"1996";"None";"";"";""
"CHEMBL35222";"";"None";"370.41";"0";"1.85";"15";"COc1ccc(CN(C)c2cnc3nc(N)nc(N)c3c2)c(OC)c1OC";"IC50";"'='";"26.0";"nM";"7.58";"";"";"UO_0000065";"20.48";"0.38";"5.74";"6.24";"0";"CHEMBL665616";"Inhibitory activity against Toxoplasma gondii dihydrofolate reductase (in 90 uM dihydrofolic acid)";"B";"BAO_0000357";"single protein format";"Toxoplasma gondii";"None";"None";"None";"None";"";"";"";"CHEMBL2425";"Dihydrofolate reductase";"Toxoplasma gondii";"SINGLE PROTEIN";"CHEMBL1129539";"1";"Scientific Literature";"J Med Chem";"1996";"None";"";"";""
"CHEMBL290806";"";"None";"380.40";"0";"2.52";"21";"COc1ccc(OCc2ccc(C(=O)O)cc2)cc1Cc1cnc(N)nc1N";"IC50";"'='";"2000.0";"nM";"5.70";"";"";"UO_0000065";"14.98";"0.28";"3.18";"4.27";"1";"CHEMBL665598";"Inhibitory concentration against dihydrofolate reductase of Toxoplasma gondii";"B";"BAO_0000357";"single protein format";"Toxoplasma gondii";"None";"None";"None";"None";"";"";"";"CHEMBL2425";"Dihydrofolate reductase";"Toxoplasma gondii";"SINGLE PROTEIN";"CHEMBL1149100";"1";"Scientific Literature";"J Med Chem";"2004";"None";"";"";""
"CHEMBL121433";"";"None";"352.27";"0";"3.19";"10";"CN(CC1CCc2nc(N)nc(N)c2C1)c1ccc(Cl)c(Cl)c1";"IC50";"'='";"21.0";"nM";"7.68";"";"";"UO_0000065";"21.80";"0.46";"4.49";"9.47";"0";"CHEMBL665605";"Inhibitory activity against purified Dihydrofolate reductase from Toxoplasma gondii.";"B";"BAO_0000357";"single protein format";"Toxoplasma gondii";"None";"None";"None";"None";"";"";"";"CHEMBL2425";"Dihydrofolate reductase";"Toxoplasma gondii";"SINGLE PROTEIN";"CHEMBL1128550";"1";"Scientific Literature";"J Med Chem";"1995";"None";"";"";""
"CHEMBL384443";"";"None";"330.34";"0";"0.75";"24";"COc1cc(C(O)C#Cc2cnc(N)nc2N)cc(OC)c1OC";"IC50";"'='";"17900.0";"nM";"4.75";"";"";"UO_0000065";"14.37";"0.27";"4.00";"3.78";"0";"CHEMBL919380";"Inhibition of Toxoplasma gondii DHFR-TS";"B";"BAO_0000357";"single protein format";"Toxoplasma gondii";"None";"None";"None";"None";"";"";"";"CHEMBL2425";"Dihydrofolate reductase";"Toxoplasma gondii";"SINGLE PROTEIN";"CHEMBL1142238";"1";"Scientific Literature";"J Med Chem";"2007";"None";"";"";""
"CHEMBL7263";"";"None";"329.40";"0";"1.88";"139";"COc1ccc(OC)c(NCC2CCc3nc(N)nc(N)c3C2)c1";"IC50";"'='";"181.01";"nM";"6.74";"";"";"UO_0000065";"20.47";"0.38";"4.86";"6.22";"0";"CHEMBL830839";"Inhibition of Toxoplasma gondii dihydrofolate reductase";"B";"BAO_0000357";"single protein format";"Toxoplasma gondii";"None";"None";"None";"None";"";"";"";"CHEMBL2425";"Dihydrofolate reductase";"Toxoplasma gondii";"SINGLE PROTEIN";"CHEMBL1145190";"1";"Scientific Literature";"J Med Chem";"2005";"None";"";"";""
"CHEMBL35222";"";"None";"370.41";"0";"1.85";"171";"COc1ccc(CN(C)c2cnc3nc(N)nc(N)c3c2)c(OC)c1OC";"IC50";"'='";"26.0";"nM";"7.58";"";"";"UO_0000065";"20.48";"0.38";"5.74";"6.24";"1";"CHEMBL828662";"Inhibition of Toxoplasma gondii dihydrofolate reductase";"B";"BAO_0000357";"single protein format";"Toxoplasma gondii";"None";"None";"None";"None";"";"";"";"CHEMBL2425";"Dihydrofolate reductase";"Toxoplasma gondii";"SINGLE PROTEIN";"CHEMBL1145190";"1";"Scientific Literature";"J Med Chem";"2005";"None";"";"";""
"CHEMBL165955";"";"None";"355.40";"0";"2.43";"7";"COc1cc(NCc2cccc3nc(N)nc(N)c23)cc(OC)c1OC";"IC50";"'>'";"20000.0";"nM";"";"";"";"UO_0000065";"";"";"";"";"0";"CHEMBL665589";"Inhibitory activity against Toxoplasma gondii Dihydrofolate reductase";"B";"BAO_0000357";"single protein format";"Toxoplasma gondii";"None";"None";"None";"None";"";"";"";"CHEMBL2425";"Dihydrofolate reductase";"Toxoplasma gondii";"SINGLE PROTEIN";"CHEMBL1128249";"1";"Scientific Literature";"J Med Chem";"1995";"None";"";"";""
"CHEMBL34259";"METHOTREXATE";"4.0";"454.45";"0";"0.27";"MTX";"CN(Cc1cnc2nc(N)nc(N)c2n1)c1ccc(C(=O)N[C@@H](CCC(=O)O)C(=O)O)cc1";"IC50";"'='";"11.0";"nM";"7.96";"";"";"UO_0000065";"17.51";"0.33";"7.69";"3.78";"0";"CHEMBL664914";"Inhibition of Toxoplasma gondii dihydrofolate reductase (DHFR)";"B";"BAO_0000357";"single protein format";"Toxoplasma gondii";"None";"None";"None";"None";"";"";"";"CHEMBL2425";"Dihydrofolate reductase";"Toxoplasma gondii";"SINGLE PROTEIN";"CHEMBL1135938";"1";"Scientific Literature";"J Med Chem";"2002";"None";"";"";""
"CHEMBL309784";"";"None";"296.29";"0";"0.94";"2d";"Nc1nc(N)c2nc(COC(=O)c3ccccc3)cnc2n1";"IC50";"'='";"5800.0";"nM";"5.24";"";"";"UO_0000065";"17.67";"0.33";"4.30";"4.03";"0";"CHEMBL665597";"Inhibitory concentration against dihydrofolate reductase DHFR from Toxoplasma gondii";"B";"BAO_0000357";"single protein format";"Toxoplasma gondii";"None";"None";"None";"None";"";"";"";"CHEMBL2425";"Dihydrofolate reductase";"Toxoplasma gondii";"SINGLE PROTEIN";"CHEMBL1134533";"1";"Scientific Literature";"J Med Chem";"2001";"None";"";"";""
"CHEMBL317618";"";"None";"227.23";"0";"0.58";"16";"Nc1nc(N)c2[nH]c(-c3ccncc3)nc2n1";"Inhibition";"'='";"14.0";"%";"";"";"";"UO_0000187";"";"";"";"";"0";"CHEMBL665609";"Percent inhibition against Toxoplasma gondii Dihydrofolate reductase";"B";"BAO_0000357";"single protein format";"Toxoplasma gondii";"None";"None";"None";"None";"";"";"";"CHEMBL2425";"Dihydrofolate reductase";"Toxoplasma gondii";"SINGLE PROTEIN";"CHEMBL1130150";"1";"Scientific Literature";"J Med Chem";"1997";"None";"";"";""
"CHEMBL139188";"";"None";"252.28";"0";"1.93";"159";"Nc1nc(N)c2nc(Nc3ccccc3)ccc2n1";"IC50";"'='";"299.92";"nM";"6.52";"";"";"UO_0000065";"25.86";"0.47";"4.59";"6.35";"0";"CHEMBL830839";"Inhibition of Toxoplasma gondii dihydrofolate reductase";"B";"BAO_0000357";"single protein format";"Toxoplasma gondii";"None";"None";"None";"None";"";"";"";"CHEMBL2425";"Dihydrofolate reductase";"Toxoplasma gondii";"SINGLE PROTEIN";"CHEMBL1145190";"1";"Scientific Literature";"J Med Chem";"2005";"None";"";"";""
"CHEMBL57682";"";"None";"394.39";"0";"1.47";"7";"COc1cc(-n2ccc3c4c(N)nc(N)nc4nc(=O)c-3c2)cc(OC)c1OC";"IC50";"'='";"520.0";"nM";"6.28";"";"";"UO_0000065";"15.93";"0.30";"4.81";"4.48";"0";"CHEMBL665593";"Inhibitory concentration against Toxoplasma gondii Dihydrofolate reductase";"B";"BAO_0000357";"single protein format";"Toxoplasma gondii";"None";"None";"None";"None";"";"";"";"CHEMBL2425";"Dihydrofolate reductase";"Toxoplasma gondii";"SINGLE PROTEIN";"CHEMBL1130385";"1";"Scientific Literature";"J Med Chem";"1997";"None";"";"";""
"CHEMBL23844";"";"None";"382.47";"0";"2.93";"3e";"CCOc1ccc(OCC)c(N(C)Cc2cnc3nc(N)nc(N)c3c2C)c1";"IC50";"'='";"100.0";"nM";"7.00";"";"";"UO_0000065";"18.30";"0.34";"4.07";"6.23";"0";"CHEMBL664916";"Inhibitory activity against Dihydrofolate reductase from Toxoplasma gondii";"B";"BAO_0000357";"single protein format";"Toxoplasma gondii";"None";"None";"None";"None";"";"";"";"CHEMBL2425";"Dihydrofolate reductase";"Toxoplasma gondii";"SINGLE PROTEIN";"CHEMBL1128680";"1";"Scientific Literature";"J Med Chem";"1995";"None";"";"";""
"CHEMBL88430";"";"None";"359.82";"0";"3.08";"28";"COc1ccc(OC)c(NCc2ccc3nc(N)nc(N)c3c2Cl)c1";"IC50";"'='";"30.0";"nM";"7.52";"";"";"UO_0000065";"20.91";"0.41";"4.44";"6.95";"1";"CHEMBL664909";"Concentration inhibiting Toxoplasma gondii dihydrofolate reductase";"B";"BAO_0000357";"single protein format";"Toxoplasma gondii";"None";"None";"None";"None";"";"";"";"CHEMBL2425";"Dihydrofolate reductase";"Toxoplasma gondii";"SINGLE PROTEIN";"CHEMBL1128717";"1";"Scientific Literature";"J Med Chem";"1995";"None";"";"";""
"CHEMBL34337";"";"None";"294.36";"0";"1.87";"162";"CN(CCc1ccccc1)c1cnc2nc(N)nc(N)c2c1";"IC50";"'='";"920.45";"nM";"6.04";"";"";"UO_0000065";"20.51";"0.37";"4.17";"6.42";"0";"CHEMBL830839";"Inhibition of Toxoplasma gondii dihydrofolate reductase";"B";"BAO_0000357";"single protein format";"Toxoplasma gondii";"None";"None";"None";"None";"";"";"";"CHEMBL2425";"Dihydrofolate reductase";"Toxoplasma gondii";"SINGLE PROTEIN";"CHEMBL1145190";"1";"Scientific Literature";"J Med Chem";"2005";"None";"";"";""
"CHEMBL292634";"";"None";"335.20";"0";"3.11";"80";"Nc1nc(N)c2nc(CNc3ccc(Cl)cc3Cl)ccc2n1";"IC50";"'='";"50.0";"nM";"7.30";"";"";"UO_0000065";"21.78";"0.45";"4.19";"7.11";"1";"CHEMBL828662";"Inhibition of Toxoplasma gondii dihydrofolate reductase";"B";"BAO_0000357";"single protein format";"Toxoplasma gondii";"None";"None";"None";"None";"";"";"";"CHEMBL2425";"Dihydrofolate reductase";"Toxoplasma gondii";"SINGLE PROTEIN";"CHEMBL1145190";"1";"Scientific Literature";"J Med Chem";"2005";"None";"";"";""
"CHEMBL32220";"";"None";"346.39";"0";"2.96";"176";"COc1ccc(CNc2cnc3nc(N)nc(N)c3c2)c2ccccc12";"IC50";"'='";"380.0";"nM";"6.42";"";"";"UO_0000065";"18.53";"0.34";"3.46";"5.73";"1";"CHEMBL828662";"Inhibition of Toxoplasma gondii dihydrofolate reductase";"B";"BAO_0000357";"single protein format";"Toxoplasma gondii";"None";"None";"None";"None";"";"";"";"CHEMBL2425";"Dihydrofolate reductase";"Toxoplasma gondii";"SINGLE PROTEIN";"CHEMBL1145190";"1";"Scientific Literature";"J Med Chem";"2005";"None";"";"";""
"CHEMBL17430";"";"None";"340.24";"0";"3.72";"87";"Nc1nc(N)c2c(CSc3ccc(Cl)c(Cl)c3)c[nH]c2n1";"IC50";"'='";"11600.0";"nM";"4.94";"";"";"UO_0000065";"14.51";"0.32";"1.22";"5.27";"1";"CHEMBL828662";"Inhibition of Toxoplasma gondii dihydrofolate reductase";"B";"BAO_0000357";"single protein format";"Toxoplasma gondii";"None";"None";"None";"None";"";"";"";"CHEMBL2425";"Dihydrofolate reductase";"Toxoplasma gondii";"SINGLE PROTEIN";"CHEMBL1145190";"1";"Scientific Literature";"J Med Chem";"2005";"None";"";"";""
"CHEMBL85573";"";"None";"502.41";"2";"5.24";"10l";"CCc1nc(N)nc(N)c1-c1ccc(Cl)c(/N=N/N(CCOC(C)=O)Cc2cccc(Cl)c2)c1";"IC50";"'='";"1160.0";"nM";"5.94";"";"";"UO_0000065";"11.81";"0.24";"0.70";"4.49";"0";"CHEMBL664922";"Inhibitory activity against dihydrofolate reductase DHFR in Toxoplasma gondii.";"B";"BAO_0000357";"single protein format";"Toxoplasma gondii";"None";"None";"None";"None";"";"";"";"CHEMBL2425";"Dihydrofolate reductase";"Toxoplasma gondii";"SINGLE PROTEIN";"CHEMBL1134547";"1";"Scientific Literature";"J Med Chem";"2001";"None";"";"";""
"CHEMBL52777";"";"None";"296.33";"0";"1.81";"60";"COc1ccc(NCc2ccc3nc(N)nc(N)c3n2)cc1";"IC50";"'='";"54.0";"nM";"7.27";"";"";"UO_0000065";"24.53";"0.45";"5.46";"6.49";"1";"CHEMBL828662";"Inhibition of Toxoplasma gondii dihydrofolate reductase";"B";"BAO_0000357";"single protein format";"Toxoplasma gondii";"None";"None";"None";"None";"";"";"";"CHEMBL2425";"Dihydrofolate reductase";"Toxoplasma gondii";"SINGLE PROTEIN";"CHEMBL1145190";"1";"Scientific Literature";"J Med Chem";"2005";"None";"";"";""
"CHEMBL53693";"";"None";"412.49";"0";"2.94";"22";"COc1cc(N(Cc2cnc3nc(N)nc(N)c3c2C)C(C)C)cc(OC)c1OC";"IC50";"'='";"6.7";"nM";"8.17";"";"";"UO_0000065";"19.82";"0.37";"5.23";"6.72";"1";"CHEMBL830839";"Inhibition of Toxoplasma gondii dihydrofolate reductase";"B";"BAO_0000357";"single protein format";"Toxoplasma gondii";"None";"None";"None";"None";"";"";"";"CHEMBL2425";"Dihydrofolate reductase";"Toxoplasma gondii";"SINGLE PROTEIN";"CHEMBL1145190";"1";"Scientific Literature";"J Med Chem";"2005";"None";"";"";""
"CHEMBL23705";"";"None";"354.41";"0";"2.15";"14";"COc1ccc(N(C)Cc2cnc3nc(N)nc(N)c3c2C)c(OC)c1";"IC50";"'='";"38.0";"nM";"7.42";"";"";"UO_0000065";"20.94";"0.39";"5.27";"6.60";"1";"CHEMBL828662";"Inhibition of Toxoplasma gondii dihydrofolate reductase";"B";"BAO_0000357";"single protein format";"Toxoplasma gondii";"None";"None";"None";"None";"";"";"";"CHEMBL2425";"Dihydrofolate reductase";"Toxoplasma gondii";"SINGLE PROTEIN";"CHEMBL1145190";"1";"Scientific Literature";"J Med Chem";"2005";"None";"";"";""
"CHEMBL3912823";"";"None";"409.93";"0";"2.99";"9";"Cc1nc(N)nc(N)c1CN1CCN(c2cc(Cl)ccc2-c2ccccn2)CC1";"IC50";"'='";"370.0";"nM";"6.43";"";"";"UO_0000065";"15.69";"0.30";"3.44";"6.62";"0";"CHEMBL3867372";"Inhibition of Toxoplasma gondii TS-DHFR expressed in Escherichia coli BL21 preincubated for 15 mins followed by addition of DHF as substrate and NADPH measured after 60 mins by resazurin/diaphorase coupled assay";"B";"BAO_0000366";"cell-free format";"Toxoplasma gondii";"CHEMBL3559721";"Plasma";"None";"None";"";"";"";"CHEMBL2425";"Dihydrofolate reductase";"Toxoplasma gondii";"SINGLE PROTEIN";"CHEMBL3865850";"1";"Scientific Literature";"ACS Med Chem Lett";"2016";"None";"";"";""
"CHEMBL359454";"";"None";"336.40";"0";"2.07";"2";"COc1cccc2c1CCN2Cc1cnc2nc(N)nc(N)c2c1C";"IC50";"'='";"48.0";"nM";"7.32";"";"";"UO_0000065";"21.76";"0.40";"5.25";"7.09";"0";"CHEMBL664921";"Inhibition of Dihydrofolate Reductase of Toxoplasma gondii.";"B";"BAO_0000357";"single protein format";"Toxoplasma gondii";"None";"None";"None";"None";"";"";"";"CHEMBL2425";"Dihydrofolate reductase";"Toxoplasma gondii";"SINGLE PROTEIN";"CHEMBL1129938";"1";"Scientific Literature";"J Med Chem";"1997";"None";"";"";""
"CHEMBL432136";"";"None";"254.30";"0";"1.73";"8";"Nc1nc(N)c2c(CNc3ccccc3)c[nH]c2n1";"IC50";"'='";"3900.0";"nM";"5.41";"";"";"UO_0000065";"21.27";"0.39";"3.68";"5.12";"0";"CHEMBL665698";"Inhibition of Toxoplasma gondii (tc) Dihydrofolate reductase";"B";"BAO_0000357";"single protein format";"Toxoplasma gondii";"None";"None";"None";"None";"";"";"";"CHEMBL2425";"Dihydrofolate reductase";"Toxoplasma gondii";"SINGLE PROTEIN";"CHEMBL1128397";"1";"Scientific Literature";"J Med Chem";"1995";"None";"";"";""
"CHEMBL22";"TRIMETHOPRIM";"4.0";"290.32";"0";"1.26";"3, TMP";"COc1cc(Cc2cnc(N)nc2N)cc(OC)c1OC";"IC50";"'='";"2700.0";"nM";"5.57";"";"";"UO_0000065";"19.18";"0.36";"4.31";"5.28";"1";"CHEMBL664910";"Concentration inhibiting Toxoplasma gondii dihydrofolate reductase. ";"B";"BAO_0000357";"single protein format";"Toxoplasma gondii";"None";"None";"None";"None";"";"";"";"CHEMBL2425";"Dihydrofolate reductase";"Toxoplasma gondii";"SINGLE PROTEIN";"CHEMBL1128717";"1";"Scientific Literature";"J Med Chem";"1995";"None";"";"";""
"CHEMBL277438";"";"None";"324.17";"0";"3.31";"13";"Nc1nc(N)c2c(CNc3cc(Cl)ccc3Cl)coc2n1";"IC50";"'>'";"47000.0";"nM";"";"";"";"UO_0000065";"";"";"";"";"0";"CHEMBL664908";"Inhibitory activity against dihydrofolate reductase from Toxoplasma gondii";"B";"BAO_0000357";"single protein format";"Toxoplasma gondii";"None";"None";"None";"None";"";"";"";"CHEMBL2425";"Dihydrofolate reductase";"Toxoplasma gondii";"SINGLE PROTEIN";"CHEMBL1131327";"1";"Scientific Literature";"J Med Chem";"1998";"None";"";"";""
"CHEMBL55764";"";"None";"467.96";"0";"4.59";"3a (TAB)";"CCc1nc(N)nc(N)c1-c1ccc(Cl)c(/N=N/N(CCOC(C)=O)Cc2ccccc2)c1";"IC50";"'='";"690.0";"nM";"6.16";"";"";"UO_0000065";"13.17";"0.25";"1.57";"4.66";"1";"CHEMBL664922";"Inhibitory activity against dihydrofolate reductase DHFR in Toxoplasma gondii.";"B";"BAO_0000357";"single protein format";"Toxoplasma gondii";"None";"None";"None";"None";"";"";"";"CHEMBL2425";"Dihydrofolate reductase";"Toxoplasma gondii";"SINGLE PROTEIN";"CHEMBL1134547";"1";"Scientific Literature";"J Med Chem";"2001";"None";"";"";""
"CHEMBL115804";"";"None";"339.40";"0";"2.45";"13";"COc1ccc(CN(C)c2ccc3nc(N)nc(N)c3c2)c(OC)c1";"IC50";"'='";"3.9";"nM";"8.41";"";"";"UO_0000065";"24.78";"0.46";"5.96";"8.45";"0";"CHEMBL665585";"Inhibition of recombinant Dihydrofolate reductase from Toxoplasma gondii (tgDHFR)";"B";"BAO_0000357";"single protein format";"Toxoplasma gondii";"None";"None";"None";"None";"";"";"";"CHEMBL2425";"Dihydrofolate reductase";"Toxoplasma gondii";"SINGLE PROTEIN";"CHEMBL1131583";"1";"Scientific Literature";"J Med Chem";"1998";"None";"";"";""
"CHEMBL113999";"";"None";"355.40";"0";"2.43";"6";"COc1cc(CNc2ccc3nc(N)nc(N)c3c2)cc(OC)c1OC";"IC50";"'='";"84.0";"nM";"7.08";"";"";"UO_0000065";"19.91";"0.37";"4.65";"6.02";"0";"CHEMBL664917";"Inhibitory activity against Dihydrofolate reductase from Toxoplasma gondii (tgDHFR)";"B";"BAO_0000357";"single protein format";"Toxoplasma gondii";"None";"None";"None";"None";"";"";"";"CHEMBL2425";"Dihydrofolate reductase";"Toxoplasma gondii";"SINGLE PROTEIN";"CHEMBL1131583";"1";"Scientific Literature";"J Med Chem";"1998";"None";"";"";""
"CHEMBL48203";"";"None";"361.84";"0";"2.85";"37";"CCc1nc(N)nc(N)c1-c1ccc(Cl)c(/N=N/N2CCOCC2)c1";"IC50";"'='";"190.0";"nM";"6.72";"";"";"UO_0000065";"18.58";"0.37";"3.87";"5.84";"1";"CHEMBL664919";"Inhibitory activity against Dihydrohydrofolate reductase(DHFR) of Toxoplasma gondii";"B";"BAO_0000357";"single protein format";"Toxoplasma gondii";"None";"None";"None";"None";"";"";"";"CHEMBL2425";"Dihydrofolate reductase";"Toxoplasma gondii";"SINGLE PROTEIN";"CHEMBL1136782";"1";"Scientific Literature";"J Med Chem";"2003";"None";"";"";""
"CHEMBL32769";"";"None";"326.36";"0";"1.82";"172";"COc1ccc(CNc2cnc3nc(N)nc(N)c3c2)cc1OC";"IC50";"'='";"730.0";"nM";"6.14";"";"";"UO_0000065";"18.80";"0.35";"4.32";"5.06";"1";"CHEMBL828662";"Inhibition of Toxoplasma gondii dihydrofolate reductase";"B";"BAO_0000357";"single protein format";"Toxoplasma gondii";"None";"None";"None";"None";"";"";"";"CHEMBL2425";"Dihydrofolate reductase";"Toxoplasma gondii";"SINGLE PROTEIN";"CHEMBL1145190";"1";"Scientific Literature";"J Med Chem";"2005";"None";"";"";""
"CHEMBL36245";"";"None";"340.39";"0";"1.84";"173";"COc1cc(CN(C)c2cnc3nc(N)nc(N)c3c2)cc(OC)c1";"IC50";"'='";"31.0";"nM";"7.51";"";"";"UO_0000065";"22.06";"0.41";"5.67";"6.68";"0";"CHEMBL828662";"Inhibition of Toxoplasma gondii dihydrofolate reductase";"B";"BAO_0000357";"single protein format";"Toxoplasma gondii";"None";"None";"None";"None";"";"";"";"CHEMBL2425";"Dihydrofolate reductase";"Toxoplasma gondii";"SINGLE PROTEIN";"CHEMBL1145190";"1";"Scientific Literature";"J Med Chem";"2005";"None";"";"";""
"CHEMBL33038";"";"None";"280.33";"0";"1.83";"161";"CN(Cc1ccccc1)c1cnc2nc(N)nc(N)c2c1";"IC50";"'='";"32.0";"nM";"7.50";"";"";"UO_0000065";"26.74";"0.49";"5.66";"7.98";"1";"CHEMBL828662";"Inhibition of Toxoplasma gondii dihydrofolate reductase";"B";"BAO_0000357";"single protein format";"Toxoplasma gondii";"None";"None";"None";"None";"";"";"";"CHEMBL2425";"Dihydrofolate reductase";"Toxoplasma gondii";"SINGLE PROTEIN";"CHEMBL1145190";"1";"Scientific Literature";"J Med Chem";"2005";"None";"";"";""
"CHEMBL33136";"";"None";"280.33";"0";"1.84";"179";"Nc1nc(N)c2cc(NCCc3ccccc3)cnc2n1";"IC50";"'='";"4450.0";"nM";"5.35";"";"";"UO_0000065";"19.09";"0.35";"3.51";"5.21";"1";"CHEMBL828662";"Inhibition of Toxoplasma gondii dihydrofolate reductase";"B";"BAO_0000357";"single protein format";"Toxoplasma gondii";"None";"None";"None";"None";"";"";"";"CHEMBL2425";"Dihydrofolate reductase";"Toxoplasma gondii";"SINGLE PROTEIN";"CHEMBL1145190";"1";"Scientific Literature";"J Med Chem";"2005";"None";"";"";""
"CHEMBL138419";"";"None";"302.34";"0";"3.09";"17";"Nc1nc(N)c2nc(Nc3ccc4ccccc4c3)ccc2n1";"IC50";"'='";"1100.0";"nM";"5.96";"";"";"UO_0000065";"19.71";"0.35";"2.87";"5.80";"0";"CHEMBL661507";"Inhibitory activity against dihydrofolate reductase (DHFR) from Toxoplasma gondii";"B";"BAO_0000357";"single protein format";"Toxoplasma gondii";"None";"None";"None";"None";"";"";"";"CHEMBL2425";"Dihydrofolate reductase";"Toxoplasma gondii";"SINGLE PROTEIN";"CHEMBL1131172";"1";"Scientific Literature";"J Med Chem";"1998";"None";"";"";""
"CHEMBL32113";"";"None";"340.39";"0";"1.84";"22";"COc1ccc(OC)c(CN(C)c2cnc3nc(N)nc(N)c3c2)c1";"IC50";"'='";"28.0";"nM";"7.55";"";"";"UO_0000065";"22.19";"0.41";"5.71";"6.72";"0";"CHEMBL665613";"Inhibitory activity against Toxoplasma gondii dihydrofolate reductase (in 50 uM dihydrofolic acid)";"B";"BAO_0000357";"single protein format";"Toxoplasma gondii";"None";"None";"None";"None";"";"";"";"CHEMBL2425";"Dihydrofolate reductase";"Toxoplasma gondii";"SINGLE PROTEIN";"CHEMBL1129539";"1";"Scientific Literature";"J Med Chem";"1996";"None";"";"";""
"CHEMBL57444";"";"None";"426.43";"0";"1.83";"2";"Nc1cc(N)c2c(CCc3ccc(C(=O)NC(CCC(=O)O)C(=O)O)cc3)coc2n1";"Inhibition";"";"";"%";"";"Potential missing data";"No data";"UO_0000187";"";"";"";"";"0";"CHEMBL665610";"Inhibition of Toxoplasma gondii dihydrofolate reductase (DHFR); ND means not determined";"B";"BAO_0000357";"single protein format";"Toxoplasma gondii";"None";"None";"None";"None";"";"";"";"CHEMBL2425";"Dihydrofolate reductase";"Toxoplasma gondii";"SINGLE PROTEIN";"CHEMBL1135938";"1";"Scientific Literature";"J Med Chem";"2002";"None";"";"";""
"CHEMBL22561";"";"None";"319.37";"0";"3.18";"45";"CN(Cc1coc2nc(N)nc(N)c12)c1ccc2ccccc2c1";"IC50";"'='";"23600.0";"nM";"4.63";"";"";"UO_0000065";"14.49";"0.26";"1.45";"4.91";"1";"CHEMBL828662";"Inhibition of Toxoplasma gondii dihydrofolate reductase";"B";"BAO_0000357";"single protein format";"Toxoplasma gondii";"None";"None";"None";"None";"";"";"";"CHEMBL2425";"Dihydrofolate reductase";"Toxoplasma gondii";"SINGLE PROTEIN";"CHEMBL1145190";"1";"Scientific Literature";"J Med Chem";"2005";"None";"";"";""
"CHEMBL52836";"";"None";"296.33";"0";"1.81";"52";"COc1cccc(NCc2ccc3nc(N)nc(N)c3n2)c1";"IC50";"'='";"100.0";"nM";"7.00";"";"";"UO_0000065";"23.62";"0.43";"5.19";"6.25";"1";"CHEMBL828662";"Inhibition of Toxoplasma gondii dihydrofolate reductase";"B";"BAO_0000357";"single protein format";"Toxoplasma gondii";"None";"None";"None";"None";"";"";"";"CHEMBL2425";"Dihydrofolate reductase";"Toxoplasma gondii";"SINGLE PROTEIN";"CHEMBL1145190";"1";"Scientific Literature";"J Med Chem";"2005";"None";"";"";""
"CHEMBL141585";"";"None";"312.33";"0";"1.95";"156";"COc1ccc(Nc2ccc3nc(N)nc(N)c3n2)cc1OC";"IC50";"'='";"680.0";"nM";"6.17";"";"";"UO_0000065";"19.75";"0.37";"4.22";"5.09";"1";"CHEMBL828662";"Inhibition of Toxoplasma gondii dihydrofolate reductase";"B";"BAO_0000357";"single protein format";"Toxoplasma gondii";"None";"None";"None";"None";"";"";"";"CHEMBL2425";"Dihydrofolate reductase";"Toxoplasma gondii";"SINGLE PROTEIN";"CHEMBL1145190";"1";"Scientific Literature";"J Med Chem";"2005";"None";"";"";""
"CHEMBL33038";"";"None";"280.33";"0";"1.83";"161";"CN(Cc1ccccc1)c1cnc2nc(N)nc(N)c2c1";"IC50";"'='";"32.0";"nM";"7.50";"";"";"UO_0000065";"26.74";"0.49";"5.66";"7.98";"1";"CHEMBL830839";"Inhibition of Toxoplasma gondii dihydrofolate reductase";"B";"BAO_0000357";"single protein format";"Toxoplasma gondii";"None";"None";"None";"None";"";"";"";"CHEMBL2425";"Dihydrofolate reductase";"Toxoplasma gondii";"SINGLE PROTEIN";"CHEMBL1145190";"1";"Scientific Literature";"J Med Chem";"2005";"None";"";"";""
"CHEMBL478191";"";"None";"368.29";"0";"4.70";"19";"CC(C)c1c(Sc2c(Cl)cccc2Cl)[nH]c2nc(N)nc(N)c12";"IC50";"'='";"520.0";"nM";"6.28";"";"";"UO_0000065";"17.06";"0.37";"1.58";"6.71";"0";"CHEMBL983765";"Inhibition of Toxoplasma gondii dihydrofolate reductase";"B";"BAO_0000357";"single protein format";"Toxoplasma gondii";"None";"None";"None";"None";"";"";"";"CHEMBL2425";"Dihydrofolate reductase";"Toxoplasma gondii";"SINGLE PROTEIN";"CHEMBL1155823";"1";"Scientific Literature";"J Med Chem";"2008";"None";"";"";""
"CHEMBL515312";"";"None";"349.46";"0";"4.38";"17";"CCCc1c(Sc2cccc3ccccc23)[nH]c2nc(N)nc(N)c12";"Inhibition";"'='";"16.0";"%";"";"";"";"UO_0000187";"";"";"";"";"0";"CHEMBL983749";"Inhibition of Toxoplasma gondii thymidylate synthase at >12 uM";"B";"BAO_0000357";"single protein format";"Toxoplasma gondii";"None";"None";"None";"None";"";"";"";"CHEMBL2425";"Dihydrofolate reductase";"Toxoplasma gondii";"SINGLE PROTEIN";"CHEMBL1155823";"1";"Scientific Literature";"J Med Chem";"2008";"None";"";"";""
"CHEMBL563212";"";"None";"363.46";"0";"3.30";"2l";"CCc1sc2nc(N)[nH]c(=O)c2c1Sc1cc(OC)cc(OC)c1";"IC50";"'='";"24.0";"nM";"7.62";"";"";"UO_0000065";"20.96";"0.43";"4.32";"8.44";"0";"CHEMBL1062971";"Inhibition of Toxoplasma gondii dihydrofolate reductase";"B";"BAO_0000357";"single protein format";"Toxoplasma gondii";"None";"None";"None";"None";"";"";"";"CHEMBL2425";"Dihydrofolate reductase";"Toxoplasma gondii";"SINGLE PROTEIN";"CHEMBL1151945";"1";"Scientific Literature";"J Med Chem";"2009";"None";"";"";""
"CHEMBL7170";"";"None";"248.33";"0";"1.31";"12";"Nc1nc(N)c2c(n1)CCC(CC1CCCO1)C2";"IC50";"'='";"40.0";"nM";"7.40";"";"";"UO_0000065";"29.79";"0.56";"6.09";"8.50";"0";"CHEMBL665602";"The ability to inhibit Toxoplasma gondii Dihydrofolate reductase was tested";"B";"BAO_0000357";"single protein format";"Toxoplasma gondii";"None";"None";"None";"None";"";"";"";"CHEMBL2425";"Dihydrofolate reductase";"Toxoplasma gondii";"SINGLE PROTEIN";"CHEMBL1132605";"1";"Scientific Literature";"J Med Chem";"1999";"None";"";"";""
"CHEMBL84457";"";"None";"310.36";"0";"2.12";"6";"COc1ccccc1NCc1cnc2nc(N)nc(N)c2c1C";"IC50";"'='";"23.0";"nM";"7.64";"";"";"UO_0000065";"24.61";"0.45";"5.52";"6.82";"0";"CHEMBL665700";"Inhibition of dihydrofolate reductase (DHFR) from Toxoplasma gondii(tg)";"B";"BAO_0000357";"single protein format";"Toxoplasma gondii";"None";"None";"None";"None";"";"";"";"CHEMBL2425";"Dihydrofolate reductase";"Toxoplasma gondii";"SINGLE PROTEIN";"CHEMBL1132261";"1";"Scientific Literature";"J Med Chem";"1999";"None";"";"";""
"CHEMBL278261";"";"None";"318.38";"0";"2.91";"86";"CN(Cc1c[nH]c2nc(N)nc(N)c12)c1cccc2ccccc12";"IC50";"'='";"870.0";"nM";"6.06";"";"";"UO_0000065";"19.04";"0.34";"3.15";"6.26";"1";"CHEMBL828662";"Inhibition of Toxoplasma gondii dihydrofolate reductase";"B";"BAO_0000357";"single protein format";"Toxoplasma gondii";"None";"None";"None";"None";"";"";"";"CHEMBL2425";"Dihydrofolate reductase";"Toxoplasma gondii";"SINGLE PROTEIN";"CHEMBL1145190";"1";"Scientific Literature";"J Med Chem";"2005";"None";"";"";""
"CHEMBL33187";"";"None";"358.40";"0";"3.59";"26";"Nc1nc(N)c2cc(NCc3ccc(Oc4ccccc4)cc3)cnc2n1";"IC50";"'='";"3700.0";"nM";"5.43";"";"";"UO_0000065";"15.16";"0.27";"1.84";"4.85";"0";"CHEMBL665616";"Inhibitory activity against Toxoplasma gondii dihydrofolate reductase (in 90 uM dihydrofolic acid)";"B";"BAO_0000357";"single protein format";"Toxoplasma gondii";"None";"None";"None";"None";"";"";"";"CHEMBL2425";"Dihydrofolate reductase";"Toxoplasma gondii";"SINGLE PROTEIN";"CHEMBL1129539";"1";"Scientific Literature";"J Med Chem";"1996";"None";"";"";""
"CHEMBL227064";"";"None";"313.43";"0";"3.45";"17";"CCc1c(Sc2c(C)cccc2C)[nH]c2nc(N)nc(N)c12";"IC50";"'='";"7100000.0";"nM";"";"Outside typical range";"";"UO_0000065";"";"";"";"";"0";"CHEMBL889609";"Inhibition of Toxoplasma gondii DHFR";"B";"BAO_0000357";"single protein format";"Toxoplasma gondii";"None";"None";"None";"None";"";"";"";"CHEMBL2425";"Dihydrofolate reductase";"Toxoplasma gondii";"SINGLE PROTEIN";"CHEMBL1145401";"1";"Scientific Literature";"J Med Chem";"2007";"None";"";"";""
"CHEMBL356722";"";"None";"405.46";"0";"2.92";"8";"COc1cc(NCc2cnc3nc(N)nc(N)c3c2C)c(-n2cccc2)cc1OC";"IC50";"'='";"600.0";"nM";"6.22";"";"";"UO_0000065";"15.35";"0.28";"3.30";"4.93";"0";"CHEMBL664921";"Inhibition of Dihydrofolate Reductase of Toxoplasma gondii.";"B";"BAO_0000357";"single protein format";"Toxoplasma gondii";"None";"None";"None";"None";"";"";"";"CHEMBL2425";"Dihydrofolate reductase";"Toxoplasma gondii";"SINGLE PROTEIN";"CHEMBL1129938";"1";"Scientific Literature";"J Med Chem";"1997";"None";"";"";""
"CHEMBL222461";"";"None";"342.40";"0";"2.13";"21";"COc1cc(C(C)C#Cc2c(C)nc(N)nc2N)cc(OC)c1OC";"IC50";"'='";"120.0";"nM";"6.92";"";"";"UO_0000065";"20.21";"0.38";"4.79";"6.56";"0";"CHEMBL919380";"Inhibition of Toxoplasma gondii DHFR-TS";"B";"BAO_0000357";"single protein format";"Toxoplasma gondii";"None";"None";"None";"None";"";"";"";"CHEMBL2425";"Dihydrofolate reductase";"Toxoplasma gondii";"SINGLE PROTEIN";"CHEMBL1142238";"1";"Scientific Literature";"J Med Chem";"2007";"None";"";"";""
"CHEMBL423558";"";"None";"359.43";"0";"1.88";"32";"COc1cc(CCC2CNc3nc(N)nc(N)c3C2)cc(OC)c1OC";"IC50";"'='";"469.89";"nM";"6.33";"";"";"UO_0000065";"17.61";"0.33";"4.45";"5.38";"0";"CHEMBL830839";"Inhibition of Toxoplasma gondii dihydrofolate reductase";"B";"BAO_0000357";"single protein format";"Toxoplasma gondii";"None";"None";"None";"None";"";"";"";"CHEMBL2425";"Dihydrofolate reductase";"Toxoplasma gondii";"SINGLE PROTEIN";"CHEMBL1145190";"1";"Scientific Literature";"J Med Chem";"2005";"None";"";"";""
"CHEMBL292427";"";"None";"335.20";"0";"3.11";"48";"Nc1nc(N)c2nc(CNc3ccc(Cl)c(Cl)c3)ccc2n1";"IC50";"'='";"57.0";"nM";"7.24";"";"";"UO_0000065";"21.61";"0.45";"4.13";"7.05";"1";"CHEMBL828662";"Inhibition of Toxoplasma gondii dihydrofolate reductase";"B";"BAO_0000357";"single protein format";"Toxoplasma gondii";"None";"None";"None";"None";"";"";"";"CHEMBL2425";"Dihydrofolate reductase";"Toxoplasma gondii";"SINGLE PROTEIN";"CHEMBL1145190";"1";"Scientific Literature";"J Med Chem";"2005";"None";"";"";""
"CHEMBL121433";"";"None";"352.27";"0";"3.19";"134";"CN(CC1CCc2nc(N)nc(N)c2C1)c1ccc(Cl)c(Cl)c1";"IC50";"'='";"21.0";"nM";"7.68";"";"";"UO_0000065";"21.80";"0.46";"4.49";"9.47";"1";"CHEMBL828662";"Inhibition of Toxoplasma gondii dihydrofolate reductase";"B";"BAO_0000357";"single protein format";"Toxoplasma gondii";"None";"None";"None";"None";"";"";"";"CHEMBL2425";"Dihydrofolate reductase";"Toxoplasma gondii";"SINGLE PROTEIN";"CHEMBL1145190";"1";"Scientific Literature";"J Med Chem";"2005";"None";"";"";""
"CHEMBL7488";"";"None";"359.43";"0";"1.88";"149";"COc1cc(NCC2CCc3nc(N)nc(N)c3C2)cc(OC)c1OC";"IC50";"'='";"54.0";"nM";"7.27";"";"";"UO_0000065";"20.22";"0.38";"5.39";"6.18";"1";"CHEMBL828662";"Inhibition of Toxoplasma gondii dihydrofolate reductase";"B";"BAO_0000357";"single protein format";"Toxoplasma gondii";"None";"None";"None";"None";"";"";"";"CHEMBL2425";"Dihydrofolate reductase";"Toxoplasma gondii";"SINGLE PROTEIN";"CHEMBL1145190";"1";"Scientific Literature";"J Med Chem";"2005";"None";"";"";""
"CHEMBL264386";"";"None";"324.39";"0";"2.14";"111";"COc1ccc(N(C)Cc2cnc3nc(N)nc(N)c3c2C)cc1";"IC50";"'='";"7.295";"nM";"8.14";"";"";"UO_0000065";"25.08";"0.46";"6.00";"7.89";"1";"CHEMBL830839";"Inhibition of Toxoplasma gondii dihydrofolate reductase";"B";"BAO_0000357";"single protein format";"Toxoplasma gondii";"None";"None";"None";"None";"";"";"";"CHEMBL2425";"Dihydrofolate reductase";"Toxoplasma gondii";"SINGLE PROTEIN";"CHEMBL1145190";"1";"Scientific Literature";"J Med Chem";"2005";"None";"";"";""
"CHEMBL138625";"";"None";"387.87";"0";"3.51";"13";"COc1ccc(OC)c(CCCNc2ccc3nc(N)nc(N)c3c2Cl)c1";"IC50";"'='";"1000.0";"nM";"6.00";"";"";"UO_0000065";"15.47";"0.30";"2.49";"5.54";"0";"CHEMBL664915";"Inhibition of Dihydrofolate reductase of Toxoplasma gondii";"B";"BAO_0000357";"single protein format";"Toxoplasma gondii";"None";"None";"None";"None";"";"";"";"CHEMBL2425";"Dihydrofolate reductase";"Toxoplasma gondii";"SINGLE PROTEIN";"CHEMBL1127704";"1";"Scientific Literature";"J Med Chem";"1994";"None";"";"";""
"CHEMBL22";"TRIMETHOPRIM";"4.0";"290.32";"0";"1.26";"4";"COc1cc(Cc2cnc(N)nc2N)cc(OC)c1OC";"IC50";"'='";"33100.0";"nM";"4.48";"";"";"UO_0000065";"15.43";"0.29";"3.22";"4.25";"0";"CHEMBL4423789";"Inhibition of Toxoplasma gondii DHFR-TS expressed in Escherichia coli BL21 competent cells using DHF as substrate preincubated for 15 mins followed by substrate and NADPH addition and measured after 60 mins by resazurin dye based diaphorase-coupled assay";"B";"BAO_0000219";"cell-based format";"Toxoplasma gondii";"None";"None";"None";"None";"";"";"";"CHEMBL2425";"Dihydrofolate reductase";"Toxoplasma gondii";"SINGLE PROTEIN";"CHEMBL4422638";"1";"Scientific Literature";"J Med Chem";"2019";"None";"";"";""
"CHEMBL115804";"";"None";"339.40";"0";"2.45";"13";"COc1ccc(CN(C)c2ccc3nc(N)nc(N)c3c2)c(OC)c1";"IC50";"'='";"39.0";"nM";"7.41";"";"";"UO_0000065";"21.83";"0.40";"4.96";"7.44";"0";"CHEMBL664917";"Inhibitory activity against Dihydrofolate reductase from Toxoplasma gondii (tgDHFR)";"B";"BAO_0000357";"single protein format";"Toxoplasma gondii";"None";"None";"None";"None";"";"";"";"CHEMBL2425";"Dihydrofolate reductase";"Toxoplasma gondii";"SINGLE PROTEIN";"CHEMBL1131583";"1";"Scientific Literature";"J Med Chem";"1998";"None";"";"";""
"CHEMBL55764";"";"None";"467.96";"0";"4.59";"14a";"CCc1nc(N)nc(N)c1-c1ccc(Cl)c(/N=N/N(CCOC(C)=O)Cc2ccccc2)c1";"IC50";"'='";"690.0";"nM";"6.16";"";"";"UO_0000065";"13.17";"0.25";"1.57";"4.66";"0";"CHEMBL664912";"Inhibitory concentration against Toxoplasma gondii dihydrofolate reductase";"B";"BAO_0000357";"single protein format";"Toxoplasma gondii";"None";"None";"None";"None";"";"";"";"CHEMBL2425";"Dihydrofolate reductase";"Toxoplasma gondii";"SINGLE PROTEIN";"CHEMBL1130062";"1";"Scientific Literature";"J Med Chem";"1997";"None";"";"";""
"CHEMBL104787";"";"None";"330.41";"0";"2.77";"9";"COc1ccc(OC)c(Cc2sc3nc(N)nc(N)c3c2C)c1";"IC50";"'='";"70.0";"nM";"7.16";"";"";"UO_0000065";"21.65";"0.42";"4.38";"7.43";"0";"CHEMBL983765";"Inhibition of Toxoplasma gondii dihydrofolate reductase";"B";"BAO_0000357";"single protein format";"Toxoplasma gondii";"None";"None";"None";"None";"";"";"";"CHEMBL2425";"Dihydrofolate reductase";"Toxoplasma gondii";"SINGLE PROTEIN";"CHEMBL1155823";"1";"Scientific Literature";"J Med Chem";"2008";"None";"";"";""
"CHEMBL34259";"METHOTREXATE";"4.0";"454.45";"0";"0.27";"SID90340825";"CN(Cc1cnc2nc(N)nc(N)c2n1)c1ccc(C(=O)N[C@@H](CCC(=O)O)C(=O)O)cc1";"IC50";"'='";"18000.0";"nM";"4.75";"";"";"UO_0000065";"10.44";"0.20";"4.47";"2.25";"1";"CHEMBL983744";"Inhibition of Toxoplasma gondii thymidylate synthase";"B";"BAO_0000357";"single protein format";"Toxoplasma gondii";"None";"None";"None";"None";"";"";"";"CHEMBL2425";"Dihydrofolate reductase";"Toxoplasma gondii";"SINGLE PROTEIN";"CHEMBL1155823";"1";"Scientific Literature";"J Med Chem";"2008";"None";"";"";""
"CHEMBL477566";"";"None";"359.46";"0";"3.41";"24";"COc1ccc(Sc2[nH]c3nc(N)nc(N)c3c2C(C)C)cc1OC";"IC50";"'>'";"2300.0";"nM";"";"";"";"UO_0000065";"";"";"";"";"0";"CHEMBL983744";"Inhibition of Toxoplasma gondii thymidylate synthase";"B";"BAO_0000357";"single protein format";"Toxoplasma gondii";"None";"None";"None";"None";"";"";"";"CHEMBL2425";"Dihydrofolate reductase";"Toxoplasma gondii";"SINGLE PROTEIN";"CHEMBL1155823";"1";"Scientific Literature";"J Med Chem";"2008";"None";"";"";""
"CHEMBL478404";"";"None";"329.43";"0";"3.41";"22";"COc1ccc(Sc2[nH]c3nc(N)nc(N)c3c2C(C)C)cc1";"IC50";"'='";"600.0";"nM";"6.22";"";"";"UO_0000065";"18.89";"0.37";"2.81";"6.05";"0";"CHEMBL983765";"Inhibition of Toxoplasma gondii dihydrofolate reductase";"B";"BAO_0000357";"single protein format";"Toxoplasma gondii";"None";"None";"None";"None";"";"";"";"CHEMBL2425";"Dihydrofolate reductase";"Toxoplasma gondii";"SINGLE PROTEIN";"CHEMBL1155823";"1";"Scientific Literature";"J Med Chem";"2008";"None";"";"";""
"CHEMBL478213";"";"None";"349.46";"0";"4.38";"18";"CCCc1c(Sc2ccc3ccccc3c2)[nH]c2nc(N)nc(N)c12";"IC50";"'='";"150.0";"nM";"6.82";"";"";"UO_0000065";"19.53";"0.37";"2.44";"7.29";"0";"CHEMBL983765";"Inhibition of Toxoplasma gondii dihydrofolate reductase";"B";"BAO_0000357";"single protein format";"Toxoplasma gondii";"None";"None";"None";"None";"";"";"";"CHEMBL2425";"Dihydrofolate reductase";"Toxoplasma gondii";"SINGLE PROTEIN";"CHEMBL1155823";"1";"Scientific Literature";"J Med Chem";"2008";"None";"";"";""
"CHEMBL23846";"";"None";"305.34";"0";"3.15";"41";"Nc1nc(N)c2c(CNc3cccc4ccccc34)coc2n1";"IC50";"'='";"36982.82";"nM";"4.43";"";"";"UO_0000065";"14.51";"0.26";"1.28";"4.30";"0";"CHEMBL830839";"Inhibition of Toxoplasma gondii dihydrofolate reductase";"B";"BAO_0000357";"single protein format";"Toxoplasma gondii";"None";"None";"None";"None";"";"";"";"CHEMBL2425";"Dihydrofolate reductase";"Toxoplasma gondii";"SINGLE PROTEIN";"CHEMBL1145190";"1";"Scientific Literature";"J Med Chem";"2005";"None";"";"";""
"CHEMBL23297";"";"None";"347.38";"0";"3.79";"44";"Nc1nc(N)c2c(CNc3ccc(Oc4ccccc4)cc3)coc2n1";"IC50";"'='";"32359.37";"nM";"4.49";"";"";"UO_0000065";"12.93";"0.24";"0.70";"4.00";"0";"CHEMBL830839";"Inhibition of Toxoplasma gondii dihydrofolate reductase";"B";"BAO_0000357";"single protein format";"Toxoplasma gondii";"None";"None";"None";"None";"";"";"";"CHEMBL2425";"Dihydrofolate reductase";"Toxoplasma gondii";"SINGLE PROTEIN";"CHEMBL1145190";"1";"Scientific Literature";"J Med Chem";"2005";"None";"";"";""
"CHEMBL36310";"";"None";"374.44";"0";"2.65";"3i";"COc1ccc(OCCCCCCC(=O)O)cc1Cc1cnc(N)nc1N";"IC50";"'='";"180.0";"nM";"6.75";"";"";"UO_0000065";"18.01";"0.34";"4.09";"5.05";"0";"CHEMBL662241";"Inhibition of partially purified dihydrofolate reductase (DHFR) from Toxoplasma gondii (Tg)";"B";"BAO_0000357";"single protein format";"Toxoplasma gondii";"None";"None";"None";"None";"";"";"";"CHEMBL2425";"Dihydrofolate reductase";"Toxoplasma gondii";"SINGLE PROTEIN";"CHEMBL1135399";"1";"Scientific Literature";"J Med Chem";"2002";"None";"";"";""
"CHEMBL190650";"";"None";"391.43";"0";"2.31";"10";"COc1ccc(C#CCCC(=O)O)cc1Cc1cnc2nc(N)nc(N)c2c1C";"IC50";"'='";"0.46";"nM";"9.34";"";"";"UO_0000065";"23.85";"0.44";"7.03";"6.80";"0";"CHEMBL827820";"Inhibitory concentration against Toxoplasma gondii DHFR";"B";"BAO_0000357";"single protein format";"Toxoplasma gondii";"None";"None";"None";"None";"";"";"";"CHEMBL2425";"Dihydrofolate reductase";"Toxoplasma gondii";"SINGLE PROTEIN";"CHEMBL1145152";"1";"Scientific Literature";"J Med Chem";"2005";"None";"";"";""
"CHEMBL23867";"";"None";"330.39";"0";"3.26";"9";"Cc1c(CNc2cccc3ccccc23)cnc2nc(N)nc(N)c12";"IC50";"'='";"14.5";"nM";"7.84";"";"";"UO_0000065";"23.73";"0.43";"4.58";"7.63";"1";"CHEMBL828662";"Inhibition of Toxoplasma gondii dihydrofolate reductase";"B";"BAO_0000357";"single protein format";"Toxoplasma gondii";"None";"None";"None";"None";"";"";"";"CHEMBL2425";"Dihydrofolate reductase";"Toxoplasma gondii";"SINGLE PROTEIN";"CHEMBL1145190";"1";"Scientific Literature";"J Med Chem";"2005";"None";"";"";""
"CHEMBL334198";"";"None";"305.79";"0";"3.24";"1c";"Cc1c(Sc2cccc(Cl)c2)[nH]c2nc(N)nc(N)c12";"IC50";"'='";"6940000.0";"nM";"";"Outside typical range";"";"UO_0000065";"";"";"";"";"0";"CHEMBL889609";"Inhibition of Toxoplasma gondii DHFR";"B";"BAO_0000357";"single protein format";"Toxoplasma gondii";"None";"None";"None";"None";"";"";"";"CHEMBL2425";"Dihydrofolate reductase";"Toxoplasma gondii";"SINGLE PROTEIN";"CHEMBL1145401";"1";"Scientific Literature";"J Med Chem";"2007";"None";"";"";""
"CHEMBL225072";"PEMETREXED";"4.0";"427.42";"1";"0.67";"LY-231514";"Nc1nc2[nH]cc(CCc3ccc(C(=O)N[C@@H](CCC(=O)O)C(=O)O)cc3)c2c(=O)[nH]1";"IC50";"'='";"460.0";"nM";"6.34";"";"";"UO_0000065";"14.83";"0.28";"5.67";"3.31";"0";"CHEMBL914522";"Inhibition of Toxoplasma gondii DHFR";"B";"BAO_0000357";"single protein format";"Toxoplasma gondii";"None";"None";"None";"None";"";"";"";"CHEMBL2425";"Dihydrofolate reductase";"Toxoplasma gondii";"SINGLE PROTEIN";"CHEMBL1139472";"1";"Scientific Literature";"J Med Chem";"2005";"None";"";"";""
"CHEMBL422395";"";"None";"477.48";"0";"1.19";"PDDF";"C#CCN(Cc1ccc2[nH]c(N)nc(=O)c2c1)c1ccc(C(=O)NC(CCC(=O)O)C(=O)O)cc1";"IC50";"'='";"220.0";"nM";"6.66";"";"";"UO_0000065";"13.94";"0.26";"5.47";"3.73";"0";"CHEMBL914522";"Inhibition of Toxoplasma gondii DHFR";"B";"BAO_0000357";"single protein format";"Toxoplasma gondii";"None";"None";"None";"None";"";"";"";"CHEMBL2425";"Dihydrofolate reductase";"Toxoplasma gondii";"SINGLE PROTEIN";"CHEMBL1139472";"1";"Scientific Literature";"J Med Chem";"2005";"None";"";"";""
"CHEMBL225072";"PEMETREXED";"4.0";"427.42";"1";"0.67";"LY-231514";"Nc1nc2[nH]cc(CCc3ccc(C(=O)N[C@@H](CCC(=O)O)C(=O)O)cc3)c2c(=O)[nH]1";"IC50";"'='";"2800.0";"nM";"5.55";"";"";"UO_0000065";"12.99";"0.24";"4.88";"2.90";"0";"CHEMBL914521";"Inhibition of Toxoplasma gondii thymidylate synthase";"B";"BAO_0000357";"single protein format";"Toxoplasma gondii";"None";"None";"None";"None";"";"";"";"CHEMBL2425";"Dihydrofolate reductase";"Toxoplasma gondii";"SINGLE PROTEIN";"CHEMBL1139472";"1";"Scientific Literature";"J Med Chem";"2005";"None";"";"";""
"CHEMBL189369";"";"None";"463.50";"0";"3.62";"20";"Nc1nc(N)c2nc(CN3c4ccccc4C=Cc4c(C#CCCC(=O)O)cccc43)cnc2n1";"IC50";"'='";"77.0";"nM";"7.11";"";"";"UO_0000065";"15.35";"0.28";"3.49";"4.94";"0";"CHEMBL827820";"Inhibitory concentration against Toxoplasma gondii DHFR";"B";"BAO_0000357";"single protein format";"Toxoplasma gondii";"None";"None";"None";"None";"";"";"";"CHEMBL2425";"Dihydrofolate reductase";"Toxoplasma gondii";"SINGLE PROTEIN";"CHEMBL1145152";"1";"Scientific Literature";"J Med Chem";"2005";"None";"";"";""
"CHEMBL105323";"";"None";"286.30";"0";"1.20";"8";"COc1cc(OC)cc(-c2nc3c(N)nc(N)nc3[nH]2)c1";"IC50";"'='";"3000.0";"nM";"5.52";"";"";"UO_0000065";"19.29";"0.36";"4.32";"4.42";"0";"CHEMBL664911";"Inhibition of Toxoplasma gondii dihydrofolate reductase";"B";"BAO_0000357";"single protein format";"Toxoplasma gondii";"None";"None";"None";"None";"";"";"";"CHEMBL2425";"Dihydrofolate reductase";"Toxoplasma gondii";"SINGLE PROTEIN";"CHEMBL1130150";"1";"Scientific Literature";"J Med Chem";"1997";"None";"";"";""
"CHEMBL103108";"";"None";"314.35";"0";"2.68";"19";"Nc1nc(N)c2nc(C3c4ccccc4-c4ccccc43)[nH]c2n1";"IC50";"'='";"30500.0";"nM";"4.52";"";"";"UO_0000065";"14.37";"0.26";"1.84";"4.24";"0";"CHEMBL664911";"Inhibition of Toxoplasma gondii dihydrofolate reductase";"B";"BAO_0000357";"single protein format";"Toxoplasma gondii";"None";"None";"None";"None";"";"";"";"CHEMBL2425";"Dihydrofolate reductase";"Toxoplasma gondii";"SINGLE PROTEIN";"CHEMBL1130150";"1";"Scientific Literature";"J Med Chem";"1997";"None";"";"";""
"CHEMBL400485";"";"None";"341.22";"0";"3.60";"9";"Cc1[nH]c2nc(N)[nH]c(=O)c2c1Sc1ccc(Cl)c(Cl)c1";"IC50";"'='";"11700.0";"nM";"4.93";"";"";"UO_0000065";"14.45";"0.32";"1.33";"5.63";"0";"CHEMBL662240";"The inhibitory concentration of compound against Dihydrofolate reductases on Toxoplasma gondii";"B";"BAO_0000357";"single protein format";"Toxoplasma gondii";"None";"None";"None";"None";"";"";"";"CHEMBL2425";"Dihydrofolate reductase";"Toxoplasma gondii";"SINGLE PROTEIN";"CHEMBL1129396";"1";"Scientific Literature";"J Med Chem";"1996";"None";"";"";""
"CHEMBL88555";"";"None";"389.84";"0";"3.09";"9";"COc1cc(NCc2ccc3nc(N)nc(N)c3c2Cl)cc(OC)c1OC";"IC50";"'='";"5.2";"nM";"8.28";"";"";"UO_0000065";"21.25";"0.42";"5.19";"7.05";"0";"CHEMBL664915";"Inhibition of Dihydrofolate reductase of Toxoplasma gondii";"B";"BAO_0000357";"single protein format";"Toxoplasma gondii";"None";"None";"None";"None";"";"";"";"CHEMBL2425";"Dihydrofolate reductase";"Toxoplasma gondii";"SINGLE PROTEIN";"CHEMBL1127704";"1";"Scientific Literature";"J Med Chem";"1994";"None";"";"";""
"CHEMBL119";"TRIMETREXATE";"4.0";"369.43";"0";"2.74";"2 (Trimetrexate)";"COc1cc(NCc2ccc3nc(N)nc(N)c3c2C)cc(OC)c1OC";"IC50";"'='";"10.0";"nM";"8.00";"";"";"UO_0000065";"21.65";"0.40";"5.26";"6.81";"1";"CHEMBL664922";"Inhibitory activity against dihydrofolate reductase DHFR in Toxoplasma gondii.";"B";"BAO_0000357";"single protein format";"Toxoplasma gondii";"None";"None";"None";"None";"";"";"";"CHEMBL2425";"Dihydrofolate reductase";"Toxoplasma gondii";"SINGLE PROTEIN";"CHEMBL1134547";"1";"Scientific Literature";"J Med Chem";"2001";"None";"";"";""
"CHEMBL32113";"";"None";"340.39";"0";"1.84";"1c";"COc1ccc(OC)c(CN(C)c2cnc3nc(N)nc(N)c3c2)c1";"IC50";"'='";"28.0";"nM";"7.55";"";"";"UO_0000065";"22.19";"0.41";"5.71";"6.72";"1";"CHEMBL664917";"Inhibitory activity against Dihydrofolate reductase from Toxoplasma gondii (tgDHFR)";"B";"BAO_0000357";"single protein format";"Toxoplasma gondii";"None";"None";"None";"None";"";"";"";"CHEMBL2425";"Dihydrofolate reductase";"Toxoplasma gondii";"SINGLE PROTEIN";"CHEMBL1131583";"1";"Scientific Literature";"J Med Chem";"1998";"None";"";"";""
"CHEMBL2114205";"";"None";"439.95";"0";"4.58";"12e";"CCc1nc(N)nc(N)c1-c1ccc(Cl)c(/N=N/N(CCO)[C@@H](C)c2ccccc2)c1";"IC50";"'='";"2700.0";"nM";"5.57";"";"";"UO_0000065";"12.66";"0.25";"0.99";"4.42";"0";"CHEMBL664922";"Inhibitory activity against dihydrofolate reductase DHFR in Toxoplasma gondii.";"B";"BAO_0000357";"single protein format";"Toxoplasma gondii";"None";"None";"None";"None";"";"";"";"CHEMBL2425";"Dihydrofolate reductase";"Toxoplasma gondii";"SINGLE PROTEIN";"CHEMBL1134547";"1";"Scientific Literature";"J Med Chem";"2001";"None";"";"";""
"CHEMBL59530";"";"None";"293.71";"0";"2.43";"8";"CCc1nc(N)nc(N)c1-c1ccc(Cl)c([N+](=O)[O-])c1";"IC50";"'='";"13.0";"nM";"7.89";"";"";"UO_0000065";"26.85";"0.54";"5.46";"6.52";"1";"CHEMBL884350";"Inhibitory activity against Dihydrofolate reductase from Toxoplasma gondii was evaluated using 90 uM dihydrofolic acid as substrate";"B";"BAO_0000357";"single protein format";"Toxoplasma gondii";"None";"None";"None";"None";"";"";"";"CHEMBL2425";"Dihydrofolate reductase";"Toxoplasma gondii";"SINGLE PROTEIN";"CHEMBL1130351";"1";"Scientific Literature";"J Med Chem";"1997";"None";"";"";""
"CHEMBL60639";"";"None";"440.46";"0";"2.39";"1";"CC(Cc1coc2nc(N)cc(N)c12)c1ccc(C(=O)NC(CCC(=O)O)C(=O)O)cc1";"IC50";"'='";"2100.0";"nM";"5.68";"";"";"UO_0000065";"12.89";"0.24";"3.29";"3.12";"0";"CHEMBL664914";"Inhibition of Toxoplasma gondii dihydrofolate reductase (DHFR)";"B";"BAO_0000357";"single protein format";"Toxoplasma gondii";"None";"None";"None";"None";"";"";"";"CHEMBL2425";"Dihydrofolate reductase";"Toxoplasma gondii";"SINGLE PROTEIN";"CHEMBL1135938";"1";"Scientific Literature";"J Med Chem";"2002";"None";"";"";""
"CHEMBL22434";"";"None";"334.41";"0";"3.03";"12c";"Nc1nc(N)c2nc(CSc3cccc4ccccc34)cnc2n1";"IC50";"'='";"7000.0";"nM";"5.16";"";"";"UO_0000065";"15.41";"0.29";"2.12";"4.98";"0";"CHEMBL665590";"Inhibitory activity against Toxoplasma gondii dihydrofolate reductase";"B";"BAO_0000357";"single protein format";"Toxoplasma gondii";"None";"None";"None";"None";"";"";"";"CHEMBL2425";"Dihydrofolate reductase";"Toxoplasma gondii";"SINGLE PROTEIN";"CHEMBL1129525";"1";"Scientific Literature";"J Med Chem";"1996";"None";"";"";""
"CHEMBL23532";"";"None";"370.41";"0";"2.14";"1";"COc1cc(NCc2cnc3nc(N)nc(N)c3c2C)cc(OC)c1OC";"IC50";"'='";"7.4";"nM";"8.13";"";"";"UO_0000065";"21.95";"0.41";"5.99";"6.23";"1";"CHEMBL828662";"Inhibition of Toxoplasma gondii dihydrofolate reductase";"B";"BAO_0000357";"single protein format";"Toxoplasma gondii";"None";"None";"None";"None";"";"";"";"CHEMBL2425";"Dihydrofolate reductase";"Toxoplasma gondii";"SINGLE PROTEIN";"CHEMBL1145190";"1";"Scientific Literature";"J Med Chem";"2005";"None";"";"";""
"CHEMBL50514";"";"None";"384.44";"0";"2.16";"2";"COc1cc(N(C)Cc2cnc3nc(N)nc(N)c3c2C)cc(OC)c1OC";"IC50";"'='";"0.58";"nM";"9.24";"";"";"UO_0000065";"24.03";"0.45";"7.08";"7.59";"1";"CHEMBL828662";"Inhibition of Toxoplasma gondii dihydrofolate reductase";"B";"BAO_0000357";"single protein format";"Toxoplasma gondii";"None";"None";"None";"None";"";"";"";"CHEMBL2425";"Dihydrofolate reductase";"Toxoplasma gondii";"SINGLE PROTEIN";"CHEMBL1145190";"1";"Scientific Literature";"J Med Chem";"2005";"None";"";"";""
"CHEMBL50514";"";"None";"384.44";"0";"2.16";"2";"COc1cc(N(C)Cc2cnc3nc(N)nc(N)c3c2C)cc(OC)c1OC";"IC50";"'='";"0.5794";"nM";"9.24";"";"";"UO_0000065";"24.03";"0.45";"7.08";"7.59";"1";"CHEMBL830839";"Inhibition of Toxoplasma gondii dihydrofolate reductase";"B";"BAO_0000357";"single protein format";"Toxoplasma gondii";"None";"None";"None";"None";"";"";"";"CHEMBL2425";"Dihydrofolate reductase";"Toxoplasma gondii";"SINGLE PROTEIN";"CHEMBL1145190";"1";"Scientific Literature";"J Med Chem";"2005";"None";"";"";""
"CHEMBL334271";"";"None";"411.68";"0";"3.62";"8";"Cc1c(CN(C=O)c2cc(Cl)c(Cl)c(Cl)c2)cnc2nc(N)nc(N)c12";"IC50";"'='";"94.0";"nM";"7.03";"";"";"UO_0000065";"17.07";"0.37";"3.41";"6.33";"1";"CHEMBL828662";"Inhibition of Toxoplasma gondii dihydrofolate reductase";"B";"BAO_0000357";"single protein format";"Toxoplasma gondii";"None";"None";"None";"None";"";"";"";"CHEMBL2425";"Dihydrofolate reductase";"Toxoplasma gondii";"SINGLE PROTEIN";"CHEMBL1145190";"1";"Scientific Literature";"J Med Chem";"2005";"None";"";"";""
"CHEMBL331986";"";"None";"331.40";"0";"2.60";"1i";"COc1ccc(OC)c(Sc2[nH]c3nc(N)nc(N)c3c2C)c1";"IC50";"'='";"170000.0";"nM";"";"Potential transcription error";"";"UO_0000065";"";"";"";"";"1";"CHEMBL889609";"Inhibition of Toxoplasma gondii DHFR";"B";"BAO_0000357";"single protein format";"Toxoplasma gondii";"None";"None";"None";"None";"";"";"";"CHEMBL2425";"Dihydrofolate reductase";"Toxoplasma gondii";"SINGLE PROTEIN";"CHEMBL1145401";"1";"Scientific Literature";"J Med Chem";"2007";"None";"";"";""
"CHEMBL227008";"";"None";"354.27";"0";"4.14";"11";"CCc1c(Sc2c(Cl)cccc2Cl)[nH]c2nc(N)nc(N)c12";"IC50";"'='";"3800000.0";"nM";"";"Outside typical range";"";"UO_0000065";"";"";"";"";"0";"CHEMBL889609";"Inhibition of Toxoplasma gondii DHFR";"B";"BAO_0000357";"single protein format";"Toxoplasma gondii";"None";"None";"None";"None";"";"";"";"CHEMBL2425";"Dihydrofolate reductase";"Toxoplasma gondii";"SINGLE PROTEIN";"CHEMBL1145401";"1";"Scientific Literature";"J Med Chem";"2007";"None";"";"";""
"CHEMBL23532";"";"None";"370.41";"0";"2.14";"1a";"COc1cc(NCc2cnc3nc(N)nc(N)c3c2C)cc(OC)c1OC";"IC50";"'='";"7.4";"nM";"8.13";"";"";"UO_0000065";"21.95";"0.41";"5.99";"6.23";"1";"CHEMBL665700";"Inhibition of dihydrofolate reductase (DHFR) from Toxoplasma gondii(tg)";"B";"BAO_0000357";"single protein format";"Toxoplasma gondii";"None";"None";"None";"None";"";"";"";"CHEMBL2425";"Dihydrofolate reductase";"Toxoplasma gondii";"SINGLE PROTEIN";"CHEMBL1132261";"1";"Scientific Literature";"J Med Chem";"1999";"None";"";"";""
"CHEMBL266024";"";"None";"338.33";"0";"2.89";"5h";"Nc1nc(N)c2c(n1)CCC(Cc1cccc(OC(F)(F)F)c1)C2";"IC50";"'='";"14.0";"nM";"7.85";"";"";"UO_0000065";"23.21";"0.45";"4.96";"9.02";"0";"CHEMBL665602";"The ability to inhibit Toxoplasma gondii Dihydrofolate reductase was tested";"B";"BAO_0000357";"single protein format";"Toxoplasma gondii";"None";"None";"None";"None";"";"";"";"CHEMBL2425";"Dihydrofolate reductase";"Toxoplasma gondii";"SINGLE PROTEIN";"CHEMBL1132605";"1";"Scientific Literature";"J Med Chem";"1999";"None";"";"";""
"CHEMBL7263";"";"None";"329.40";"0";"1.88";"23";"COc1ccc(OC)c(NCC2CCc3nc(N)nc(N)c3C2)c1";"IC50";"'='";"180.0";"nM";"6.75";"";"";"UO_0000065";"20.48";"0.38";"4.86";"6.23";"0";"CHEMBL665602";"The ability to inhibit Toxoplasma gondii Dihydrofolate reductase was tested";"B";"BAO_0000357";"single protein format";"Toxoplasma gondii";"None";"None";"None";"None";"";"";"";"CHEMBL2425";"Dihydrofolate reductase";"Toxoplasma gondii";"SINGLE PROTEIN";"CHEMBL1132605";"1";"Scientific Literature";"J Med Chem";"1999";"None";"";"";""
"CHEMBL449543";"";"None";"307.38";"0";"3.17";"13";"Cc1sc2nc(N)[nH]c(=O)c2c1Sc1ccc(F)cc1";"IC50";"'='";"4000.0";"nM";"5.40";"";"";"UO_0000065";"17.56";"0.37";"2.23";"7.52";"0";"CHEMBL1034982";"Inhibition of Toxoplasma gondii thymidylate synthase";"B";"BAO_0000357";"single protein format";"Toxoplasma gondii";"None";"None";"None";"None";"";"";"";"CHEMBL2425";"Dihydrofolate reductase";"Toxoplasma gondii";"SINGLE PROTEIN";"CHEMBL1140135";"1";"Scientific Literature";"J Med Chem";"2008";"None";"";"";""
"CHEMBL225180";"";"None";"445.46";"1";"1.34";"1";"Cc1[nH]c2nc(N)[nH]c(=O)c2c1Sc1ccc(C(=O)N[C@@H](CCC(=O)O)C(=O)O)cc1";"IC50";"";"";"";"";"";"Not Determined";"";"";"";"";"";"0";"CHEMBL1034984";"Inhibition of Toxoplasma gondii DHFR";"B";"BAO_0000357";"single protein format";"Toxoplasma gondii";"None";"None";"None";"None";"";"";"";"CHEMBL2425";"Dihydrofolate reductase";"Toxoplasma gondii";"SINGLE PROTEIN";"CHEMBL1140135";"1";"Scientific Literature";"J Med Chem";"2008";"None";"";"";""
"CHEMBL449543";"";"None";"307.38";"0";"3.17";"13";"Cc1sc2nc(N)[nH]c(=O)c2c1Sc1ccc(F)cc1";"IC50";"'='";"48.0";"nM";"7.32";"";"";"UO_0000065";"23.81";"0.50";"4.15";"10.20";"0";"CHEMBL1034984";"Inhibition of Toxoplasma gondii DHFR";"B";"BAO_0000357";"single protein format";"Toxoplasma gondii";"None";"None";"None";"None";"";"";"";"CHEMBL2425";"Dihydrofolate reductase";"Toxoplasma gondii";"SINGLE PROTEIN";"CHEMBL1140135";"1";"Scientific Literature";"J Med Chem";"2008";"None";"";"";""
"CHEMBL22";"TRIMETHOPRIM";"4.0";"290.32";"0";"1.26";"13";"COc1cc(Cc2cnc(N)nc2N)cc(OC)c1OC";"IC50";"'='";"2730.0";"nM";"5.56";"";"";"UO_0000065";"19.16";"0.36";"4.30";"5.27";"1";"CHEMBL888668";"Inhibition of Toxoplasma gondii DHFR";"B";"BAO_0000357";"single protein format";"Toxoplasma gondii";"None";"None";"None";"None";"";"";"";"CHEMBL2425";"Dihydrofolate reductase";"Toxoplasma gondii";"SINGLE PROTEIN";"CHEMBL1145424";"1";"Scientific Literature";"J Med Chem";"2007";"None";"";"";""
"CHEMBL478213";"";"None";"349.46";"0";"4.38";"18";"CCCc1c(Sc2ccc3ccccc3c2)[nH]c2nc(N)nc(N)c12";"Inhibition";"'='";"12.0";"%";"";"";"";"UO_0000187";"";"";"";"";"0";"CHEMBL983751";"Inhibition of Toxoplasma gondii thymidylate synthase at >15 uM";"B";"BAO_0000357";"single protein format";"Toxoplasma gondii";"None";"None";"None";"None";"";"";"";"CHEMBL2425";"Dihydrofolate reductase";"Toxoplasma gondii";"SINGLE PROTEIN";"CHEMBL1155823";"1";"Scientific Literature";"J Med Chem";"2008";"None";"";"";""
"CHEMBL34259";"METHOTREXATE";"4.0";"454.45";"0";"0.27";"MTX";"CN(Cc1cnc2nc(N)nc(N)c2n1)c1ccc(C(=O)N[C@@H](CCC(=O)O)C(=O)O)cc1";"IC50";"'='";"14.0";"nM";"7.85";"";"";"UO_0000065";"17.28";"0.33";"7.58";"3.73";"0";"CHEMBL665600";"Inhibitory concentration for DHFR in Toxoplasma gondii";"B";"BAO_0000357";"single protein format";"Toxoplasma gondii";"None";"None";"None";"None";"";"";"";"CHEMBL2425";"Dihydrofolate reductase";"Toxoplasma gondii";"SINGLE PROTEIN";"CHEMBL1127819";"1";"Scientific Literature";"J Med Chem";"1994";"None";"";"";""
"CHEMBL287481";"";"None";"344.46";"0";"3.59";"3c";"CCCCCCCOc1ccc(OC)c(Cc2cnc(N)nc2N)c1";"IC50";"'='";"5000.0";"nM";"5.30";"";"";"UO_0000065";"15.39";"0.29";"1.71";"5.51";"0";"CHEMBL662241";"Inhibition of partially purified dihydrofolate reductase (DHFR) from Toxoplasma gondii (Tg)";"B";"BAO_0000357";"single protein format";"Toxoplasma gondii";"None";"None";"None";"None";"";"";"";"CHEMBL2425";"Dihydrofolate reductase";"Toxoplasma gondii";"SINGLE PROTEIN";"CHEMBL1135399";"1";"Scientific Literature";"J Med Chem";"2002";"None";"";"";""
"CHEMBL389643";"";"None";"444.47";"1";"1.63";"3";"Cc1c(Sc2ccc(C(=O)N[C@@H](CCC(=O)O)C(=O)O)cc2)[nH]c2nc(N)nc(N)c12";"IC50";"'='";"1800.0";"nM";"5.75";"";"";"UO_0000065";"12.92";"0.25";"4.11";"2.91";"0";"CHEMBL914521";"Inhibition of Toxoplasma gondii thymidylate synthase";"B";"BAO_0000357";"single protein format";"Toxoplasma gondii";"None";"None";"None";"None";"";"";"";"CHEMBL2425";"Dihydrofolate reductase";"Toxoplasma gondii";"SINGLE PROTEIN";"CHEMBL1139472";"1";"Scientific Literature";"J Med Chem";"2005";"None";"";"";""
"CHEMBL224974";"";"None";"445.46";"1";"1.34";"4";"Cc1c(Sc2ccc(C(=O)N[C@@H](CCC(=O)O)C(=O)O)cc2)[nH]c2nc(N)[nH]c(=O)c12";"IC50";"'='";"3600.0";"nM";"5.44";"";"";"UO_0000065";"12.22";"0.24";"4.10";"2.85";"0";"CHEMBL914521";"Inhibition of Toxoplasma gondii thymidylate synthase";"B";"BAO_0000357";"single protein format";"Toxoplasma gondii";"None";"None";"None";"None";"";"";"";"CHEMBL2425";"Dihydrofolate reductase";"Toxoplasma gondii";"SINGLE PROTEIN";"CHEMBL1139472";"1";"Scientific Literature";"J Med Chem";"2005";"None";"";"";""
"CHEMBL455012";"";"None";"371.49";"0";"4.75";"13";"CCCCN(Cc1ccc2ccccc2c1)c1ccc2nc(N)nc(N)c2c1";"IC50";"'='";"25.0";"nM";"7.60";"";"";"UO_0000065";"20.46";"0.37";"2.85";"9.38";"0";"CHEMBL1027390";"Inhibition of Toxoplasma gondii dihydrofolate reductase";"B";"BAO_0000357";"single protein format";"Toxoplasma gondii";"None";"None";"None";"None";"";"";"";"CHEMBL2425";"Dihydrofolate reductase";"Toxoplasma gondii";"SINGLE PROTEIN";"CHEMBL1140088";"1";"Scientific Literature";"J Med Chem";"2008";"None";"";"";""
"CHEMBL521672";"";"None";"353.43";"0";"2.84";"8";"CCN(Cc1cc(OC)ccc1OC)c1ccc2nc(N)nc(N)c2c1";"IC50";"'='";"3.7";"nM";"8.43";"";"";"UO_0000065";"23.86";"0.44";"5.59";"8.47";"0";"CHEMBL1027390";"Inhibition of Toxoplasma gondii dihydrofolate reductase";"B";"BAO_0000357";"single protein format";"Toxoplasma gondii";"None";"None";"None";"None";"";"";"";"CHEMBL2425";"Dihydrofolate reductase";"Toxoplasma gondii";"SINGLE PROTEIN";"CHEMBL1140088";"1";"Scientific Literature";"J Med Chem";"2008";"None";"";"";""
"CHEMBL23560";"";"None";"311.35";"0";"1.51";"12l";"COc1ccc(C)c(NCc2cnc3nc(N)nc(N)c3n2)c1";"IC50";"'='";"440.0";"nM";"6.36";"";"";"UO_0000065";"20.42";"0.38";"4.85";"5.09";"0";"CHEMBL665590";"Inhibitory activity against Toxoplasma gondii dihydrofolate reductase";"B";"BAO_0000357";"single protein format";"Toxoplasma gondii";"None";"None";"None";"None";"";"";"";"CHEMBL2425";"Dihydrofolate reductase";"Toxoplasma gondii";"SINGLE PROTEIN";"CHEMBL1129525";"1";"Scientific Literature";"J Med Chem";"1996";"None";"";"";""
"CHEMBL23492";"";"None";"300.75";"0";"2.45";"15b";"Nc1nc(N)c2cc(CNc3ccc(Cl)cc3)cnc2n1";"IC50";"'='";"300.0";"nM";"6.52";"";"";"UO_0000065";"21.69";"0.42";"4.07";"6.35";"0";"CHEMBL665590";"Inhibitory activity against Toxoplasma gondii dihydrofolate reductase";"B";"BAO_0000357";"single protein format";"Toxoplasma gondii";"None";"None";"None";"None";"";"";"";"CHEMBL2425";"Dihydrofolate reductase";"Toxoplasma gondii";"SINGLE PROTEIN";"CHEMBL1129525";"1";"Scientific Literature";"J Med Chem";"1996";"None";"";"";""
"CHEMBL38158";"";"None";"378.43";"0";"2.72";"30";"COc1ccc(CCc2ccc(C(=O)O)cc2)cc1Cc1cnc(N)nc1N";"IC50";"'='";"1500.0";"nM";"5.82";"";"";"UO_0000065";"15.39";"0.28";"3.10";"4.68";"0";"CHEMBL665598";"Inhibitory concentration against dihydrofolate reductase of Toxoplasma gondii";"B";"BAO_0000357";"single protein format";"Toxoplasma gondii";"None";"None";"None";"None";"";"";"";"CHEMBL2425";"Dihydrofolate reductase";"Toxoplasma gondii";"SINGLE PROTEIN";"CHEMBL1149100";"1";"Scientific Literature";"J Med Chem";"2004";"None";"";"";""
"CHEMBL598605";"";"None";"343.39";"0";"3.57";"48";"Nc1nc(N)c2c(CNc3ccc4c(c3)Cc3ccccc3-4)coc2n1";"IC50";"'='";"27542.29";"nM";"4.56";"";"";"UO_0000065";"13.28";"0.24";"0.99";"4.43";"0";"CHEMBL1071424";"Inhibition of Toxoplasma gondii DHFR by spectrophotometric assay";"B";"BAO_0000357";"single protein format";"Toxoplasma gondii";"None";"None";"None";"None";"";"";"";"CHEMBL2425";"Dihydrofolate reductase";"Toxoplasma gondii";"SINGLE PROTEIN";"CHEMBL1156926";"1";"Scientific Literature";"Bioorg Med Chem";"2010";"None";"";"";""
"CHEMBL102518";"";"None";"286.30";"0";"1.20";"25";"COc1ccc(-c2nc3c(N)nc(N)nc3[nH]2)cc1OC";"IC50";"'='";"14200.0";"nM";"4.85";"";"";"UO_0000065";"16.93";"0.32";"3.65";"3.88";"1";"CHEMBL1071424";"Inhibition of Toxoplasma gondii DHFR by spectrophotometric assay";"B";"BAO_0000357";"single protein format";"Toxoplasma gondii";"None";"None";"None";"None";"";"";"";"CHEMBL2425";"Dihydrofolate reductase";"Toxoplasma gondii";"SINGLE PROTEIN";"CHEMBL1156926";"1";"Scientific Literature";"Bioorg Med Chem";"2010";"None";"";"";""
"CHEMBL591935";"";"None";"364.43";"0";"4.47";"57";"Nc1nc(N)c2c(CSc3cccc(Oc4ccccc4)c3)coc2n1";"IC50";"'='";"19000.0";"nM";"4.72";"";"";"UO_0000065";"12.96";"0.25";"0.25";"4.71";"0";"CHEMBL1071424";"Inhibition of Toxoplasma gondii DHFR by spectrophotometric assay";"B";"BAO_0000357";"single protein format";"Toxoplasma gondii";"None";"None";"None";"None";"";"";"";"CHEMBL2425";"Dihydrofolate reductase";"Toxoplasma gondii";"SINGLE PROTEIN";"CHEMBL1156926";"1";"Scientific Literature";"Bioorg Med Chem";"2010";"None";"";"";""
"CHEMBL278110";"";"None";"372.64";"0";"3.98";"46";"CN(Cc1coc2nc(N)nc(N)c12)c1cc(Cl)c(Cl)c(Cl)c1";"IC50";"'='";"21500.0";"nM";"4.67";"";"";"UO_0000065";"12.53";"0.28";"0.69";"4.95";"1";"CHEMBL1071424";"Inhibition of Toxoplasma gondii DHFR by spectrophotometric assay";"B";"BAO_0000357";"single protein format";"Toxoplasma gondii";"None";"None";"None";"None";"";"";"";"CHEMBL2425";"Dihydrofolate reductase";"Toxoplasma gondii";"SINGLE PROTEIN";"CHEMBL1156926";"1";"Scientific Literature";"Bioorg Med Chem";"2010";"None";"";"";""
"CHEMBL301769";"";"None";"367.42";"0";"3.41";"40";"Nc1nc(N)c2nc(CN3c4ccccc4C=Cc4ccccc43)cnc2n1";"IC50";"'='";"43.0";"nM";"7.37";"";"";"UO_0000065";"20.05";"0.36";"3.96";"6.89";"1";"CHEMBL664919";"Inhibitory activity against Dihydrohydrofolate reductase(DHFR) of Toxoplasma gondii";"B";"BAO_0000357";"single protein format";"Toxoplasma gondii";"None";"None";"None";"None";"";"";"";"CHEMBL2425";"Dihydrofolate reductase";"Toxoplasma gondii";"SINGLE PROTEIN";"CHEMBL1136782";"1";"Scientific Literature";"J Med Chem";"2003";"None";"";"";""
"CHEMBL17323";"";"None";"314.35";"0";"1.75";"36";"COc1ccc(OC)c(NCc2c[nH]c3nc(N)nc(N)c23)c1";"IC50";"'='";"1700.0";"nM";"5.77";"";"";"UO_0000065";"18.35";"0.34";"4.02";"4.65";"1";"CHEMBL828662";"Inhibition of Toxoplasma gondii dihydrofolate reductase";"B";"BAO_0000357";"single protein format";"Toxoplasma gondii";"None";"None";"None";"None";"";"";"";"CHEMBL2425";"Dihydrofolate reductase";"Toxoplasma gondii";"SINGLE PROTEIN";"CHEMBL1145190";"1";"Scientific Literature";"J Med Chem";"2005";"None";"";"";""
"CHEMBL276734";"";"None";"304.36";"0";"2.89";"38";"Nc1nc(N)c2c(CNc3cccc4ccccc34)c[nH]c2n1";"IC50";"'='";"1099.01";"nM";"5.96";"";"";"UO_0000065";"19.58";"0.35";"3.07";"5.64";"0";"CHEMBL830839";"Inhibition of Toxoplasma gondii dihydrofolate reductase";"B";"BAO_0000357";"single protein format";"Toxoplasma gondii";"None";"None";"None";"None";"";"";"";"CHEMBL2425";"Dihydrofolate reductase";"Toxoplasma gondii";"SINGLE PROTEIN";"CHEMBL1145190";"1";"Scientific Literature";"J Med Chem";"2005";"None";"";"";""
"CHEMBL23705";"";"None";"354.41";"0";"2.15";"14";"COc1ccc(N(C)Cc2cnc3nc(N)nc(N)c3c2C)c(OC)c1";"IC50";"'='";"38.0";"nM";"7.42";"";"";"UO_0000065";"20.94";"0.39";"5.27";"6.60";"1";"CHEMBL830839";"Inhibition of Toxoplasma gondii dihydrofolate reductase";"B";"BAO_0000357";"single protein format";"Toxoplasma gondii";"None";"None";"None";"None";"";"";"";"CHEMBL2425";"Dihydrofolate reductase";"Toxoplasma gondii";"SINGLE PROTEIN";"CHEMBL1145190";"1";"Scientific Literature";"J Med Chem";"2005";"None";"";"";""
"CHEMBL279680";"";"None";"354.41";"0";"2.15";"15";"COc1ccc(N(C)Cc2cnc3nc(N)nc(N)c3c2C)cc1OC";"IC50";"'='";"29.0";"nM";"7.54";"";"";"UO_0000065";"21.27";"0.40";"5.39";"6.71";"1";"CHEMBL828662";"Inhibition of Toxoplasma gondii dihydrofolate reductase";"B";"BAO_0000357";"single protein format";"Toxoplasma gondii";"None";"None";"None";"None";"";"";"";"CHEMBL2425";"Dihydrofolate reductase";"Toxoplasma gondii";"SINGLE PROTEIN";"CHEMBL1145190";"1";"Scientific Literature";"J Med Chem";"2005";"None";"";"";""
"CHEMBL121319";"";"None";"338.24";"0";"3.16";"141";"Nc1nc(N)c2c(n1)CCC(CNc1cc(Cl)ccc1Cl)C2";"IC50";"'='";"97.01";"nM";"7.01";"";"";"UO_0000065";"20.73";"0.44";"3.85";"7.81";"0";"CHEMBL830839";"Inhibition of Toxoplasma gondii dihydrofolate reductase";"B";"BAO_0000357";"single protein format";"Toxoplasma gondii";"None";"None";"None";"None";"";"";"";"CHEMBL2425";"Dihydrofolate reductase";"Toxoplasma gondii";"SINGLE PROTEIN";"CHEMBL1145190";"1";"Scientific Literature";"J Med Chem";"2005";"None";"";"";""
"CHEMBL145528";"";"None";"295.35";"0";"1.98";"31";"COc1ccc(CCc2cnc3nc(N)nc(N)c3c2)cc1";"IC50";"'='";"250.03";"nM";"6.60";"";"";"UO_0000065";"22.35";"0.41";"4.62";"6.61";"0";"CHEMBL830839";"Inhibition of Toxoplasma gondii dihydrofolate reductase";"B";"BAO_0000357";"single protein format";"Toxoplasma gondii";"None";"None";"None";"None";"";"";"";"CHEMBL2425";"Dihydrofolate reductase";"Toxoplasma gondii";"SINGLE PROTEIN";"CHEMBL1145190";"1";"Scientific Literature";"J Med Chem";"2005";"None";"";"";""
"CHEMBL32635";"";"None";"316.37";"0";"2.95";"23";"Nc1nc(N)c2cc(NCc3cccc4ccccc34)cnc2n1";"IC50";"'='";"980.0";"nM";"6.01";"";"";"UO_0000065";"18.99";"0.34";"3.06";"5.85";"0";"CHEMBL665616";"Inhibitory activity against Toxoplasma gondii dihydrofolate reductase (in 90 uM dihydrofolic acid)";"B";"BAO_0000357";"single protein format";"Toxoplasma gondii";"None";"None";"None";"None";"";"";"";"CHEMBL2425";"Dihydrofolate reductase";"Toxoplasma gondii";"SINGLE PROTEIN";"CHEMBL1129539";"1";"Scientific Literature";"J Med Chem";"1996";"None";"";"";""
"CHEMBL1818549";"";"None";"506.54";"1";"3.33";"5";"Cc1nc2sc3cccc(CNc4ccc5c(c4)CN([C@@H](CCC(=O)O)C(=O)O)C5=O)c3c2c(=O)[nH]1";"IC50";"'='";"1800.0";"nM";"5.75";"";"";"UO_0000065";"11.34";"0.22";"2.41";"3.76";"0";"CHEMBL1819664";"Inhibition of Toxoplasma gondii DHFR by spectrophotometry";"B";"BAO_0000357";"single protein format";"Toxoplasma gondii";"None";"None";"None";"None";"";"";"";"CHEMBL2425";"Dihydrofolate reductase";"Toxoplasma gondii";"SINGLE PROTEIN";"CHEMBL1817595";"1";"Scientific Literature";"Bioorg Med Chem";"2011";"None";"";"";""
"CHEMBL225072";"PEMETREXED";"4.0";"427.42";"1";"0.67";"PMX";"Nc1nc2[nH]cc(CCc3ccc(C(=O)N[C@@H](CCC(=O)O)C(=O)O)cc3)c2c(=O)[nH]1";"IC50";"'='";"2800.0";"nM";"5.55";"";"";"UO_0000065";"12.99";"0.24";"4.88";"2.90";"1";"CHEMBL1819661";"Inhibition of Toxoplasma gondii TS assessed as oxidation of tetrahydrofolate to dihydrofolate after 2 to 12 mins by spectrophotometry";"B";"BAO_0000357";"single protein format";"Toxoplasma gondii";"None";"None";"None";"None";"";"";"";"CHEMBL2425";"Dihydrofolate reductase";"Toxoplasma gondii";"SINGLE PROTEIN";"CHEMBL1817595";"1";"Scientific Literature";"Bioorg Med Chem";"2011";"None";"";"";""
"CHEMBL52930";"";"None";"383.67";"0";"3.79";"33";"CN(Cc1ccc2nc(N)nc(N)c2n1)c1c(Cl)cc(Cl)cc1Cl";"IC50";"'='";"44.0";"nM";"7.36";"";"";"UO_0000065";"19.17";"0.42";"3.57";"7.83";"0";"CHEMBL665702";"Inhibitory activity against Toxoplasma gondii dihydrofolate reductase.";"B";"BAO_0000357";"single protein format";"Toxoplasma gondii";"None";"None";"None";"None";"";"";"";"CHEMBL2425";"Dihydrofolate reductase";"Toxoplasma gondii";"SINGLE PROTEIN";"CHEMBL1129583";"1";"Scientific Literature";"J Med Chem";"1996";"None";"";"";""
"CHEMBL282948";"";"None";"334.43";"0";"2.99";"14l";"Cc1c(CNc2cccc3c2CCCC3)cnc2nc(N)nc(N)c12";"IC50";"'='";"26.0";"nM";"7.58";"";"";"UO_0000065";"22.68";"0.41";"4.60";"7.38";"0";"CHEMBL665590";"Inhibitory activity against Toxoplasma gondii dihydrofolate reductase";"B";"BAO_0000357";"single protein format";"Toxoplasma gondii";"None";"None";"None";"None";"";"";"";"CHEMBL2425";"Dihydrofolate reductase";"Toxoplasma gondii";"SINGLE PROTEIN";"CHEMBL1129525";"1";"Scientific Literature";"J Med Chem";"1996";"None";"";"";""
"CHEMBL22";"TRIMETHOPRIM";"4.0";"290.32";"0";"1.26";"TMP";"COc1cc(Cc2cnc(N)nc2N)cc(OC)c1OC";"IC50";"'='";"10000.0";"nM";"5.00";"";"";"UO_0000065";"17.22";"0.33";"3.74";"4.74";"0";"CHEMBL665697";"Inhibitory concentration against Toxoplasma gondii dihydrofolate reductases (DHFR)";"B";"BAO_0000357";"single protein format";"Toxoplasma gondii";"None";"None";"None";"None";"";"";"";"CHEMBL2425";"Dihydrofolate reductase";"Toxoplasma gondii";"SINGLE PROTEIN";"CHEMBL1126886";"1";"Scientific Literature";"J Med Chem";"1993";"None";"";"";""
"CHEMBL102444";"";"None";"345.36";"0";"1.11";"21";"COc1cc(NCc2nc3[nH]c(N)nc(N)c-3n2)cc(OC)c1OC";"IC50";"'='";"34000.0";"nM";"4.47";"";"";"UO_0000065";"12.94";"0.24";"3.36";"3.06";"0";"CHEMBL664911";"Inhibition of Toxoplasma gondii dihydrofolate reductase";"B";"BAO_0000357";"single protein format";"Toxoplasma gondii";"None";"None";"None";"None";"";"";"";"CHEMBL2425";"Dihydrofolate reductase";"Toxoplasma gondii";"SINGLE PROTEIN";"CHEMBL1130150";"1";"Scientific Literature";"J Med Chem";"1997";"None";"";"";""
"CHEMBL53903";"";"None";"360.42";"0";"3.27";"20";"COc1ccc(NCc2cnc3nc(N)nc(N)c3c2C)c2ccccc12";"IC50";"'='";"23.0";"nM";"7.64";"";"";"UO_0000065";"21.19";"0.39";"4.37";"6.82";"1";"CHEMBL828662";"Inhibition of Toxoplasma gondii dihydrofolate reductase";"B";"BAO_0000357";"single protein format";"Toxoplasma gondii";"None";"None";"None";"None";"";"";"";"CHEMBL2425";"Dihydrofolate reductase";"Toxoplasma gondii";"SINGLE PROTEIN";"CHEMBL1145190";"1";"Scientific Literature";"J Med Chem";"2005";"None";"";"";""
"CHEMBL53903";"";"None";"360.42";"0";"3.27";"20";"COc1ccc(NCc2cnc3nc(N)nc(N)c3c2C)c2ccccc12";"IC50";"'='";"23.0";"nM";"7.64";"";"";"UO_0000065";"21.19";"0.39";"4.37";"6.82";"1";"CHEMBL830839";"Inhibition of Toxoplasma gondii dihydrofolate reductase";"B";"BAO_0000357";"single protein format";"Toxoplasma gondii";"None";"None";"None";"None";"";"";"";"CHEMBL2425";"Dihydrofolate reductase";"Toxoplasma gondii";"SINGLE PROTEIN";"CHEMBL1145190";"1";"Scientific Literature";"J Med Chem";"2005";"None";"";"";""
"CHEMBL49246";"";"None";"319.80";"0";"3.08";"38";"CCc1nc(N)nc(N)c1-c1ccc(Cl)c(/N=N/N(C)C)c1";"IC50";"'='";"310.0";"nM";"6.51";"";"";"UO_0000065";"20.35";"0.40";"3.43";"6.15";"1";"CHEMBL664919";"Inhibitory activity against Dihydrohydrofolate reductase(DHFR) of Toxoplasma gondii";"B";"BAO_0000357";"single protein format";"Toxoplasma gondii";"None";"None";"None";"None";"";"";"";"CHEMBL2425";"Dihydrofolate reductase";"Toxoplasma gondii";"SINGLE PROTEIN";"CHEMBL1136782";"1";"Scientific Literature";"J Med Chem";"2003";"None";"";"";""
"CHEMBL287511";"";"None";"326.36";"0";"1.39";"12u";"COc1ccc(OC)c(CCc2cnc3nc(N)nc(N)c3n2)c1";"IC50";"'='";"5400.0";"nM";"5.27";"";"";"UO_0000065";"16.14";"0.30";"3.88";"4.32";"0";"CHEMBL665590";"Inhibitory activity against Toxoplasma gondii dihydrofolate reductase";"B";"BAO_0000357";"single protein format";"Toxoplasma gondii";"None";"None";"None";"None";"";"";"";"CHEMBL2425";"Dihydrofolate reductase";"Toxoplasma gondii";"SINGLE PROTEIN";"CHEMBL1129525";"1";"Scientific Literature";"J Med Chem";"1996";"None";"";"";""
"CHEMBL35020";"";"None";"374.40";"0";"2.34";"28";"COc1ccc(C#Cc2cccc(C(=O)O)c2)cc1Cc1cnc(N)nc1N";"IC50";"'='";"5.5";"nM";"8.26";"";"";"UO_0000065";"22.06";"0.40";"5.92";"6.64";"0";"CHEMBL665598";"Inhibitory concentration against dihydrofolate reductase of Toxoplasma gondii";"B";"BAO_0000357";"single protein format";"Toxoplasma gondii";"None";"None";"None";"None";"";"";"";"CHEMBL2425";"Dihydrofolate reductase";"Toxoplasma gondii";"SINGLE PROTEIN";"CHEMBL1149100";"1";"Scientific Literature";"J Med Chem";"2004";"None";"";"";""
"CHEMBL23569";"";"None";"340.39";"0";"2.13";"13p";"COc1cc(NCc2cnc3nc(N)nc(N)c3c2C)cc(OC)c1";"IC50";"'='";"3.5";"nM";"8.46";"";"";"UO_0000065";"24.84";"0.46";"6.33";"6.98";"0";"CHEMBL665590";"Inhibitory activity against Toxoplasma gondii dihydrofolate reductase";"B";"BAO_0000357";"single protein format";"Toxoplasma gondii";"None";"None";"None";"None";"";"";"";"CHEMBL2425";"Dihydrofolate reductase";"Toxoplasma gondii";"SINGLE PROTEIN";"CHEMBL1129525";"1";"Scientific Literature";"J Med Chem";"1996";"None";"";"";""
"CHEMBL7488";"";"None";"359.43";"0";"1.88";"24";"COc1cc(NCC2CCc3nc(N)nc(N)c3C2)cc(OC)c1OC";"IC50";"'='";"54.0";"nM";"7.27";"";"";"UO_0000065";"20.22";"0.38";"5.39";"6.18";"1";"CHEMBL665602";"The ability to inhibit Toxoplasma gondii Dihydrofolate reductase was tested";"B";"BAO_0000357";"single protein format";"Toxoplasma gondii";"None";"None";"None";"None";"";"";"";"CHEMBL2425";"Dihydrofolate reductase";"Toxoplasma gondii";"SINGLE PROTEIN";"CHEMBL1132605";"1";"Scientific Literature";"J Med Chem";"1999";"None";"";"";""
"CHEMBL280378";"EPIROPRIM";"2.0";"353.43";"0";"2.82";"TMQ(3)";"CCOc1cc(Cc2cnc(N)nc2N)cc(OCC)c1-n1cccc1";"IC50";"'='";"470.0";"nM";"6.33";"";"";"UO_0000065";"17.90";"0.33";"3.51";"6.25";"0";"CHEMBL665616";"Inhibitory activity against Toxoplasma gondii dihydrofolate reductase (in 90 uM dihydrofolic acid)";"B";"BAO_0000357";"single protein format";"Toxoplasma gondii";"None";"None";"None";"None";"";"";"";"CHEMBL2425";"Dihydrofolate reductase";"Toxoplasma gondii";"SINGLE PROTEIN";"CHEMBL1129539";"1";"Scientific Literature";"J Med Chem";"1996";"None";"";"";""
"CHEMBL179319";"";"None";"294.36";"0";"2.13";"112";"Cc1c(CN(C)c2ccccc2)cnc2nc(N)nc(N)c12";"IC50";"'='";"6.295";"nM";"8.20";"";"";"UO_0000065";"27.86";"0.51";"6.07";"8.73";"0";"CHEMBL830839";"Inhibition of Toxoplasma gondii dihydrofolate reductase";"B";"BAO_0000357";"single protein format";"Toxoplasma gondii";"None";"None";"None";"None";"";"";"";"CHEMBL2425";"Dihydrofolate reductase";"Toxoplasma gondii";"SINGLE PROTEIN";"CHEMBL1145190";"1";"Scientific Literature";"J Med Chem";"2005";"None";"";"";""
"CHEMBL310880";"";"None";"328.81";"0";"2.79";"113";"Cc1c(CN(C)c2ccc(Cl)cc2)cnc2nc(N)nc(N)c12";"IC50";"'='";"1.7";"nM";"8.77";"";"";"UO_0000065";"26.67";"0.52";"5.98";"9.33";"0";"CHEMBL828662";"Inhibition of Toxoplasma gondii dihydrofolate reductase";"B";"BAO_0000357";"single protein format";"Toxoplasma gondii";"None";"None";"None";"None";"";"";"";"CHEMBL2425";"Dihydrofolate reductase";"Toxoplasma gondii";"SINGLE PROTEIN";"CHEMBL1145190";"1";"Scientific Literature";"J Med Chem";"2005";"None";"";"";""
"CHEMBL310880";"";"None";"328.81";"0";"2.79";"113";"Cc1c(CN(C)c2ccc(Cl)cc2)cnc2nc(N)nc(N)c12";"IC50";"'='";"1.698";"nM";"8.77";"";"";"UO_0000065";"26.67";"0.52";"5.98";"9.33";"0";"CHEMBL830839";"Inhibition of Toxoplasma gondii dihydrofolate reductase";"B";"BAO_0000357";"single protein format";"Toxoplasma gondii";"None";"None";"None";"None";"";"";"";"CHEMBL2425";"Dihydrofolate reductase";"Toxoplasma gondii";"SINGLE PROTEIN";"CHEMBL1145190";"1";"Scientific Literature";"J Med Chem";"2005";"None";"";"";""
"CHEMBL7492";"PIRITREXIM";"2.0";"325.37";"0";"2.11";"PTX";"COc1ccc(OC)c(Cc2cnc3nc(N)nc(N)c3c2C)c1";"IC50";"'='";"17.0";"nM";"7.77";"";"";"UO_0000065";"23.88";"0.44";"5.66";"7.12";"1";"CHEMBL665593";"Inhibitory concentration against Toxoplasma gondii Dihydrofolate reductase";"B";"BAO_0000357";"single protein format";"Toxoplasma gondii";"None";"None";"None";"None";"";"";"";"CHEMBL2425";"Dihydrofolate reductase";"Toxoplasma gondii";"SINGLE PROTEIN";"CHEMBL1130385";"1";"Scientific Literature";"J Med Chem";"1997";"None";"";"";""
"CHEMBL52947";"";"None";"326.36";"0";"1.82";"62";"COc1ccc(OC)c(NCc2ccc3nc(N)nc(N)c3n2)c1";"IC50";"'='";"120.0";"nM";"6.92";"";"";"UO_0000065";"21.21";"0.39";"5.10";"5.71";"1";"CHEMBL828662";"Inhibition of Toxoplasma gondii dihydrofolate reductase";"B";"BAO_0000357";"single protein format";"Toxoplasma gondii";"None";"None";"None";"None";"";"";"";"CHEMBL2425";"Dihydrofolate reductase";"Toxoplasma gondii";"SINGLE PROTEIN";"CHEMBL1145190";"1";"Scientific Literature";"J Med Chem";"2005";"None";"";"";""
"CHEMBL81820";"";"None";"349.23";"0";"3.42";"4";"Cc1c(CNc2ccc(Cl)c(Cl)c2)cnc2nc(N)nc(N)c12";"IC50";"'='";"28.0";"nM";"7.55";"";"";"UO_0000065";"21.63";"0.45";"4.13";"7.35";"1";"CHEMBL830839";"Inhibition of Toxoplasma gondii dihydrofolate reductase";"B";"BAO_0000357";"single protein format";"Toxoplasma gondii";"None";"None";"None";"None";"";"";"";"CHEMBL2425";"Dihydrofolate reductase";"Toxoplasma gondii";"SINGLE PROTEIN";"CHEMBL1145190";"1";"Scientific Literature";"J Med Chem";"2005";"None";"";"";""
"CHEMBL121433";"";"None";"352.27";"0";"3.19";"134";"CN(CC1CCc2nc(N)nc(N)c2C1)c1ccc(Cl)c(Cl)c1";"IC50";"'='";"21.0";"nM";"7.68";"";"";"UO_0000065";"21.80";"0.46";"4.49";"9.47";"1";"CHEMBL830839";"Inhibition of Toxoplasma gondii dihydrofolate reductase";"B";"BAO_0000357";"single protein format";"Toxoplasma gondii";"None";"None";"None";"None";"";"";"";"CHEMBL2425";"Dihydrofolate reductase";"Toxoplasma gondii";"SINGLE PROTEIN";"CHEMBL1145190";"1";"Scientific Literature";"J Med Chem";"2005";"None";"";"";""
"CHEMBL102518";"";"None";"286.30";"0";"1.20";"25";"COc1ccc(-c2nc3c(N)nc(N)nc3[nH]2)cc1OC";"IC50";"'='";"14125.38";"nM";"4.85";"";"";"UO_0000065";"16.94";"0.32";"3.65";"3.88";"0";"CHEMBL1071424";"Inhibition of Toxoplasma gondii DHFR by spectrophotometric assay";"B";"BAO_0000357";"single protein format";"Toxoplasma gondii";"None";"None";"None";"None";"";"";"";"CHEMBL2425";"Dihydrofolate reductase";"Toxoplasma gondii";"SINGLE PROTEIN";"CHEMBL1156926";"1";"Scientific Literature";"Bioorg Med Chem";"2010";"None";"";"";""
"CHEMBL609914";"";"None";"325.44";"0";"3.46";"59";"Cc1c(Sc2cccc3c2CCCC3)[nH]c2nc(N)nc(N)c12";"IC50";"'='";"158.49";"nM";"6.80";"";"";"UO_0000065";"20.89";"0.40";"3.34";"7.26";"0";"CHEMBL1071424";"Inhibition of Toxoplasma gondii DHFR by spectrophotometric assay";"B";"BAO_0000357";"single protein format";"Toxoplasma gondii";"None";"None";"None";"None";"";"";"";"CHEMBL2425";"Dihydrofolate reductase";"Toxoplasma gondii";"SINGLE PROTEIN";"CHEMBL1156926";"1";"Scientific Literature";"Bioorg Med Chem";"2010";"None";"";"";""
"CHEMBL608143";"";"None";"271.35";"0";"2.58";"73";"Cc1[nH]c2nc(N)nc(N)c2c1Sc1ccccc1";"IC50";"'='";"81283.05";"nM";"4.09";"";"";"UO_0000065";"15.07";"0.29";"1.51";"4.37";"0";"CHEMBL1071424";"Inhibition of Toxoplasma gondii DHFR by spectrophotometric assay";"B";"BAO_0000357";"single protein format";"Toxoplasma gondii";"None";"None";"None";"None";"";"";"";"CHEMBL2425";"Dihydrofolate reductase";"Toxoplasma gondii";"SINGLE PROTEIN";"CHEMBL1156926";"1";"Scientific Literature";"Bioorg Med Chem";"2010";"None";"";"";""
"CHEMBL119";"TRIMETREXATE";"4.0";"369.43";"0";"2.74";"TMQ";"COc1cc(NCc2ccc3nc(N)nc(N)c3c2C)cc(OC)c1OC";"IC50";"'='";"10000.0";"nM";"";"Potential transcription error";"";"UO_0000065";"";"";"";"";"1";"CHEMBL889609";"Inhibition of Toxoplasma gondii DHFR";"B";"BAO_0000357";"single protein format";"Toxoplasma gondii";"None";"None";"None";"None";"";"";"";"CHEMBL2425";"Dihydrofolate reductase";"Toxoplasma gondii";"SINGLE PROTEIN";"CHEMBL1145401";"1";"Scientific Literature";"J Med Chem";"2007";"None";"";"";""
"CHEMBL226953";"";"None";"335.44";"0";"3.99";"4";"CCc1c(Sc2ccc3ccccc3c2)[nH]c2nc(N)nc(N)c12";"IC50";"'='";"5120000.0";"nM";"";"Outside typical range";"";"UO_0000065";"";"";"";"";"0";"CHEMBL889609";"Inhibition of Toxoplasma gondii DHFR";"B";"BAO_0000357";"single protein format";"Toxoplasma gondii";"None";"None";"None";"None";"";"";"";"CHEMBL2425";"Dihydrofolate reductase";"Toxoplasma gondii";"SINGLE PROTEIN";"CHEMBL1145401";"1";"Scientific Literature";"J Med Chem";"2007";"None";"";"";""
"CHEMBL187595";"";"None";"405.46";"0";"2.70";"14";"COc1ccc(C#CCCCC(=O)O)c(Cc2cnc3nc(N)nc(N)c3c2C)c1";"IC50";"'='";"5.8";"nM";"8.24";"";"";"UO_0000065";"20.31";"0.37";"5.54";"6.00";"0";"CHEMBL827820";"Inhibitory concentration against Toxoplasma gondii DHFR";"B";"BAO_0000357";"single protein format";"Toxoplasma gondii";"None";"None";"None";"None";"";"";"";"CHEMBL2425";"Dihydrofolate reductase";"Toxoplasma gondii";"SINGLE PROTEIN";"CHEMBL1145152";"1";"Scientific Literature";"J Med Chem";"2005";"None";"";"";""
"CHEMBL280378";"EPIROPRIM";"2.0";"353.43";"0";"2.82";"epiroprim";"CCOc1cc(Cc2cnc(N)nc2N)cc(OCC)c1-n1cccc1";"IC50";"'='";"470.0";"nM";"6.33";"";"";"UO_0000065";"17.90";"0.33";"3.51";"6.25";"1";"CHEMBL884350";"Inhibitory activity against Dihydrofolate reductase from Toxoplasma gondii was evaluated using 90 uM dihydrofolic acid as substrate";"B";"BAO_0000357";"single protein format";"Toxoplasma gondii";"None";"None";"None";"None";"";"";"";"CHEMBL2425";"Dihydrofolate reductase";"Toxoplasma gondii";"SINGLE PROTEIN";"CHEMBL1130351";"1";"Scientific Literature";"J Med Chem";"1997";"None";"";"";""
"CHEMBL420224";"";"None";"383.67";"0";"4.07";"4c";"Cc1c(CNc2cc(Cl)c(Cl)c(Cl)c2)cnc2nc(N)nc(N)c12";"IC50";"'='";"12.0";"nM";"7.92";"";"";"UO_0000065";"20.64";"0.45";"3.85";"7.71";"0";"CHEMBL665696";"Inhibition of Toxoplasma gondii dihydrofolate reductase";"B";"BAO_0000357";"single protein format";"Toxoplasma gondii";"None";"None";"None";"None";"";"";"";"CHEMBL2425";"Dihydrofolate reductase";"Toxoplasma gondii";"SINGLE PROTEIN";"CHEMBL1126886";"1";"Scientific Literature";"J Med Chem";"1993";"None";"";"";""
"CHEMBL333791";"";"None";"338.24";"0";"3.16";"12";"Nc1nc(N)c2c(n1)CCC(CNc1c(Cl)cccc1Cl)C2";"IC50";"'='";"9.9";"nM";"8.00";"";"";"UO_0000065";"23.66";"0.50";"4.84";"8.91";"0";"CHEMBL665604";"Inhibitory activity against purified DHFR (Dihydrofolate reductase) from Toxoplasma gondii.";"B";"BAO_0000357";"single protein format";"Toxoplasma gondii";"None";"None";"None";"None";"";"";"";"CHEMBL2425";"Dihydrofolate reductase";"Toxoplasma gondii";"SINGLE PROTEIN";"CHEMBL1128550";"1";"Scientific Literature";"J Med Chem";"1995";"None";"";"";""
"CHEMBL17479";"";"None";"321.41";"0";"3.57";"7";"Nc1nc(N)c2c(CSc3cccc4ccccc34)c[nH]c2n1";"IC50";"'='";"810.0";"nM";"6.09";"";"";"UO_0000065";"18.95";"0.36";"2.52";"6.51";"0";"CHEMBL664913";"Inhibition against Dihydrofolate reductase in Toxoplasma gondii";"B";"BAO_0000357";"single protein format";"Toxoplasma gondii";"None";"None";"None";"None";"";"";"";"CHEMBL2425";"Dihydrofolate reductase";"Toxoplasma gondii";"SINGLE PROTEIN";"CHEMBL1129990";"1";"Scientific Literature";"J Med Chem";"1997";"None";"";"";""
"CHEMBL275893";"";"None";"321.41";"0";"3.57";"8";"Nc1nc(N)c2c(CSc3ccc4ccccc4c3)c[nH]c2n1";"IC50";"'='";"9200.0";"nM";"5.04";"";"";"UO_0000065";"15.67";"0.30";"1.47";"5.38";"0";"CHEMBL664913";"Inhibition against Dihydrofolate reductase in Toxoplasma gondii";"B";"BAO_0000357";"single protein format";"Toxoplasma gondii";"None";"None";"None";"None";"";"";"";"CHEMBL2425";"Dihydrofolate reductase";"Toxoplasma gondii";"SINGLE PROTEIN";"CHEMBL1129990";"1";"Scientific Literature";"J Med Chem";"1997";"None";"";"";""
"CHEMBL23054";"";"None";"329.36";"0";"2.04";"17";"COc1ccc(OC)c(N(C)Cc2coc3nc(N)nc(N)c23)c1";"IC50";"'>'";"27000.0";"nM";"";"";"";"UO_0000065";"";"";"";"";"0";"CHEMBL664908";"Inhibitory activity against dihydrofolate reductase from Toxoplasma gondii";"B";"BAO_0000357";"single protein format";"Toxoplasma gondii";"None";"None";"None";"None";"";"";"";"CHEMBL2425";"Dihydrofolate reductase";"Toxoplasma gondii";"SINGLE PROTEIN";"CHEMBL1131327";"1";"Scientific Literature";"J Med Chem";"1998";"None";"";"";""
"CHEMBL279914";"";"None";"305.34";"0";"3.15";"7";"Nc1nc(N)c2c(CNc3ccc4ccccc4c3)coc2n1";"IC50";"'='";"38000.0";"nM";"4.42";"";"";"UO_0000065";"14.48";"0.26";"1.27";"4.29";"0";"CHEMBL664908";"Inhibitory activity against dihydrofolate reductase from Toxoplasma gondii";"B";"BAO_0000357";"single protein format";"Toxoplasma gondii";"None";"None";"None";"None";"";"";"";"CHEMBL2425";"Dihydrofolate reductase";"Toxoplasma gondii";"SINGLE PROTEIN";"CHEMBL1131327";"1";"Scientific Literature";"J Med Chem";"1998";"None";"";"";""
"CHEMBL32708";"";"None";"326.36";"0";"1.82";"21";"COc1ccc(OC)c(CNc2cnc3nc(N)nc(N)c3c2)c1";"IC50";"'='";"310.0";"nM";"6.51";"";"";"UO_0000065";"19.94";"0.37";"4.69";"5.37";"0";"CHEMBL665616";"Inhibitory activity against Toxoplasma gondii dihydrofolate reductase (in 90 uM dihydrofolic acid)";"B";"BAO_0000357";"single protein format";"Toxoplasma gondii";"None";"None";"None";"None";"";"";"";"CHEMBL2425";"Dihydrofolate reductase";"Toxoplasma gondii";"SINGLE PROTEIN";"CHEMBL1129539";"1";"Scientific Literature";"J Med Chem";"1996";"None";"";"";""
"CHEMBL82975";"";"None";"363.25";"0";"3.44";"4b";"Cc1c(CN(C)c2ccc(Cl)c(Cl)c2)cnc2nc(N)nc(N)c12";"IC50";"'='";"27.0";"nM";"7.57";"";"";"UO_0000065";"20.84";"0.43";"4.13";"8.06";"1";"CHEMBL665700";"Inhibition of dihydrofolate reductase (DHFR) from Toxoplasma gondii(tg)";"B";"BAO_0000357";"single protein format";"Toxoplasma gondii";"None";"None";"None";"None";"";"";"";"CHEMBL2425";"Dihydrofolate reductase";"Toxoplasma gondii";"SINGLE PROTEIN";"CHEMBL1132261";"1";"Scientific Literature";"J Med Chem";"1999";"None";"";"";""
"CHEMBL123043";"";"None";"317.82";"0";"2.54";"14";"CN(CC1CCc2nc(N)nc(N)c2C1)c1ccc(Cl)cc1";"IC50";"'='";"22.0";"nM";"7.66";"";"";"UO_0000065";"24.09";"0.48";"5.12";"9.45";"0";"CHEMBL665605";"Inhibitory activity against purified Dihydrofolate reductase from Toxoplasma gondii.";"B";"BAO_0000357";"single protein format";"Toxoplasma gondii";"None";"None";"None";"None";"";"";"";"CHEMBL2425";"Dihydrofolate reductase";"Toxoplasma gondii";"SINGLE PROTEIN";"CHEMBL1128550";"1";"Scientific Literature";"J Med Chem";"1995";"None";"";"";""
"CHEMBL145005";"";"None";"293.33";"0";"2.37";"28";"COc1ccc(/C=C/c2cnc3nc(N)nc(N)c3c2)cc1";"IC50";"'='";"1500.0";"nM";"5.82";"";"";"UO_0000065";"19.85";"0.36";"3.45";"5.83";"1";"CHEMBL828662";"Inhibition of Toxoplasma gondii dihydrofolate reductase";"B";"BAO_0000357";"single protein format";"Toxoplasma gondii";"None";"None";"None";"None";"";"";"";"CHEMBL2425";"Dihydrofolate reductase";"Toxoplasma gondii";"SINGLE PROTEIN";"CHEMBL1145190";"1";"Scientific Literature";"J Med Chem";"2005";"None";"";"";""
"CHEMBL145068";"";"None";"325.37";"0";"1.99";"30";"COc1ccc(CCc2cnc3nc(N)nc(N)c3c2)cc1OC";"IC50";"'='";"200.0";"nM";"6.70";"";"";"UO_0000065";"20.59";"0.38";"4.71";"6.14";"1";"CHEMBL828662";"Inhibition of Toxoplasma gondii dihydrofolate reductase";"B";"BAO_0000357";"single protein format";"Toxoplasma gondii";"None";"None";"None";"None";"";"";"";"CHEMBL2425";"Dihydrofolate reductase";"Toxoplasma gondii";"SINGLE PROTEIN";"CHEMBL1145190";"1";"Scientific Literature";"J Med Chem";"2005";"None";"";"";""
"CHEMBL23658";"";"None";"285.31";"0";"2.01";"16";"COc1cccc(NCc2coc3nc(N)nc(N)c23)c1";"IC50";"'>'";"31300.0";"nM";"";"";"";"UO_0000065";"";"";"";"";"0";"CHEMBL664908";"Inhibitory activity against dihydrofolate reductase from Toxoplasma gondii";"B";"BAO_0000357";"single protein format";"Toxoplasma gondii";"None";"None";"None";"None";"";"";"";"CHEMBL2425";"Dihydrofolate reductase";"Toxoplasma gondii";"SINGLE PROTEIN";"CHEMBL1131327";"1";"Scientific Literature";"J Med Chem";"1998";"None";"";"";""
"CHEMBL22";"TRIMETHOPRIM";"4.0";"290.32";"0";"1.26";"68";"COc1cc(Cc2cnc(N)nc2N)cc(OC)c1OC";"IC50";"'='";"2700.0";"nM";"5.57";"";"";"UO_0000065";"19.18";"0.36";"4.31";"5.28";"1";"CHEMBL665695";"Inhibition of Toxoplasma gondii Dihydrofolate Reductase";"B";"BAO_0000357";"single protein format";"Toxoplasma gondii";"None";"None";"None";"None";"";"";"";"CHEMBL2425";"Dihydrofolate reductase";"Toxoplasma gondii";"SINGLE PROTEIN";"CHEMBL1130226";"1";"Scientific Literature";"J Med Chem";"1997";"None";"";"";""
"CHEMBL301769";"";"None";"367.42";"0";"3.41";"4a";"Nc1nc(N)c2nc(CN3c4ccccc4C=Cc4ccccc43)cnc2n1";"IC50";"'='";"43.0";"nM";"7.37";"";"";"UO_0000065";"20.05";"0.36";"3.96";"6.89";"0";"CHEMBL665587";"Inhibitory activity against DHFR (Dihydrofolate reductase) from Toxoplasma gondii.";"B";"BAO_0000357";"single protein format";"Toxoplasma gondii";"None";"None";"None";"None";"";"";"";"CHEMBL2425";"Dihydrofolate reductase";"Toxoplasma gondii";"SINGLE PROTEIN";"CHEMBL1132186";"1";"Scientific Literature";"J Med Chem";"1999";"None";"";"";""
"CHEMBL313440";"";"None";"497.99";"0";"4.60";"10d";"CCc1nc(N)nc(N)c1-c1ccc(Cl)c(/N=N/N(CCOC(C)=O)Cc2ccc(OC)cc2)c1";"IC50";"'='";"440.0";"nM";"6.36";"";"";"UO_0000065";"12.76";"0.25";"1.76";"4.50";"0";"CHEMBL664922";"Inhibitory activity against dihydrofolate reductase DHFR in Toxoplasma gondii.";"B";"BAO_0000357";"single protein format";"Toxoplasma gondii";"None";"None";"None";"None";"";"";"";"CHEMBL2425";"Dihydrofolate reductase";"Toxoplasma gondii";"SINGLE PROTEIN";"CHEMBL1134547";"1";"Scientific Literature";"J Med Chem";"2001";"None";"";"";""
"CHEMBL69363";"";"None";"342.40";"0";"2.53";"5";"CCOc1ccc(OCC)c(NCc2c[nH]c3nc(N)nc(N)c23)c1";"IC50";"'='";"5300.0";"nM";"5.28";"";"";"UO_0000065";"15.41";"0.29";"2.75";"4.25";"0";"CHEMBL665698";"Inhibition of Toxoplasma gondii (tc) Dihydrofolate reductase";"B";"BAO_0000357";"single protein format";"Toxoplasma gondii";"None";"None";"None";"None";"";"";"";"CHEMBL2425";"Dihydrofolate reductase";"Toxoplasma gondii";"SINGLE PROTEIN";"CHEMBL1128397";"1";"Scientific Literature";"J Med Chem";"1995";"None";"";"";""
"CHEMBL33045";"";"None";"438.45";"1";"0.25";"29";"Nc1nc(N)c2cc(NCc3ccc(C(=O)NC(=O)[C@H](N)CCC(=O)O)cc3)cnc2n1";"IC50";"";"";"nM";"";"";"Not Determined";"UO_0000065";"";"";"";"";"0";"CHEMBL665615";"Inhibitory activity against Toxoplasma gondii dihydrofolate reductase (in 50 uM dihydrofolic acid);ND= Not determined";"B";"BAO_0000357";"single protein format";"Toxoplasma gondii";"None";"None";"None";"None";"";"";"";"CHEMBL2425";"Dihydrofolate reductase";"Toxoplasma gondii";"SINGLE PROTEIN";"CHEMBL1129539";"1";"Scientific Literature";"J Med Chem";"1996";"None";"";"";""
"CHEMBL4435247";"";"None";"310.41";"0";"1.84";"19";"Nc1ncc(N2CCN(c3cccc(C4CC4)c3)CC2)c(N)n1";"IC50";"'='";"29.0";"nM";"7.54";"";"";"UO_0000065";"24.28";"0.45";"5.70";"8.94";"0";"CHEMBL4423789";"Inhibition of Toxoplasma gondii DHFR-TS expressed in Escherichia coli BL21 competent cells using DHF as substrate preincubated for 15 mins followed by substrate and NADPH addition and measured after 60 mins by resazurin dye based diaphorase-coupled assay";"B";"BAO_0000219";"cell-based format";"Toxoplasma gondii";"None";"None";"None";"None";"";"";"";"CHEMBL2425";"Dihydrofolate reductase";"Toxoplasma gondii";"SINGLE PROTEIN";"CHEMBL4422638";"1";"Scientific Literature";"J Med Chem";"2019";"None";"";"";""
"CHEMBL4463544";"";"None";"304.79";"0";"1.62";"13";"Nc1ncc(N2CCN(c3ccccc3Cl)CC2)c(N)n1";"IC50";"'>'";"10000.0";"nM";"";"";"";"UO_0000065";"";"";"";"";"0";"CHEMBL4423789";"Inhibition of Toxoplasma gondii DHFR-TS expressed in Escherichia coli BL21 competent cells using DHF as substrate preincubated for 15 mins followed by substrate and NADPH addition and measured after 60 mins by resazurin dye based diaphorase-coupled assay";"B";"BAO_0000219";"cell-based format";"Toxoplasma gondii";"None";"None";"None";"None";"";"";"";"CHEMBL2425";"Dihydrofolate reductase";"Toxoplasma gondii";"SINGLE PROTEIN";"CHEMBL4422638";"1";"Scientific Literature";"J Med Chem";"2019";"None";"";"";""
"CHEMBL1095013";"";"None";"273.32";"0";"2.07";"8d";"Nc1ncc(CSc2nc3ccccc3o2)c(N)n1";"Activity";"'='";"160.22";"uM";"";"";"";"UO_0000064";"";"";"";"";"0";"CHEMBL1108182";"Inhibition of Toxoplasma gondii DHFR by continuous spectrophotometric assay";"B";"BAO_0000357";"single protein format";"Toxoplasma gondii";"None";"None";"None";"None";"";"";"";"CHEMBL2425";"Dihydrofolate reductase";"Toxoplasma gondii";"SINGLE PROTEIN";"CHEMBL1157930";"1";"Scientific Literature";"Bioorg Med Chem";"2010";"None";"";"";""
"CHEMBL1098219";"";"None";"279.35";"0";"2.43";"8c";"CN(Cc1cnc(N)nc1N)c1cccc2ccccc12";"Activity";"'='";"3.49";"uM";"";"";"";"UO_0000064";"";"";"";"";"0";"CHEMBL1108182";"Inhibition of Toxoplasma gondii DHFR by continuous spectrophotometric assay";"B";"BAO_0000357";"single protein format";"Toxoplasma gondii";"None";"None";"None";"None";"";"";"";"CHEMBL2425";"Dihydrofolate reductase";"Toxoplasma gondii";"SINGLE PROTEIN";"CHEMBL1157930";"1";"Scientific Literature";"Bioorg Med Chem";"2010";"None";"";"";""
"CHEMBL1098477";"";"None";"318.38";"0";"2.47";"3a";"Nc1nc(N)nc(CN2c3ccccc3CCc3ccccc32)n1";"Activity";"'='";"139.77";"uM";"";"";"";"UO_0000064";"";"";"";"";"0";"CHEMBL1108182";"Inhibition of Toxoplasma gondii DHFR by continuous spectrophotometric assay";"B";"BAO_0000357";"single protein format";"Toxoplasma gondii";"None";"None";"None";"None";"";"";"";"CHEMBL2425";"Dihydrofolate reductase";"Toxoplasma gondii";"SINGLE PROTEIN";"CHEMBL1157930";"1";"Scientific Literature";"Bioorg Med Chem";"2010";"None";"";"";""
"CHEMBL17044";"";"None";"315.33";"0";"2.02";"6";"COc1ccc(OC)c(NCc2coc3nc(N)nc(N)c23)c1";"IC50";"'>'";"21000.0";"nM";"";"";"";"UO_0000065";"";"";"";"";"0";"CHEMBL665600";"Inhibitory concentration for DHFR in Toxoplasma gondii";"B";"BAO_0000357";"single protein format";"Toxoplasma gondii";"None";"None";"None";"None";"";"";"";"CHEMBL2425";"Dihydrofolate reductase";"Toxoplasma gondii";"SINGLE PROTEIN";"CHEMBL1127819";"1";"Scientific Literature";"J Med Chem";"1994";"None";"";"";""
"CHEMBL17323";"";"None";"314.35";"0";"1.75";"1a";"COc1ccc(OC)c(NCc2c[nH]c3nc(N)nc(N)c23)c1";"IC50";"'='";"1700.0";"nM";"5.77";"";"";"UO_0000065";"18.35";"0.34";"4.02";"4.65";"1";"CHEMBL664913";"Inhibition against Dihydrofolate reductase in Toxoplasma gondii";"B";"BAO_0000357";"single protein format";"Toxoplasma gondii";"None";"None";"None";"None";"";"";"";"CHEMBL2425";"Dihydrofolate reductase";"Toxoplasma gondii";"SINGLE PROTEIN";"CHEMBL1129990";"1";"Scientific Literature";"J Med Chem";"1997";"None";"";"";""
"CHEMBL36245";"";"None";"340.39";"0";"1.84";"20";"COc1cc(CN(C)c2cnc3nc(N)nc(N)c3c2)cc(OC)c1";"IC50";"'='";"21.0";"nM";"7.68";"";"";"UO_0000065";"22.56";"0.42";"5.84";"6.83";"0";"CHEMBL665616";"Inhibitory activity against Toxoplasma gondii dihydrofolate reductase (in 90 uM dihydrofolic acid)";"B";"BAO_0000357";"single protein format";"Toxoplasma gondii";"None";"None";"None";"None";"";"";"";"CHEMBL2425";"Dihydrofolate reductase";"Toxoplasma gondii";"SINGLE PROTEIN";"CHEMBL1129539";"1";"Scientific Literature";"J Med Chem";"1996";"None";"";"";""
"CHEMBL34259";"METHOTREXATE";"4.0";"454.45";"0";"0.27";"MTX";"CN(Cc1cnc2nc(N)nc(N)c2n1)c1ccc(C(=O)N[C@@H](CCC(=O)O)C(=O)O)cc1";"IC50";"'='";"11.0";"nM";"7.96";"";"";"UO_0000065";"17.51";"0.33";"7.69";"3.78";"1";"CHEMBL1073058";"Inhibition of Toxoplasma gondii DHFR at 30 degC under pH 7.4 by spectrophotometry";"B";"BAO_0000357";"single protein format";"Toxoplasma gondii";"None";"None";"None";"None";"";"";"";"CHEMBL2425";"Dihydrofolate reductase";"Toxoplasma gondii";"SINGLE PROTEIN";"CHEMBL1159120";"1";"Scientific Literature";"Bioorg Med Chem";"2010";"None";"";"";""
"CHEMBL225072";"PEMETREXED";"4.0";"427.42";"1";"0.67";"LY-231514, alimta";"Nc1nc2[nH]cc(CCc3ccc(C(=O)N[C@@H](CCC(=O)O)C(=O)O)cc3)c2c(=O)[nH]1";"IC50";"'='";"2800.0";"nM";"5.55";"";"";"UO_0000065";"12.99";"0.24";"4.88";"2.90";"1";"CHEMBL1073055";"Inhibition of Toxoplasma gondii TS at 30 degC under pH 7.4 by spectrophotometry";"B";"BAO_0000357";"single protein format";"Toxoplasma gondii";"None";"None";"None";"None";"";"";"";"CHEMBL2425";"Dihydrofolate reductase";"Toxoplasma gondii";"SINGLE PROTEIN";"CHEMBL1159120";"1";"Scientific Literature";"Bioorg Med Chem";"2010";"None";"";"";""
"CHEMBL225071";"RALTITREXED";"4.0";"458.50";"0";"1.98";"ZD-1694, Tomudex";"Cc1nc(=O)c2cc(CN(C)c3ccc(C(=O)N[C@@H](CCC(=O)O)C(=O)O)s3)ccc2[nH]1";"IC50";"'='";"900.0";"nM";"6.05";"";"";"UO_0000065";"13.19";"0.26";"4.07";"3.96";"1";"CHEMBL1073055";"Inhibition of Toxoplasma gondii TS at 30 degC under pH 7.4 by spectrophotometry";"B";"BAO_0000357";"single protein format";"Toxoplasma gondii";"None";"None";"None";"None";"";"";"";"CHEMBL2425";"Dihydrofolate reductase";"Toxoplasma gondii";"SINGLE PROTEIN";"CHEMBL1159120";"1";"Scientific Literature";"Bioorg Med Chem";"2010";"None";"";"";""
"CHEMBL597382";"";"None";"331.40";"0";"2.60";"72";"COc1ccc(OC)c(Sc2c(C)[nH]c3nc(N)nc(N)c23)c1";"IC50";"'='";"87000.0";"nM";"4.06";"";"";"UO_0000065";"12.25";"0.24";"1.46";"3.62";"0";"CHEMBL1071424";"Inhibition of Toxoplasma gondii DHFR by spectrophotometric assay";"B";"BAO_0000357";"single protein format";"Toxoplasma gondii";"None";"None";"None";"None";"";"";"";"CHEMBL2425";"Dihydrofolate reductase";"Toxoplasma gondii";"SINGLE PROTEIN";"CHEMBL1156926";"1";"Scientific Literature";"Bioorg Med Chem";"2010";"None";"";"";""
"CHEMBL17453";"";"None";"328.38";"0";"1.78";"11";"COc1ccc(OC)c(N(C)Cc2c[nH]c3nc(N)nc(N)c23)c1";"IC50";"'='";"3400.0";"nM";"5.47";"";"";"UO_0000065";"16.65";"0.31";"3.69";"4.74";"1";"CHEMBL1071424";"Inhibition of Toxoplasma gondii DHFR by spectrophotometric assay";"B";"BAO_0000357";"single protein format";"Toxoplasma gondii";"None";"None";"None";"None";"";"";"";"CHEMBL2425";"Dihydrofolate reductase";"Toxoplasma gondii";"SINGLE PROTEIN";"CHEMBL1156926";"1";"Scientific Literature";"Bioorg Med Chem";"2010";"None";"";"";""
"CHEMBL608428";"";"None";"327.39";"0";"2.31";"75";"COc1ccc(OC)c(CCCc2c[nH]c3nc(N)nc(N)c23)c1";"IC50";"'='";"4050.0";"nM";"5.39";"";"";"UO_0000065";"16.47";"0.31";"3.08";"4.81";"0";"CHEMBL1071424";"Inhibition of Toxoplasma gondii DHFR by spectrophotometric assay";"B";"BAO_0000357";"single protein format";"Toxoplasma gondii";"None";"None";"None";"None";"";"";"";"CHEMBL2425";"Dihydrofolate reductase";"Toxoplasma gondii";"SINGLE PROTEIN";"CHEMBL1156926";"1";"Scientific Literature";"Bioorg Med Chem";"2010";"None";"";"";""
"CHEMBL334198";"";"None";"305.79";"0";"3.24";"60";"Cc1c(Sc2cccc(Cl)c2)[nH]c2nc(N)nc(N)c12";"IC50";"'='";"6940.0";"nM";"5.16";"";"";"UO_0000065";"16.87";"0.35";"1.92";"5.51";"1";"CHEMBL1071424";"Inhibition of Toxoplasma gondii DHFR by spectrophotometric assay";"B";"BAO_0000357";"single protein format";"Toxoplasma gondii";"None";"None";"None";"None";"";"";"";"CHEMBL2425";"Dihydrofolate reductase";"Toxoplasma gondii";"SINGLE PROTEIN";"CHEMBL1156926";"1";"Scientific Literature";"Bioorg Med Chem";"2010";"None";"";"";""
"CHEMBL598604";"";"None";"355.40";"0";"4.31";"47";"Nc1nc(N)c2c(CNc3cccc4cc5ccccc5cc34)coc2n1";"IC50";"'='";"15400.0";"nM";"4.81";"";"";"UO_0000065";"13.54";"0.24";"0.50";"4.67";"0";"CHEMBL1071424";"Inhibition of Toxoplasma gondii DHFR by spectrophotometric assay";"B";"BAO_0000357";"single protein format";"Toxoplasma gondii";"None";"None";"None";"None";"";"";"";"CHEMBL2425";"Dihydrofolate reductase";"Toxoplasma gondii";"SINGLE PROTEIN";"CHEMBL1156926";"1";"Scientific Literature";"Bioorg Med Chem";"2010";"None";"";"";""
"CHEMBL122259";"";"None";"410.30";"0";"3.25";"16b";"COc1ccc(OC)c(NCc2c(Br)sc3nc(N)nc(N)c23)c1";"IC50";"'>'";"100000.0";"nM";"";"";"";"UO_0000065";"";"";"";"";"0";"CHEMBL665695";"Inhibition of Toxoplasma gondii Dihydrofolate Reductase";"B";"BAO_0000357";"single protein format";"Toxoplasma gondii";"None";"None";"None";"None";"";"";"";"CHEMBL2425";"Dihydrofolate reductase";"Toxoplasma gondii";"SINGLE PROTEIN";"CHEMBL1130226";"1";"Scientific Literature";"J Med Chem";"1997";"None";"";"";""
"CHEMBL3142796";"";"None";"350.26";"0";"-1.14";"TMP";"Cc1cn(CC[C@H]2C[C@H](O)[C@@H](COP(=O)(O)O)O2)c(=O)[nH]c1=O";"IC50";"'='";"2700.0";"nM";"5.57";"";"";"UO_0000065";"15.90";"0.33";"6.71";"3.69";"0";"CHEMBL884350";"Inhibitory activity against Dihydrofolate reductase from Toxoplasma gondii was evaluated using 90 uM dihydrofolic acid as substrate";"B";"BAO_0000357";"single protein format";"Toxoplasma gondii";"None";"None";"None";"None";"";"";"";"CHEMBL2425";"Dihydrofolate reductase";"Toxoplasma gondii";"SINGLE PROTEIN";"CHEMBL1130351";"1";"Scientific Literature";"J Med Chem";"1997";"None";"";"";""
"CHEMBL596672";"";"None";"445.46";"0";"1.89";"5";"Cc1c(Sc2ccc(C(=O)N[C@@H](CCC(=O)O)C(=O)O)cc2)oc2nc(N)nc(N)c12";"IC50";"'='";"2200.0";"nM";"5.66";"";"";"UO_0000065";"12.70";"0.25";"3.77";"2.91";"0";"CHEMBL1073058";"Inhibition of Toxoplasma gondii DHFR at 30 degC under pH 7.4 by spectrophotometry";"B";"BAO_0000357";"single protein format";"Toxoplasma gondii";"None";"None";"None";"None";"";"";"";"CHEMBL2425";"Dihydrofolate reductase";"Toxoplasma gondii";"SINGLE PROTEIN";"CHEMBL1159120";"1";"Scientific Literature";"Bioorg Med Chem";"2010";"None";"";"";""
"CHEMBL1094564";"";"None";"270.29";"0";"1.55";"6a";"COc1ccc(C(=O)/C=C/c2cnc(N)nc2N)cc1";"Activity";"'='";"151.32";"uM";"";"";"";"UO_0000064";"";"";"";"";"0";"CHEMBL1108182";"Inhibition of Toxoplasma gondii DHFR by continuous spectrophotometric assay";"B";"BAO_0000357";"single protein format";"Toxoplasma gondii";"None";"None";"None";"None";"";"";"";"CHEMBL2425";"Dihydrofolate reductase";"Toxoplasma gondii";"SINGLE PROTEIN";"CHEMBL1157930";"1";"Scientific Literature";"Bioorg Med Chem";"2010";"None";"";"";""
"CHEMBL1098478";"";"None";"322.40";"0";"2.84";"3b";"Nc1nc(N)nc(CN2c3ccccc3Sc3ccccc32)n1";"Activity";"'='";"142.68";"uM";"";"";"";"UO_0000064";"";"";"";"";"0";"CHEMBL1108182";"Inhibition of Toxoplasma gondii DHFR by continuous spectrophotometric assay";"B";"BAO_0000357";"single protein format";"Toxoplasma gondii";"None";"None";"None";"None";"";"";"";"CHEMBL2425";"Dihydrofolate reductase";"Toxoplasma gondii";"SINGLE PROTEIN";"CHEMBL1157930";"1";"Scientific Literature";"Bioorg Med Chem";"2010";"None";"";"";""
"CHEMBL1096525";"";"None";"330.37";"0";"1.70";"7a";"Nc1ncc(COS(=O)(=O)c2ccc3ccccc3c2)c(N)n1";"Inhibition";"'='";"13.0";"%";"";"";"";"UO_0000187";"";"";"";"";"0";"CHEMBL1108184";"Inhibition of Toxoplasma gondii DHFR at IC50 by continuous spectrophotometric assay";"B";"BAO_0000357";"single protein format";"Toxoplasma gondii";"None";"None";"None";"None";"";"";"";"CHEMBL2425";"Dihydrofolate reductase";"Toxoplasma gondii";"SINGLE PROTEIN";"CHEMBL1157930";"1";"Scientific Literature";"Bioorg Med Chem";"2010";"None";"";"";""
"CHEMBL1094564";"";"None";"270.29";"0";"1.55";"6a";"COc1ccc(C(=O)/C=C/c2cnc(N)nc2N)cc1";"Inhibition";"'='";"15.0";"%";"";"";"";"UO_0000187";"";"";"";"";"0";"CHEMBL1108184";"Inhibition of Toxoplasma gondii DHFR at IC50 by continuous spectrophotometric assay";"B";"BAO_0000357";"single protein format";"Toxoplasma gondii";"None";"None";"None";"None";"";"";"";"CHEMBL2425";"Dihydrofolate reductase";"Toxoplasma gondii";"SINGLE PROTEIN";"CHEMBL1157930";"1";"Scientific Literature";"Bioorg Med Chem";"2010";"None";"";"";""
"CHEMBL17873";"";"None";"323.19";"0";"3.04";"8";"Nc1nc(N)c2c(CNc3ccc(Cl)c(Cl)c3)c[nH]c2n1";"IC50";"'='";"1412.54";"nM";"5.85";"";"";"UO_0000065";"18.10";"0.38";"2.81";"5.54";"1";"CHEMBL1071424";"Inhibition of Toxoplasma gondii DHFR by spectrophotometric assay";"B";"BAO_0000357";"single protein format";"Toxoplasma gondii";"None";"None";"None";"None";"";"";"";"CHEMBL2425";"Dihydrofolate reductase";"Toxoplasma gondii";"SINGLE PROTEIN";"CHEMBL1156926";"1";"Scientific Literature";"Bioorg Med Chem";"2010";"None";"";"";""
"CHEMBL2047245";"";"None";"316.41";"0";"4.50";"3";"CC(C)c1ccc(Nc2nc(N)nc3c2-c2ccccc2C3)cc1";"IC50";"'>'";"14000.0";"nM";"";"";"";"UO_0000065";"";"";"";"";"0";"CHEMBL2050307";"Inhibition of Toxoplasma gondii thymidylate synthase";"B";"BAO_0000357";"single protein format";"Toxoplasma gondii";"None";"None";"None";"None";"";"";"";"CHEMBL2425";"Dihydrofolate reductase";"Toxoplasma gondii";"SINGLE PROTEIN";"CHEMBL2046359";"1";"Scientific Literature";"Bioorg Med Chem";"2012";"None";"";"";""
"CHEMBL2047248";"";"None";"353.22";"0";"4.14";"8";"Nc1nc2c(c(Nc3cccc(Br)c3)n1)-c1ccccc1C2";"IC50";"'>'";"12000.0";"nM";"";"";"";"UO_0000065";"";"";"";"";"0";"CHEMBL2050307";"Inhibition of Toxoplasma gondii thymidylate synthase";"B";"BAO_0000357";"single protein format";"Toxoplasma gondii";"None";"None";"None";"None";"";"";"";"CHEMBL2425";"Dihydrofolate reductase";"Toxoplasma gondii";"SINGLE PROTEIN";"CHEMBL2046359";"1";"Scientific Literature";"Bioorg Med Chem";"2012";"None";"";"";""
"CHEMBL116200";"";"None";"325.37";"0";"2.42";"5";"COc1ccc(CNc2ccc3nc(N)nc(N)c3c2)c(OC)c1";"IC50";"'='";"780.0";"nM";"6.11";"";"";"UO_0000065";"18.77";"0.35";"3.69";"5.64";"0";"CHEMBL665585";"Inhibition of recombinant Dihydrofolate reductase from Toxoplasma gondii (tgDHFR)";"B";"BAO_0000357";"single protein format";"Toxoplasma gondii";"None";"None";"None";"None";"";"";"";"CHEMBL2425";"Dihydrofolate reductase";"Toxoplasma gondii";"SINGLE PROTEIN";"CHEMBL1131583";"1";"Scientific Literature";"J Med Chem";"1998";"None";"";"";""
"CHEMBL358297";"";"None";"334.38";"0";"2.51";"5";"COc1ccc2c(ccn2Cc2cnc3nc(N)nc(N)c3c2C)c1";"IC50";"'='";"77.0";"nM";"7.11";"";"";"UO_0000065";"21.27";"0.39";"4.60";"6.78";"0";"CHEMBL664921";"Inhibition of Dihydrofolate Reductase of Toxoplasma gondii.";"B";"BAO_0000357";"single protein format";"Toxoplasma gondii";"None";"None";"None";"None";"";"";"";"CHEMBL2425";"Dihydrofolate reductase";"Toxoplasma gondii";"SINGLE PROTEIN";"CHEMBL1129938";"1";"Scientific Literature";"J Med Chem";"1997";"None";"";"";""
"CHEMBL22";"TRIMETHOPRIM";"4.0";"290.32";"0";"1.26";"SID90340764";"COc1cc(Cc2cnc(N)nc2N)cc(OC)c1OC";"IC50";"'='";"2700.0";"nM";"5.57";"";"";"UO_0000065";"19.18";"0.36";"4.31";"5.28";"1";"CHEMBL661507";"Inhibitory activity against dihydrofolate reductase (DHFR) from Toxoplasma gondii";"B";"BAO_0000357";"single protein format";"Toxoplasma gondii";"None";"None";"None";"None";"";"";"";"CHEMBL2425";"Dihydrofolate reductase";"Toxoplasma gondii";"SINGLE PROTEIN";"CHEMBL1131172";"1";"Scientific Literature";"J Med Chem";"1998";"None";"";"";""
"CHEMBL423200";"";"None";"341.38";"0";"2.74";"4f";"Nc1nc(N)c2nc(Cn3c4ccccc4c4ccccc43)cnc2n1";"IC50";"'='";"12.0";"nM";"7.92";"";"";"UO_0000065";"23.20";"0.42";"5.18";"7.30";"0";"CHEMBL665587";"Inhibitory activity against DHFR (Dihydrofolate reductase) from Toxoplasma gondii.";"B";"BAO_0000357";"single protein format";"Toxoplasma gondii";"None";"None";"None";"None";"";"";"";"CHEMBL2425";"Dihydrofolate reductase";"Toxoplasma gondii";"SINGLE PROTEIN";"CHEMBL1132186";"1";"Scientific Literature";"J Med Chem";"1999";"None";"";"";""
"CHEMBL140705";"";"None";"282.31";"0";"1.94";"11";"COc1ccccc1Nc1ccc2nc(N)nc(N)c2n1";"IC50";"'='";"460.0";"nM";"6.34";"";"";"UO_0000065";"22.45";"0.41";"4.40";"5.66";"0";"CHEMBL661507";"Inhibitory activity against dihydrofolate reductase (DHFR) from Toxoplasma gondii";"B";"BAO_0000357";"single protein format";"Toxoplasma gondii";"None";"None";"None";"None";"";"";"";"CHEMBL2425";"Dihydrofolate reductase";"Toxoplasma gondii";"SINGLE PROTEIN";"CHEMBL1131172";"1";"Scientific Literature";"J Med Chem";"1998";"None";"";"";""
"CHEMBL423558";"";"None";"359.43";"0";"1.88";"12";"COc1cc(CCC2CNc3nc(N)nc(N)c3C2)cc(OC)c1OC";"IC50";"'='";"470.0";"nM";"6.33";"";"";"UO_0000065";"17.61";"0.33";"4.45";"5.38";"0";"CHEMBL665591";"Inhibitory concentration against Dihydrofolate reductase from Toxoplasma gondii (tg)";"B";"BAO_0000357";"single protein format";"Toxoplasma gondii";"None";"None";"None";"None";"";"";"";"CHEMBL2425";"Dihydrofolate reductase";"Toxoplasma gondii";"SINGLE PROTEIN";"CHEMBL1129937";"1";"Scientific Literature";"J Med Chem";"1997";"None";"";"";""
"CHEMBL103086";"";"None";"537.53";"2";"2.44";"30";"CCc1nc(N)nc(N)c1-c1ccc(NCc2ccc(C(=O)NC(CCC(=O)O)C(=O)O)cc2)c([N+](=O)[O-])c1";"IC50";"'='";"6.2";"nM";"8.21";"";"";"UO_0000065";"15.27";"0.29";"5.77";"3.47";"0";"CHEMBL884350";"Inhibitory activity against Dihydrofolate reductase from Toxoplasma gondii was evaluated using 90 uM dihydrofolic acid as substrate";"B";"BAO_0000357";"single protein format";"Toxoplasma gondii";"None";"None";"None";"None";"";"";"";"CHEMBL2425";"Dihydrofolate reductase";"Toxoplasma gondii";"SINGLE PROTEIN";"CHEMBL1130351";"1";"Scientific Literature";"J Med Chem";"1997";"None";"";"";""
"CHEMBL35437";"";"None";"404.43";"0";"2.37";"22";"COc1ccc(C#CCOc2ccccc2C(=O)O)cc1Cc1cnc(N)nc1N";"IC50";"'='";"500.0";"nM";"6.30";"";"";"UO_0000065";"15.58";"0.29";"3.93";"4.72";"1";"CHEMBL665598";"Inhibitory concentration against dihydrofolate reductase of Toxoplasma gondii";"B";"BAO_0000357";"single protein format";"Toxoplasma gondii";"None";"None";"None";"None";"";"";"";"CHEMBL2425";"Dihydrofolate reductase";"Toxoplasma gondii";"SINGLE PROTEIN";"CHEMBL1149100";"1";"Scientific Literature";"J Med Chem";"2004";"None";"";"";""
"CHEMBL105759";"";"None";"316.32";"0";"1.21";"4";"COc1ccc(-c2nc3c(N)nc(N)nc3[nH]2)c(OC)c1OC";"IC50";"'='";"1800.0";"nM";"5.75";"";"";"UO_0000065";"18.16";"0.34";"4.53";"4.28";"0";"CHEMBL664911";"Inhibition of Toxoplasma gondii dihydrofolate reductase";"B";"BAO_0000357";"single protein format";"Toxoplasma gondii";"None";"None";"None";"None";"";"";"";"CHEMBL2425";"Dihydrofolate reductase";"Toxoplasma gondii";"SINGLE PROTEIN";"CHEMBL1130150";"1";"Scientific Literature";"J Med Chem";"1997";"None";"";"";""
"CHEMBL289908";"";"None";"408.46";"0";"2.95";"25";"COc1ccc(CCCOc2ccccc2C(=O)O)cc1Cc1cnc(N)nc1N";"IC50";"'='";"710.0";"nM";"6.15";"";"";"UO_0000065";"15.05";"0.28";"3.20";"4.60";"0";"CHEMBL665598";"Inhibitory concentration against dihydrofolate reductase of Toxoplasma gondii";"B";"BAO_0000357";"single protein format";"Toxoplasma gondii";"None";"None";"None";"None";"";"";"";"CHEMBL2425";"Dihydrofolate reductase";"Toxoplasma gondii";"SINGLE PROTEIN";"CHEMBL1149100";"1";"Scientific Literature";"J Med Chem";"2004";"None";"";"";""
"CHEMBL374256";"";"None";"304.35";"0";"1.45";"10";"COc1cc(CCc2cnc(N)nc2N)cc(OC)c1OC";"IC50";"'='";"90200.0";"nM";"4.04";"";"";"UO_0000065";"13.29";"0.25";"2.59";"3.83";"0";"CHEMBL919380";"Inhibition of Toxoplasma gondii DHFR-TS";"B";"BAO_0000357";"single protein format";"Toxoplasma gondii";"None";"None";"None";"None";"";"";"";"CHEMBL2425";"Dihydrofolate reductase";"Toxoplasma gondii";"SINGLE PROTEIN";"CHEMBL1142238";"1";"Scientific Literature";"J Med Chem";"2007";"None";"";"";""
"CHEMBL309966";"";"None";"328.81";"0";"2.79";"15";"Cc1c(CN(C)c2ccccc2Cl)cnc2nc(N)nc(N)c12";"IC50";"'='";"18.0";"nM";"7.75";"";"";"UO_0000065";"23.55";"0.46";"4.95";"8.24";"0";"CHEMBL665700";"Inhibition of dihydrofolate reductase (DHFR) from Toxoplasma gondii(tg)";"B";"BAO_0000357";"single protein format";"Toxoplasma gondii";"None";"None";"None";"None";"";"";"";"CHEMBL2425";"Dihydrofolate reductase";"Toxoplasma gondii";"SINGLE PROTEIN";"CHEMBL1132261";"1";"Scientific Literature";"J Med Chem";"1999";"None";"";"";""
"CHEMBL34641";"";"None";"406.44";"0";"3.03";"24 (Z-isomer)";"COc1ccc(/C=C/COc2ccccc2C(=O)O)cc1Cc1cnc(N)nc1N";"IC50";"'='";"2500.0";"nM";"5.60";"";"";"UO_0000065";"13.78";"0.26";"2.57";"4.19";"0";"CHEMBL665598";"Inhibitory concentration against dihydrofolate reductase of Toxoplasma gondii";"B";"BAO_0000357";"single protein format";"Toxoplasma gondii";"None";"None";"None";"None";"";"";"";"CHEMBL2425";"Dihydrofolate reductase";"Toxoplasma gondii";"SINGLE PROTEIN";"CHEMBL1149100";"1";"Scientific Literature";"J Med Chem";"2004";"None";"";"";""
"CHEMBL292212";"";"None";"335.20";"0";"3.11";"23";"Nc1nc(N)c2nc(CNc3cc(Cl)ccc3Cl)ccc2n1";"IC50";"'='";"91.0";"nM";"7.04";"";"";"UO_0000065";"21.01";"0.44";"3.93";"6.85";"0";"CHEMBL665702";"Inhibitory activity against Toxoplasma gondii dihydrofolate reductase.";"B";"BAO_0000357";"single protein format";"Toxoplasma gondii";"None";"None";"None";"None";"";"";"";"CHEMBL2425";"Dihydrofolate reductase";"Toxoplasma gondii";"SINGLE PROTEIN";"CHEMBL1129583";"1";"Scientific Literature";"J Med Chem";"1996";"None";"";"";""
"CHEMBL22";"TRIMETHOPRIM";"4.0";"290.32";"0";"1.26";"TMP";"COc1cc(Cc2cnc(N)nc2N)cc(OC)c1OC";"IC50";"'='";"2700.0";"nM";"5.57";"";"";"UO_0000065";"19.18";"0.36";"4.31";"5.28";"1";"CHEMBL664921";"Inhibition of Dihydrofolate Reductase of Toxoplasma gondii.";"B";"BAO_0000357";"single protein format";"Toxoplasma gondii";"None";"None";"None";"None";"";"";"";"CHEMBL2425";"Dihydrofolate reductase";"Toxoplasma gondii";"SINGLE PROTEIN";"CHEMBL1129938";"1";"Scientific Literature";"J Med Chem";"1997";"None";"";"";""
"CHEMBL280378";"EPIROPRIM";"2.0";"353.43";"0";"2.82";"TMQ(3)";"CCOc1cc(Cc2cnc(N)nc2N)cc(OCC)c1-n1cccc1";"IC50";"'='";"10.0";"nM";"8.00";"";"";"UO_0000065";"22.64";"0.42";"5.18";"7.90";"0";"CHEMBL665695";"Inhibition of Toxoplasma gondii Dihydrofolate Reductase";"B";"BAO_0000357";"single protein format";"Toxoplasma gondii";"None";"None";"None";"None";"";"";"";"CHEMBL2425";"Dihydrofolate reductase";"Toxoplasma gondii";"SINGLE PROTEIN";"CHEMBL1130226";"1";"Scientific Literature";"J Med Chem";"1997";"None";"";"";""
"CHEMBL225071";"RALTITREXED";"4.0";"458.50";"0";"1.98";"raltitrexed";"Cc1nc(=O)c2cc(CN(C)c3ccc(C(=O)N[C@@H](CCC(=O)O)C(=O)O)s3)ccc2[nH]1";"IC50";"'='";"900.0";"nM";"6.05";"";"";"UO_0000065";"13.19";"0.26";"4.07";"3.96";"0";"CHEMBL914521";"Inhibition of Toxoplasma gondii thymidylate synthase";"B";"BAO_0000357";"single protein format";"Toxoplasma gondii";"None";"None";"None";"None";"";"";"";"CHEMBL2425";"Dihydrofolate reductase";"Toxoplasma gondii";"SINGLE PROTEIN";"CHEMBL1139472";"1";"Scientific Literature";"J Med Chem";"2005";"None";"";"";""
"CHEMBL139188";"";"None";"252.28";"0";"1.93";"10";"Nc1nc(N)c2nc(Nc3ccccc3)ccc2n1";"IC50";"'='";"300.0";"nM";"6.52";"";"";"UO_0000065";"25.86";"0.47";"4.59";"6.35";"0";"CHEMBL661507";"Inhibitory activity against dihydrofolate reductase (DHFR) from Toxoplasma gondii";"B";"BAO_0000357";"single protein format";"Toxoplasma gondii";"None";"None";"None";"None";"";"";"";"CHEMBL2425";"Dihydrofolate reductase";"Toxoplasma gondii";"SINGLE PROTEIN";"CHEMBL1131172";"1";"Scientific Literature";"J Med Chem";"1998";"None";"";"";""
"CHEMBL22";"TRIMETHOPRIM";"4.0";"290.32";"0";"1.26";"TMP";"COc1cc(Cc2cnc(N)nc2N)cc(OC)c1OC";"IC50";"'='";"2700.0";"nM";"5.57";"";"";"UO_0000065";"19.18";"0.36";"4.31";"5.28";"1";"CHEMBL665591";"Inhibitory concentration against Dihydrofolate reductase from Toxoplasma gondii (tg)";"B";"BAO_0000357";"single protein format";"Toxoplasma gondii";"None";"None";"None";"None";"";"";"";"CHEMBL2425";"Dihydrofolate reductase";"Toxoplasma gondii";"SINGLE PROTEIN";"CHEMBL1129937";"1";"Scientific Literature";"J Med Chem";"1997";"None";"";"";""
"CHEMBL102518";"";"None";"286.30";"0";"1.20";"9";"COc1ccc(-c2nc3c(N)nc(N)nc3[nH]2)cc1OC";"IC50";"'='";"14200.0";"nM";"4.85";"";"";"UO_0000065";"16.93";"0.32";"3.65";"3.88";"0";"CHEMBL664911";"Inhibition of Toxoplasma gondii dihydrofolate reductase";"B";"BAO_0000357";"single protein format";"Toxoplasma gondii";"None";"None";"None";"None";"";"";"";"CHEMBL2425";"Dihydrofolate reductase";"Toxoplasma gondii";"SINGLE PROTEIN";"CHEMBL1130150";"1";"Scientific Literature";"J Med Chem";"1997";"None";"";"";""
"CHEMBL57682";"";"None";"394.39";"0";"1.47";"127";"COc1cc(-n2ccc3c4c(N)nc(N)nc4nc(=O)c-3c2)cc(OC)c1OC";"IC50";"'='";"52.0";"nM";"7.28";"";"";"UO_0000065";"18.47";"0.34";"5.81";"5.19";"0";"CHEMBL830839";"Inhibition of Toxoplasma gondii dihydrofolate reductase";"B";"BAO_0000357";"single protein format";"Toxoplasma gondii";"None";"None";"None";"None";"";"";"";"CHEMBL2425";"Dihydrofolate reductase";"Toxoplasma gondii";"SINGLE PROTEIN";"CHEMBL1145190";"1";"Scientific Literature";"J Med Chem";"2005";"None";"";"";""
"CHEMBL389643";"";"None";"444.47";"1";"1.63";"3";"Cc1c(Sc2ccc(C(=O)N[C@@H](CCC(=O)O)C(=O)O)cc2)[nH]c2nc(N)nc(N)c12";"IC50";"'='";"170.0";"nM";"6.77";"";"";"UO_0000065";"15.23";"0.30";"5.14";"3.43";"0";"CHEMBL914522";"Inhibition of Toxoplasma gondii DHFR";"B";"BAO_0000357";"single protein format";"Toxoplasma gondii";"None";"None";"None";"None";"";"";"";"CHEMBL2425";"Dihydrofolate reductase";"Toxoplasma gondii";"SINGLE PROTEIN";"CHEMBL1139472";"1";"Scientific Literature";"J Med Chem";"2005";"None";"";"";""
"CHEMBL389686";"";"None";"285.38";"0";"2.84";"15";"CCc1c(Sc2ccccc2)[nH]c2nc(N)nc(N)c12";"IC50";"'='";"180000.0";"nM";"";"Outside typical range";"";"UO_0000065";"";"";"";"";"0";"CHEMBL889609";"Inhibition of Toxoplasma gondii DHFR";"B";"BAO_0000357";"single protein format";"Toxoplasma gondii";"None";"None";"None";"None";"";"";"";"CHEMBL2425";"Dihydrofolate reductase";"Toxoplasma gondii";"SINGLE PROTEIN";"CHEMBL1145401";"1";"Scientific Literature";"J Med Chem";"2007";"None";"";"";""
"CHEMBL141218";"";"None";"282.31";"0";"1.94";"155";"COc1ccc(Nc2ccc3nc(N)nc(N)c3n2)cc1";"IC50";"'='";"2800.27";"nM";"5.55";"";"";"UO_0000065";"19.67";"0.36";"3.61";"4.96";"0";"CHEMBL830839";"Inhibition of Toxoplasma gondii dihydrofolate reductase";"B";"BAO_0000357";"single protein format";"Toxoplasma gondii";"None";"None";"None";"None";"";"";"";"CHEMBL2425";"Dihydrofolate reductase";"Toxoplasma gondii";"SINGLE PROTEIN";"CHEMBL1145190";"1";"Scientific Literature";"J Med Chem";"2005";"None";"";"";""
"CHEMBL278013";"";"None";"337.21";"0";"3.07";"85";"CN(Cc1c[nH]c2nc(N)nc(N)c12)c1ccc(Cl)c(Cl)c1";"IC50";"'='";"1000.0";"nM";"6.00";"";"";"UO_0000065";"17.79";"0.37";"2.93";"6.20";"1";"CHEMBL830839";"Inhibition of Toxoplasma gondii dihydrofolate reductase";"B";"BAO_0000357";"single protein format";"Toxoplasma gondii";"None";"None";"None";"None";"";"";"";"CHEMBL2425";"Dihydrofolate reductase";"Toxoplasma gondii";"SINGLE PROTEIN";"CHEMBL1145190";"1";"Scientific Literature";"J Med Chem";"2005";"None";"";"";""
"CHEMBL32113";"";"None";"340.39";"0";"1.84";"163";"COc1ccc(OC)c(CN(C)c2cnc3nc(N)nc(N)c3c2)c1";"IC50";"'='";"6.3";"nM";"8.20";"";"";"UO_0000065";"24.09";"0.45";"6.36";"7.30";"1";"CHEMBL828662";"Inhibition of Toxoplasma gondii dihydrofolate reductase";"B";"BAO_0000357";"single protein format";"Toxoplasma gondii";"None";"None";"None";"None";"";"";"";"CHEMBL2425";"Dihydrofolate reductase";"Toxoplasma gondii";"SINGLE PROTEIN";"CHEMBL1145190";"1";"Scientific Literature";"J Med Chem";"2005";"None";"";"";""
"CHEMBL32113";"";"None";"340.39";"0";"1.84";"163";"COc1ccc(OC)c(CN(C)c2cnc3nc(N)nc(N)c3c2)c1";"IC50";"'='";"6.295";"nM";"8.20";"";"";"UO_0000065";"24.09";"0.45";"6.36";"7.30";"1";"CHEMBL830839";"Inhibition of Toxoplasma gondii dihydrofolate reductase";"B";"BAO_0000357";"single protein format";"Toxoplasma gondii";"None";"None";"None";"None";"";"";"";"CHEMBL2425";"Dihydrofolate reductase";"Toxoplasma gondii";"SINGLE PROTEIN";"CHEMBL1145190";"1";"Scientific Literature";"J Med Chem";"2005";"None";"";"";""
"CHEMBL32220";"";"None";"346.39";"0";"2.96";"176";"COc1ccc(CNc2cnc3nc(N)nc(N)c3c2)c2ccccc12";"IC50";"'='";"380.01";"nM";"6.42";"";"";"UO_0000065";"18.53";"0.34";"3.46";"5.73";"0";"CHEMBL830839";"Inhibition of Toxoplasma gondii dihydrofolate reductase";"B";"BAO_0000357";"single protein format";"Toxoplasma gondii";"None";"None";"None";"None";"";"";"";"CHEMBL2425";"Dihydrofolate reductase";"Toxoplasma gondii";"SINGLE PROTEIN";"CHEMBL1145190";"1";"Scientific Literature";"J Med Chem";"2005";"None";"";"";""
"CHEMBL17431";"";"None";"331.40";"0";"2.43";"88";"COc1ccc(SCc2c[nH]c3nc(N)nc(N)c23)cc1OC";"IC50";"'='";"2600.16";"nM";"5.58";"";"";"UO_0000065";"16.85";"0.33";"3.15";"4.98";"0";"CHEMBL830839";"Inhibition of Toxoplasma gondii dihydrofolate reductase";"B";"BAO_0000357";"single protein format";"Toxoplasma gondii";"None";"None";"None";"None";"";"";"";"CHEMBL2425";"Dihydrofolate reductase";"Toxoplasma gondii";"SINGLE PROTEIN";"CHEMBL1145190";"1";"Scientific Literature";"J Med Chem";"2005";"None";"";"";""
"CHEMBL32583";"";"None";"370.41";"0";"2.39";"178";"COc1cc(C(C)Nc2cnc3nc(N)nc(N)c3c2)cc(OC)c1OC";"IC50";"'='";"181.55";"nM";"6.74";"";"";"UO_0000065";"18.20";"0.34";"4.35";"5.17";"0";"CHEMBL830839";"Inhibition of Toxoplasma gondii dihydrofolate reductase";"B";"BAO_0000357";"single protein format";"Toxoplasma gondii";"None";"None";"None";"None";"";"";"";"CHEMBL2425";"Dihydrofolate reductase";"Toxoplasma gondii";"SINGLE PROTEIN";"CHEMBL1145190";"1";"Scientific Literature";"J Med Chem";"2005";"None";"";"";""
"CHEMBL139188";"";"None";"252.28";"0";"1.93";"159";"Nc1nc(N)c2nc(Nc3ccccc3)ccc2n1";"IC50";"'='";"300.0";"nM";"6.52";"";"";"UO_0000065";"25.86";"0.47";"4.59";"6.35";"1";"CHEMBL828662";"Inhibition of Toxoplasma gondii dihydrofolate reductase";"B";"BAO_0000357";"single protein format";"Toxoplasma gondii";"None";"None";"None";"None";"";"";"";"CHEMBL2425";"Dihydrofolate reductase";"Toxoplasma gondii";"SINGLE PROTEIN";"CHEMBL1145190";"1";"Scientific Literature";"J Med Chem";"2005";"None";"";"";""
"CHEMBL53318";"";"None";"314.78";"0";"2.48";"76";"CN(Cc1ccc2nc(N)nc(N)c2n1)c1ccccc1Cl";"IC50";"'='";"15.0";"nM";"7.82";"";"";"UO_0000065";"24.86";"0.49";"5.34";"8.33";"1";"CHEMBL830839";"Inhibition of Toxoplasma gondii dihydrofolate reductase";"B";"BAO_0000357";"single protein format";"Toxoplasma gondii";"None";"None";"None";"None";"";"";"";"CHEMBL2425";"Dihydrofolate reductase";"Toxoplasma gondii";"SINGLE PROTEIN";"CHEMBL1145190";"1";"Scientific Literature";"J Med Chem";"2005";"None";"";"";""
"CHEMBL23374";"";"None";"329.41";"0";"3.44";"13t";"Cc1c(CCc2cccc3ccccc23)cnc2nc(N)nc(N)c12";"IC50";"'='";"26.0";"nM";"7.58";"";"";"UO_0000065";"23.03";"0.41";"4.15";"8.36";"0";"CHEMBL665590";"Inhibitory activity against Toxoplasma gondii dihydrofolate reductase";"B";"BAO_0000357";"single protein format";"Toxoplasma gondii";"None";"None";"None";"None";"";"";"";"CHEMBL2425";"Dihydrofolate reductase";"Toxoplasma gondii";"SINGLE PROTEIN";"CHEMBL1129525";"1";"Scientific Literature";"J Med Chem";"1996";"None";"";"";""
"CHEMBL3910843";"";"None";"265.32";"0";"2.67";"13";"Nc1nc(N)c(-c2c[nH]c3ccccc23)c(C2CC2)n1";"IC50";"'='";"910.0";"nM";"6.04";"";"";"UO_0000065";"22.77";"0.41";"3.37";"6.45";"0";"CHEMBL3867372";"Inhibition of Toxoplasma gondii TS-DHFR expressed in Escherichia coli BL21 preincubated for 15 mins followed by addition of DHF as substrate and NADPH measured after 60 mins by resazurin/diaphorase coupled assay";"B";"BAO_0000366";"cell-free format";"Toxoplasma gondii";"CHEMBL3559721";"Plasma";"None";"None";"";"";"";"CHEMBL2425";"Dihydrofolate reductase";"Toxoplasma gondii";"SINGLE PROTEIN";"CHEMBL3865850";"1";"Scientific Literature";"ACS Med Chem Lett";"2016";"None";"";"";""
"CHEMBL3921798";"";"None";"374.49";"0";"2.94";"7";"Cc1nc(N)nc(N)c1CN1CCN(c2cccc(-c3ccccc3)c2)CC1";"IC50";"'='";"1100.0";"nM";"5.96";"";"";"UO_0000065";"15.91";"0.29";"3.02";"7.07";"0";"CHEMBL3867372";"Inhibition of Toxoplasma gondii TS-DHFR expressed in Escherichia coli BL21 preincubated for 15 mins followed by addition of DHF as substrate and NADPH measured after 60 mins by resazurin/diaphorase coupled assay";"B";"BAO_0000366";"cell-free format";"Toxoplasma gondii";"CHEMBL3559721";"Plasma";"None";"None";"";"";"";"CHEMBL2425";"Dihydrofolate reductase";"Toxoplasma gondii";"SINGLE PROTEIN";"CHEMBL3865850";"1";"Scientific Literature";"ACS Med Chem Lett";"2016";"None";"";"";""
"CHEMBL33208";"";"None";"356.39";"0";"1.83";"1b";"COc1cc(CNc2cnc3nc(N)nc(N)c3c2)cc(OC)c1OC";"IC50";"'='";"395.0";"nM";"6.40";"";"";"UO_0000065";"17.97";"0.34";"4.57";"4.91";"0";"CHEMBL664917";"Inhibitory activity against Dihydrofolate reductase from Toxoplasma gondii (tgDHFR)";"B";"BAO_0000357";"single protein format";"Toxoplasma gondii";"None";"None";"None";"None";"";"";"";"CHEMBL2425";"Dihydrofolate reductase";"Toxoplasma gondii";"SINGLE PROTEIN";"CHEMBL1131583";"1";"Scientific Literature";"J Med Chem";"1998";"None";"";"";""
"CHEMBL113816";"";"None";"339.40";"0";"2.45";"97";"COc1cc(CN(C)c2ccc3nc(N)nc(N)c3c2)cc(OC)c1";"IC50";"'='";"9.29";"nM";"8.03";"";"";"UO_0000065";"23.67";"0.44";"5.58";"8.07";"1";"CHEMBL830839";"Inhibition of Toxoplasma gondii dihydrofolate reductase";"B";"BAO_0000357";"single protein format";"Toxoplasma gondii";"None";"None";"None";"None";"";"";"";"CHEMBL2425";"Dihydrofolate reductase";"Toxoplasma gondii";"SINGLE PROTEIN";"CHEMBL1145190";"1";"Scientific Literature";"J Med Chem";"2005";"None";"";"";""
"CHEMBL22";"TRIMETHOPRIM";"4.0";"290.32";"0";"1.26";"TMP";"COc1cc(Cc2cnc(N)nc2N)cc(OC)c1OC";"IC50";"'='";"2700.0";"nM";"5.57";"";"";"UO_0000065";"19.18";"0.36";"4.31";"5.28";"1";"CHEMBL662241";"Inhibition of partially purified dihydrofolate reductase (DHFR) from Toxoplasma gondii (Tg)";"B";"BAO_0000357";"single protein format";"Toxoplasma gondii";"None";"None";"None";"None";"";"";"";"CHEMBL2425";"Dihydrofolate reductase";"Toxoplasma gondii";"SINGLE PROTEIN";"CHEMBL1135399";"1";"Scientific Literature";"J Med Chem";"2002";"None";"";"";""
"CHEMBL84457";"";"None";"310.36";"0";"2.12";"116";"COc1ccccc1NCc1cnc2nc(N)nc(N)c2c1C";"IC50";"'='";"7.396";"nM";"8.13";"";"";"UO_0000065";"26.20";"0.48";"6.01";"7.26";"0";"CHEMBL830839";"Inhibition of Toxoplasma gondii dihydrofolate reductase";"B";"BAO_0000357";"single protein format";"Toxoplasma gondii";"None";"None";"None";"None";"";"";"";"CHEMBL2425";"Dihydrofolate reductase";"Toxoplasma gondii";"SINGLE PROTEIN";"CHEMBL1145190";"1";"Scientific Literature";"J Med Chem";"2005";"None";"";"";""
"CHEMBL296382";"";"None";"326.36";"0";"1.82";"84";"COc1ccc(NCc2ccc3nc(N)nc(N)c3n2)c(OC)c1";"IC50";"'='";"140.0";"nM";"6.85";"";"";"UO_0000065";"21.00";"0.39";"5.03";"5.66";"1";"CHEMBL828662";"Inhibition of Toxoplasma gondii dihydrofolate reductase";"B";"BAO_0000357";"single protein format";"Toxoplasma gondii";"None";"None";"None";"None";"";"";"";"CHEMBL2425";"Dihydrofolate reductase";"Toxoplasma gondii";"SINGLE PROTEIN";"CHEMBL1145190";"1";"Scientific Literature";"J Med Chem";"2005";"None";"";"";""
"CHEMBL296382";"";"None";"326.36";"0";"1.82";"84";"COc1ccc(NCc2ccc3nc(N)nc(N)c3n2)c(OC)c1";"IC50";"'='";"139.96";"nM";"6.85";"";"";"UO_0000065";"21.00";"0.39";"5.03";"5.66";"0";"CHEMBL830839";"Inhibition of Toxoplasma gondii dihydrofolate reductase";"B";"BAO_0000357";"single protein format";"Toxoplasma gondii";"None";"None";"None";"None";"";"";"";"CHEMBL2425";"Dihydrofolate reductase";"Toxoplasma gondii";"SINGLE PROTEIN";"CHEMBL1145190";"1";"Scientific Literature";"J Med Chem";"2005";"None";"";"";""
"CHEMBL32266";"";"None";"326.36";"0";"1.82";"174";"COc1cc(CNc2cnc3nc(N)nc(N)c3c2)cc(OC)c1";"IC50";"'='";"1200.0";"nM";"5.92";"";"";"UO_0000065";"18.14";"0.34";"4.10";"4.89";"1";"CHEMBL828662";"Inhibition of Toxoplasma gondii dihydrofolate reductase";"B";"BAO_0000357";"single protein format";"Toxoplasma gondii";"None";"None";"None";"None";"";"";"";"CHEMBL2425";"Dihydrofolate reductase";"Toxoplasma gondii";"SINGLE PROTEIN";"CHEMBL1145190";"1";"Scientific Literature";"J Med Chem";"2005";"None";"";"";""
"CHEMBL52698";"";"None";"383.67";"0";"3.79";"72";"CN(Cc1ccc2nc(N)nc(N)c2n1)c1cc(Cl)c(Cl)c(Cl)c1";"IC50";"'='";"38.0";"nM";"7.42";"";"";"UO_0000065";"19.34";"0.42";"3.63";"7.90";"1";"CHEMBL830839";"Inhibition of Toxoplasma gondii dihydrofolate reductase";"B";"BAO_0000357";"single protein format";"Toxoplasma gondii";"None";"None";"None";"None";"";"";"";"CHEMBL2425";"Dihydrofolate reductase";"Toxoplasma gondii";"SINGLE PROTEIN";"CHEMBL1145190";"1";"Scientific Literature";"J Med Chem";"2005";"None";"";"";""
"CHEMBL114833";"";"None";"355.40";"0";"2.43";"8";"COc1cc(OC)c(OC)cc1CNc1ccc2nc(N)nc(N)c2c1";"IC50";"'='";"540.0";"nM";"6.27";"";"";"UO_0000065";"17.64";"0.33";"3.84";"5.33";"0";"CHEMBL665585";"Inhibition of recombinant Dihydrofolate reductase from Toxoplasma gondii (tgDHFR)";"B";"BAO_0000357";"single protein format";"Toxoplasma gondii";"None";"None";"None";"None";"";"";"";"CHEMBL2425";"Dihydrofolate reductase";"Toxoplasma gondii";"SINGLE PROTEIN";"CHEMBL1131583";"1";"Scientific Literature";"J Med Chem";"1998";"None";"";"";""
"CHEMBL445359";"";"None";"349.23";"0";"3.13";"77";"CN(Cc1ccc2nc(N)nc(N)c2n1)c1c(Cl)cccc1Cl";"IC50";"'='";"30.0";"nM";"7.52";"";"";"UO_0000065";"21.54";"0.45";"4.39";"8.01";"1";"CHEMBL828662";"Inhibition of Toxoplasma gondii dihydrofolate reductase";"B";"BAO_0000357";"single protein format";"Toxoplasma gondii";"None";"None";"None";"None";"";"";"";"CHEMBL2425";"Dihydrofolate reductase";"Toxoplasma gondii";"SINGLE PROTEIN";"CHEMBL1145190";"1";"Scientific Literature";"J Med Chem";"2005";"None";"";"";""
"CHEMBL85919";"";"None";"502.41";"2";"5.24";"10k";"CCc1nc(N)nc(N)c1-c1ccc(Cl)c(/N=N/N(CCOC(C)=O)Cc2ccccc2Cl)c1";"IC50";"'='";"6100.0";"nM";"5.21";"";"";"UO_0000065";"10.38";"0.21";"-0.03";"3.95";"0";"CHEMBL664922";"Inhibitory activity against dihydrofolate reductase DHFR in Toxoplasma gondii.";"B";"BAO_0000357";"single protein format";"Toxoplasma gondii";"None";"None";"None";"None";"";"";"";"CHEMBL2425";"Dihydrofolate reductase";"Toxoplasma gondii";"SINGLE PROTEIN";"CHEMBL1134547";"1";"Scientific Literature";"J Med Chem";"2001";"None";"";"";""
"CHEMBL292143";"";"None";"333.42";"0";"3.63";"82";"Nc1nc(N)c2nc(CSc3ccc4ccccc4c3)ccc2n1";"IC50";"'='";"48.0";"nM";"7.32";"";"";"UO_0000065";"21.95";"0.42";"3.69";"8.07";"1";"CHEMBL830839";"Inhibition of Toxoplasma gondii dihydrofolate reductase";"B";"BAO_0000357";"single protein format";"Toxoplasma gondii";"None";"None";"None";"None";"";"";"";"CHEMBL2425";"Dihydrofolate reductase";"Toxoplasma gondii";"SINGLE PROTEIN";"CHEMBL1145190";"1";"Scientific Literature";"J Med Chem";"2005";"None";"";"";""
"CHEMBL299140";"";"None";"316.37";"0";"2.95";"83";"Nc1nc(N)c2nc(CNc3cccc4ccccc34)ccc2n1";"IC50";"'='";"26.0";"nM";"7.58";"";"";"UO_0000065";"23.98";"0.43";"4.64";"7.38";"1";"CHEMBL828662";"Inhibition of Toxoplasma gondii dihydrofolate reductase";"B";"BAO_0000357";"single protein format";"Toxoplasma gondii";"None";"None";"None";"None";"";"";"";"CHEMBL2425";"Dihydrofolate reductase";"Toxoplasma gondii";"SINGLE PROTEIN";"CHEMBL1145190";"1";"Scientific Literature";"J Med Chem";"2005";"None";"";"";""
"CHEMBL32113";"";"None";"340.39";"0";"1.84";"22";"COc1ccc(OC)c(CN(C)c2cnc3nc(N)nc(N)c3c2)c1";"IC50";"'='";"6.3";"nM";"8.20";"";"";"UO_0000065";"24.09";"0.45";"6.36";"7.30";"0";"CHEMBL665616";"Inhibitory activity against Toxoplasma gondii dihydrofolate reductase (in 90 uM dihydrofolic acid)";"B";"BAO_0000357";"single protein format";"Toxoplasma gondii";"None";"None";"None";"None";"";"";"";"CHEMBL2425";"Dihydrofolate reductase";"Toxoplasma gondii";"SINGLE PROTEIN";"CHEMBL1129539";"1";"Scientific Literature";"J Med Chem";"1996";"None";"";"";""
"CHEMBL81995";"";"None";"383.42";"0";"3.11";"7";"Nc1nc(N)c2nc(CN3c4ccccc4C=Cc4cc(O)ccc43)cnc2n1";"IC50";"'='";"26.0";"nM";"7.58";"";"";"UO_0000065";"19.78";"0.36";"4.48";"5.97";"0";"CHEMBL664378";"Concentration required to inhibit the Toxoplasma gondii Dihydrofolate reductase by 50% was determined; Range: 23-30";"B";"BAO_0000357";"single protein format";"Toxoplasma gondii";"None";"None";"None";"None";"";"";"";"CHEMBL2425";"Dihydrofolate reductase";"Toxoplasma gondii";"SINGLE PROTEIN";"CHEMBL1149188";"1";"Scientific Literature";"J Med Chem";"2004";"None";"";"";""
"CHEMBL7492";"PIRITREXIM";"2.0";"325.37";"0";"2.11";"158";"COc1ccc(OC)c(Cc2cnc3nc(N)nc(N)c3c2C)c1";"IC50";"'='";"17.0";"nM";"7.77";"";"";"UO_0000065";"23.88";"0.44";"5.66";"7.12";"1";"CHEMBL3412569";"Inhibition of Toxoplasma gondii DHFR by spectrophotometric assay";"B";"BAO_0000357";"single protein format";"Toxoplasma gondii";"None";"None";"None";"None";"";"";"";"CHEMBL2425";"Dihydrofolate reductase";"Toxoplasma gondii";"SINGLE PROTEIN";"CHEMBL3407467";"1";"Scientific Literature";"Eur J Med Chem";"2015";"None";"";"";""
"CHEMBL4543226";"";"None";"362.44";"0";"1.73";"29";"Cc1ncc(-c2cccc(N3CCN(c4cnc(N)nc4N)CC3)c2)cn1";"IC50";"'='";"3.95";"nM";"8.40";"";"";"UO_0000065";"23.19";"0.43";"6.67";"7.63";"0";"CHEMBL4423789";"Inhibition of Toxoplasma gondii DHFR-TS expressed in Escherichia coli BL21 competent cells using DHF as substrate preincubated for 15 mins followed by substrate and NADPH addition and measured after 60 mins by resazurin dye based diaphorase-coupled assay";"B";"BAO_0000219";"cell-based format";"Toxoplasma gondii";"None";"None";"None";"None";"";"";"";"CHEMBL2425";"Dihydrofolate reductase";"Toxoplasma gondii";"SINGLE PROTEIN";"CHEMBL4422638";"1";"Scientific Literature";"J Med Chem";"2019";"None";"";"";""
"CHEMBL34259";"METHOTREXATE";"4.0";"454.45";"0";"0.27";"Methotrexate";"CN(Cc1cnc2nc(N)nc(N)c2n1)c1ccc(C(=O)N[C@@H](CCC(=O)O)C(=O)O)cc1";"IC50";"'='";"71.0";"nM";"7.15";"";"";"UO_0000065";"15.73";"0.30";"6.88";"3.40";"0";"CHEMBL3867372";"Inhibition of Toxoplasma gondii TS-DHFR expressed in Escherichia coli BL21 preincubated for 15 mins followed by addition of DHF as substrate and NADPH measured after 60 mins by resazurin/diaphorase coupled assay";"B";"BAO_0000366";"cell-free format";"Toxoplasma gondii";"CHEMBL3559721";"Plasma";"None";"None";"";"";"";"CHEMBL2425";"Dihydrofolate reductase";"Toxoplasma gondii";"SINGLE PROTEIN";"CHEMBL3865850";"1";"Scientific Literature";"ACS Med Chem Lett";"2016";"None";"";"";""
"CHEMBL33136";"";"None";"280.33";"0";"1.84";"27";"Nc1nc(N)c2cc(NCCc3ccccc3)cnc2n1";"IC50";"'='";"4450.0";"nM";"5.35";"";"";"UO_0000065";"19.09";"0.35";"3.51";"5.21";"0";"CHEMBL665616";"Inhibitory activity against Toxoplasma gondii dihydrofolate reductase (in 90 uM dihydrofolic acid)";"B";"BAO_0000357";"single protein format";"Toxoplasma gondii";"None";"None";"None";"None";"";"";"";"CHEMBL2425";"Dihydrofolate reductase";"Toxoplasma gondii";"SINGLE PROTEIN";"CHEMBL1129539";"1";"Scientific Literature";"J Med Chem";"1996";"None";"";"";""
"CHEMBL4584470";"";"None";"348.41";"0";"1.42";"25";"Nc1ncc(N2CCN(c3cccc(-c4ncccn4)c3)CC2)c(N)n1";"IC50";"'='";"27.3";"nM";"7.56";"";"";"UO_0000065";"21.71";"0.40";"6.14";"6.87";"0";"CHEMBL4423789";"Inhibition of Toxoplasma gondii DHFR-TS expressed in Escherichia coli BL21 competent cells using DHF as substrate preincubated for 15 mins followed by substrate and NADPH addition and measured after 60 mins by resazurin dye based diaphorase-coupled assay";"B";"BAO_0000219";"cell-based format";"Toxoplasma gondii";"None";"None";"None";"None";"";"";"";"CHEMBL2425";"Dihydrofolate reductase";"Toxoplasma gondii";"SINGLE PROTEIN";"CHEMBL4422638";"1";"Scientific Literature";"J Med Chem";"2019";"None";"";"";""
"CHEMBL17323";"";"None";"314.35";"0";"1.75";"4";"COc1ccc(OC)c(NCc2c[nH]c3nc(N)nc(N)c23)c1";"IC50";"'='";"1700.0";"nM";"5.77";"";"";"UO_0000065";"18.35";"0.34";"4.02";"4.65";"0";"CHEMBL665698";"Inhibition of Toxoplasma gondii (tc) Dihydrofolate reductase";"B";"BAO_0000357";"single protein format";"Toxoplasma gondii";"None";"None";"None";"None";"";"";"";"CHEMBL2425";"Dihydrofolate reductase";"Toxoplasma gondii";"SINGLE PROTEIN";"CHEMBL1128397";"1";"Scientific Literature";"J Med Chem";"1995";"None";"";"";""
"CHEMBL3112978";"";"None";"452.51";"1";"5.53";"9, JFD03677";"Oc1ccccc1/C=N/[C@H](c1ccccc1O)[C@@H](/N=C/c1ccccc1O)c1ccccc1O";"Inhibition";"'='";"50.0";"%";"";"";"";"UO_0000187";"";"";"";"";"0";"CHEMBL3118570";"Inhibition of Toxoplasma gondii TS-DHFR using methylenetetrahydrofolate/dUMP as sustrate at 100 uM preincubated for 10 mins followed by substrate addition";"B";"BAO_0000357";"single protein format";"Toxoplasma gondii";"None";"None";"None";"None";"";"";"";"CHEMBL2425";"Dihydrofolate reductase";"Toxoplasma gondii";"SINGLE PROTEIN";"CHEMBL3112437";"1";"Scientific Literature";"Bioorg Med Chem Lett";"2014";"None";"";"";""
"CHEMBL3924966";"";"None";"352.35";"0";"2.98";"2";"Nc1ncc(Cn2cc(-c3ccc(F)c(F)c3)c3cnccc32)c(N)n1";"IC50";"'>'";"10000.0";"nM";"";"";"";"UO_0000065";"";"";"";"";"0";"CHEMBL3867372";"Inhibition of Toxoplasma gondii TS-DHFR expressed in Escherichia coli BL21 preincubated for 15 mins followed by addition of DHF as substrate and NADPH measured after 60 mins by resazurin/diaphorase coupled assay";"B";"BAO_0000366";"cell-free format";"Toxoplasma gondii";"CHEMBL3559721";"Plasma";"None";"None";"";"";"";"CHEMBL2425";"Dihydrofolate reductase";"Toxoplasma gondii";"SINGLE PROTEIN";"CHEMBL3865850";"1";"Scientific Literature";"ACS Med Chem Lett";"2016";"None";"";"";""
"CHEMBL4550110";"";"None";"388.48";"0";"2.30";"31";"Nc1ncc(N2CCN(c3cccc(-c4cnc(C5CC5)nc4)c3)CC2)c(N)n1";"IC50";"'='";"9.92";"nM";"8.00";"";"";"UO_0000065";"20.60";"0.38";"5.70";"7.27";"0";"CHEMBL4423789";"Inhibition of Toxoplasma gondii DHFR-TS expressed in Escherichia coli BL21 competent cells using DHF as substrate preincubated for 15 mins followed by substrate and NADPH addition and measured after 60 mins by resazurin dye based diaphorase-coupled assay";"B";"BAO_0000219";"cell-based format";"Toxoplasma gondii";"None";"None";"None";"None";"";"";"";"CHEMBL2425";"Dihydrofolate reductase";"Toxoplasma gondii";"SINGLE PROTEIN";"CHEMBL4422638";"1";"Scientific Literature";"J Med Chem";"2019";"None";"";"";""
"CHEMBL4439025";"";"None";"354.34";"0";"1.87";"18";"Nc1ncc(N2CCN(c3cccc(OC(F)(F)F)c3)CC2)c(N)n1";"IC50";"'='";"12.9";"nM";"7.89";"";"";"UO_0000065";"22.27";"0.43";"6.02";"8.44";"0";"CHEMBL4423789";"Inhibition of Toxoplasma gondii DHFR-TS expressed in Escherichia coli BL21 competent cells using DHF as substrate preincubated for 15 mins followed by substrate and NADPH addition and measured after 60 mins by resazurin dye based diaphorase-coupled assay";"B";"BAO_0000219";"cell-based format";"Toxoplasma gondii";"None";"None";"None";"None";"";"";"";"CHEMBL2425";"Dihydrofolate reductase";"Toxoplasma gondii";"SINGLE PROTEIN";"CHEMBL4422638";"1";"Scientific Literature";"J Med Chem";"2019";"None";"";"";""
"CHEMBL4591892";"";"None";"416.41";"0";"2.44";"30";"Nc1ncc(N2CCN(c3cccc(-c4cnc(C(F)(F)F)nc4)c3)CC2)c(N)n1";"IC50";"'='";"32.7";"nM";"7.49";"";"";"UO_0000065";"17.98";"0.34";"5.05";"6.80";"0";"CHEMBL4423789";"Inhibition of Toxoplasma gondii DHFR-TS expressed in Escherichia coli BL21 competent cells using DHF as substrate preincubated for 15 mins followed by substrate and NADPH addition and measured after 60 mins by resazurin dye based diaphorase-coupled assay";"B";"BAO_0000219";"cell-based format";"Toxoplasma gondii";"None";"None";"None";"None";"";"";"";"CHEMBL2425";"Dihydrofolate reductase";"Toxoplasma gondii";"SINGLE PROTEIN";"CHEMBL4422638";"1";"Scientific Literature";"J Med Chem";"2019";"None";"";"";""
"CHEMBL4553229";"";"None";"270.34";"0";"0.97";"7";"Nc1ncc(N2CCN(c3ccccc3)CC2)c(N)n1";"IC50";"'='";"209.0";"nM";"6.68";"";"";"UO_0000065";"24.71";"0.46";"5.71";"7.92";"0";"CHEMBL4423789";"Inhibition of Toxoplasma gondii DHFR-TS expressed in Escherichia coli BL21 competent cells using DHF as substrate preincubated for 15 mins followed by substrate and NADPH addition and measured after 60 mins by resazurin dye based diaphorase-coupled assay";"B";"BAO_0000219";"cell-based format";"Toxoplasma gondii";"None";"None";"None";"None";"";"";"";"CHEMBL2425";"Dihydrofolate reductase";"Toxoplasma gondii";"SINGLE PROTEIN";"CHEMBL4422638";"1";"Scientific Literature";"J Med Chem";"2019";"None";"";"";""
"CHEMBL4464707";"";"None";"348.41";"0";"1.42";"28";"Nc1ncc(N2CCN(c3cccc(-c4ccnnc4)c3)CC2)c(N)n1";"IC50";"'='";"6.0";"nM";"8.22";"";"";"UO_0000065";"23.60";"0.43";"6.80";"7.47";"0";"CHEMBL4423789";"Inhibition of Toxoplasma gondii DHFR-TS expressed in Escherichia coli BL21 competent cells using DHF as substrate preincubated for 15 mins followed by substrate and NADPH addition and measured after 60 mins by resazurin dye based diaphorase-coupled assay";"B";"BAO_0000219";"cell-based format";"Toxoplasma gondii";"None";"None";"None";"None";"";"";"";"CHEMBL2425";"Dihydrofolate reductase";"Toxoplasma gondii";"SINGLE PROTEIN";"CHEMBL4422638";"1";"Scientific Literature";"J Med Chem";"2019";"None";"";"";""
"CHEMBL4544894";"";"None";"304.79";"0";"1.62";"14";"Nc1ncc(N2CCN(c3cccc(Cl)c3)CC2)c(N)n1";"IC50";"'='";"39.8";"nM";"7.40";"";"";"UO_0000065";"24.28";"0.48";"5.78";"8.78";"0";"CHEMBL4423789";"Inhibition of Toxoplasma gondii DHFR-TS expressed in Escherichia coli BL21 competent cells using DHF as substrate preincubated for 15 mins followed by substrate and NADPH addition and measured after 60 mins by resazurin dye based diaphorase-coupled assay";"B";"BAO_0000219";"cell-based format";"Toxoplasma gondii";"None";"None";"None";"None";"";"";"";"CHEMBL2425";"Dihydrofolate reductase";"Toxoplasma gondii";"SINGLE PROTEIN";"CHEMBL4422638";"1";"Scientific Literature";"J Med Chem";"2019";"None";"";"";""
"CHEMBL36";"PYRIMETHAMINE";"4.0";"248.72";"0";"2.52";"Pyrimethamine";"CCc1nc(N)nc(N)c1-c1ccc(Cl)cc1";"IC50";"'='";"139.0";"nM";"6.86";"";"";"UO_0000065";"27.57";"0.55";"4.34";"8.81";"0";"CHEMBL4423789";"Inhibition of Toxoplasma gondii DHFR-TS expressed in Escherichia coli BL21 competent cells using DHF as substrate preincubated for 15 mins followed by substrate and NADPH addition and measured after 60 mins by resazurin dye based diaphorase-coupled assay";"B";"BAO_0000219";"cell-based format";"Toxoplasma gondii";"None";"None";"None";"None";"";"";"";"CHEMBL2425";"Dihydrofolate reductase";"Toxoplasma gondii";"SINGLE PROTEIN";"CHEMBL4422638";"1";"Scientific Literature";"J Med Chem";"2019";"None";"";"";""
"CHEMBL4544467";"";"None";"346.44";"0";"2.63";"8";"Nc1ncc(N2CCN(c3ccccc3-c3ccccc3)CC2)c(N)n1";"IC50";"'='";"30.9";"nM";"7.51";"";"";"UO_0000065";"21.68";"0.39";"4.88";"8.91";"0";"CHEMBL4423789";"Inhibition of Toxoplasma gondii DHFR-TS expressed in Escherichia coli BL21 competent cells using DHF as substrate preincubated for 15 mins followed by substrate and NADPH addition and measured after 60 mins by resazurin dye based diaphorase-coupled assay";"B";"BAO_0000219";"cell-based format";"Toxoplasma gondii";"None";"None";"None";"None";"";"";"";"CHEMBL2425";"Dihydrofolate reductase";"Toxoplasma gondii";"SINGLE PROTEIN";"CHEMBL4422638";"1";"Scientific Literature";"J Med Chem";"2019";"None";"";"";""
"CHEMBL4519642";"";"None";"347.43";"0";"2.03";"22";"Nc1ncc(N2CCN(c3cccc(-c4ccccn4)c3)CC2)c(N)n1";"IC50";"'='";"10.3";"nM";"7.99";"";"";"UO_0000065";"22.99";"0.42";"5.96";"8.22";"0";"CHEMBL4423789";"Inhibition of Toxoplasma gondii DHFR-TS expressed in Escherichia coli BL21 competent cells using DHF as substrate preincubated for 15 mins followed by substrate and NADPH addition and measured after 60 mins by resazurin dye based diaphorase-coupled assay";"B";"BAO_0000219";"cell-based format";"Toxoplasma gondii";"None";"None";"None";"None";"";"";"";"CHEMBL2425";"Dihydrofolate reductase";"Toxoplasma gondii";"SINGLE PROTEIN";"CHEMBL4422638";"1";"Scientific Literature";"J Med Chem";"2019";"None";"";"";""
"CHEMBL34259";"METHOTREXATE";"4.0";"454.45";"0";"0.27";"5";"CN(Cc1cnc2nc(N)nc(N)c2n1)c1ccc(C(=O)N[C@@H](CCC(=O)O)C(=O)O)cc1";"IC50";"'='";"78.3";"nM";"7.11";"";"";"UO_0000065";"15.64";"0.29";"6.84";"3.38";"0";"CHEMBL4423789";"Inhibition of Toxoplasma gondii DHFR-TS expressed in Escherichia coli BL21 competent cells using DHF as substrate preincubated for 15 mins followed by substrate and NADPH addition and measured after 60 mins by resazurin dye based diaphorase-coupled assay";"B";"BAO_0000219";"cell-based format";"Toxoplasma gondii";"None";"None";"None";"None";"";"";"";"CHEMBL2425";"Dihydrofolate reductase";"Toxoplasma gondii";"SINGLE PROTEIN";"CHEMBL4422638";"1";"Scientific Literature";"J Med Chem";"2019";"None";"";"";""
"CHEMBL4573445";"";"None";"348.41";"0";"1.42";"26";"Nc1ncc(N2CCN(c3cccc(-c4cncnc4)c3)CC2)c(N)n1";"IC50";"'='";"4.75";"nM";"8.32";"";"";"UO_0000065";"23.89";"0.44";"6.90";"7.56";"0";"CHEMBL4423789";"Inhibition of Toxoplasma gondii DHFR-TS expressed in Escherichia coli BL21 competent cells using DHF as substrate preincubated for 15 mins followed by substrate and NADPH addition and measured after 60 mins by resazurin dye based diaphorase-coupled assay";"B";"BAO_0000219";"cell-based format";"Toxoplasma gondii";"None";"None";"None";"None";"";"";"";"CHEMBL2425";"Dihydrofolate reductase";"Toxoplasma gondii";"SINGLE PROTEIN";"CHEMBL4422638";"1";"Scientific Literature";"J Med Chem";"2019";"None";"";"";""
"CHEMBL1530518";"";"None";"335.32";"0";"3.06";"10, RJC00902";"COC(=O)Nc1nc2cc(-c3nnc(O)c4ccccc34)ccc2[nH]1";"Inhibition";"";"";"%";"";"";"Active";"UO_0000187";"";"";"";"";"0";"CHEMBL3118567";"Mixed type inhibition of Toxoplasma gondii TS-DHFR using dUMP as substrate at 25 uM by Michaelis-Menten plot analysis";"B";"BAO_0000357";"single protein format";"Toxoplasma gondii";"None";"None";"None";"None";"";"";"";"CHEMBL2425";"Dihydrofolate reductase";"Toxoplasma gondii";"SINGLE PROTEIN";"CHEMBL3112437";"1";"Scientific Literature";"Bioorg Med Chem Lett";"2014";"None";"";"";""
"CHEMBL1530518";"";"None";"335.32";"0";"3.06";"10, RJC00902";"COC(=O)Nc1nc2cc(-c3nnc(O)c4ccccc34)ccc2[nH]1";"IC50";"'='";"139000.0";"nM";"";"Outside typical range";"";"UO_0000065";"";"";"";"";"0";"CHEMBL3118568";"Inhibition of Toxoplasma gondii TS-DHFR by Michaelis-Menten plot analysis in presence of bovine serum albumin";"B";"BAO_0000357";"single protein format";"Toxoplasma gondii";"None";"None";"None";"None";"";"";"";"CHEMBL2425";"Dihydrofolate reductase";"Toxoplasma gondii";"SINGLE PROTEIN";"CHEMBL3112437";"1";"Scientific Literature";"Bioorg Med Chem Lett";"2014";"None";"";"";""
"CHEMBL1530518";"";"None";"335.32";"0";"3.06";"10, RJC00902";"COC(=O)Nc1nc2cc(-c3nnc(O)c4ccccc34)ccc2[nH]1";"IC50";"'='";"142000.0";"nM";"";"Outside typical range";"";"UO_0000065";"";"";"";"";"0";"CHEMBL3118569";"Inhibition of Toxoplasma gondii TS-DHFR using methylenetetrahydrofolate/dUMP as sustrate";"B";"BAO_0000357";"single protein format";"Toxoplasma gondii";"None";"None";"None";"None";"";"";"";"CHEMBL2425";"Dihydrofolate reductase";"Toxoplasma gondii";"SINGLE PROTEIN";"CHEMBL3112437";"1";"Scientific Literature";"Bioorg Med Chem Lett";"2014";"None";"";"";""
"CHEMBL3112972";"";"None";"429.32";"1";"6.73";"1, HTS10533";"O=C(Nc1ccccc1)OCc1ccc(-c2cc(C(F)(F)F)cc(C(F)(F)F)c2)o1";"IC50";"'='";"74000.0";"nM";"4.13";"";"";"UO_0000065";"9.62";"0.19";"-2.60";"8.03";"0";"CHEMBL3118571";"Inhibition of Toxoplasma gondii TS-DHFR using methylenetetrahydrofolate/dUMP as sustrate preincubated for 10 mins followed by substrate addition";"B";"BAO_0000357";"single protein format";"Toxoplasma gondii";"None";"None";"None";"None";"";"";"";"CHEMBL2425";"Dihydrofolate reductase";"Toxoplasma gondii";"SINGLE PROTEIN";"CHEMBL3112437";"1";"Scientific Literature";"Bioorg Med Chem Lett";"2014";"None";"";"";""
"CHEMBL3112973";"";"None";"466.30";"1";"7.45";"2, S05357";"FC(F)(F)c1cccc(N/N=C/c2ccc(-c3cc(C(F)(F)F)cc(C(F)(F)F)c3)o2)c1";"Inhibition";"'='";"50.0";"%";"";"";"";"UO_0000187";"";"";"";"";"0";"CHEMBL3118570";"Inhibition of Toxoplasma gondii TS-DHFR using methylenetetrahydrofolate/dUMP as sustrate at 100 uM preincubated for 10 mins followed by substrate addition";"B";"BAO_0000357";"single protein format";"Toxoplasma gondii";"None";"None";"None";"None";"";"";"";"CHEMBL2425";"Dihydrofolate reductase";"Toxoplasma gondii";"SINGLE PROTEIN";"CHEMBL3112437";"1";"Scientific Literature";"Bioorg Med Chem Lett";"2014";"None";"";"";""
"CHEMBL4582435";"";"None";"374.49";"0";"3.20";"21";"CCc1nc(N)nc(N)c1N1CCN(c2cccc(-c3ccccc3)c2)CC1";"IC50";"'='";"3.91";"nM";"8.41";"";"";"UO_0000065";"22.45";"0.41";"5.21";"9.97";"0";"CHEMBL4423789";"Inhibition of Toxoplasma gondii DHFR-TS expressed in Escherichia coli BL21 competent cells using DHF as substrate preincubated for 15 mins followed by substrate and NADPH addition and measured after 60 mins by resazurin dye based diaphorase-coupled assay";"B";"BAO_0000219";"cell-based format";"Toxoplasma gondii";"None";"None";"None";"None";"";"";"";"CHEMBL2425";"Dihydrofolate reductase";"Toxoplasma gondii";"SINGLE PROTEIN";"CHEMBL4422638";"1";"Scientific Literature";"J Med Chem";"2019";"None";"";"";""
"CHEMBL4468777";"FANOTAPRIM";"1.0";"378.44";"0";"1.43";"3";"COc1ncc(-c2cccc(N3CCN(c4cnc(N)nc4N)CC3)c2)cn1";"IC50";"'='";"1.57";"nM";"8.80";"";"";"UO_0000065";"23.26";"0.43";"7.37";"7.38";"0";"CHEMBL4423789";"Inhibition of Toxoplasma gondii DHFR-TS expressed in Escherichia coli BL21 competent cells using DHF as substrate preincubated for 15 mins followed by substrate and NADPH addition and measured after 60 mins by resazurin dye based diaphorase-coupled assay";"B";"BAO_0000219";"cell-based format";"Toxoplasma gondii";"None";"None";"None";"None";"";"";"";"CHEMBL2425";"Dihydrofolate reductase";"Toxoplasma gondii";"SINGLE PROTEIN";"CHEMBL4422638";"1";"Scientific Literature";"J Med Chem";"2019";"None";"";"";""
"CHEMBL4546142";"";"None";"300.37";"0";"0.98";"16";"COc1cccc(N2CCN(c3cnc(N)nc3N)CC2)c1";"IC50";"'='";"57.8";"nM";"7.24";"";"";"UO_0000065";"24.10";"0.45";"6.26";"7.74";"0";"CHEMBL4423789";"Inhibition of Toxoplasma gondii DHFR-TS expressed in Escherichia coli BL21 competent cells using DHF as substrate preincubated for 15 mins followed by substrate and NADPH addition and measured after 60 mins by resazurin dye based diaphorase-coupled assay";"B";"BAO_0000219";"cell-based format";"Toxoplasma gondii";"None";"None";"None";"None";"";"";"";"CHEMBL2425";"Dihydrofolate reductase";"Toxoplasma gondii";"SINGLE PROTEIN";"CHEMBL4422638";"1";"Scientific Literature";"J Med Chem";"2019";"None";"";"";""
"CHEMBL4549054";"";"None";"284.37";"0";"1.28";"11";"Cc1cccc(N2CCN(c3cnc(N)nc3N)CC2)c1";"IC50";"'='";"75.3";"nM";"7.12";"";"";"UO_0000065";"25.05";"0.46";"5.84";"8.45";"0";"CHEMBL4423789";"Inhibition of Toxoplasma gondii DHFR-TS expressed in Escherichia coli BL21 competent cells using DHF as substrate preincubated for 15 mins followed by substrate and NADPH addition and measured after 60 mins by resazurin dye based diaphorase-coupled assay";"B";"BAO_0000219";"cell-based format";"Toxoplasma gondii";"None";"None";"None";"None";"";"";"";"CHEMBL2425";"Dihydrofolate reductase";"Toxoplasma gondii";"SINGLE PROTEIN";"CHEMBL4422638";"1";"Scientific Literature";"J Med Chem";"2019";"None";"";"";""
"CHEMBL3099582";"";"None";"358.43";"0";"4.29";"1";"Nc1nc2[nH]c3cccc(Sc4ccc5ccccc5c4)c3c2c(=O)[nH]1";"IC50";"'='";"21.0";"nM";"7.68";"";"";"UO_0000065";"21.42";"0.40";"3.39";"8.77";"0";"CHEMBL3101467";"Inhibition of wild type Toxoplasma gondii TS-DHFR expressed in Escherichia coli BL21 using dUMP and methylene-THF as substrate by kaleidagraph analysis";"B";"BAO_0000366";"cell-free format";"Toxoplasma gondii";"CHEMBL3559721";"Plasma";"None";"None";"";"";"";"CHEMBL2425";"Dihydrofolate reductase";"Toxoplasma gondii";"SINGLE PROTEIN";"CHEMBL3098035";"1";"Scientific Literature";"ACS Med Chem Lett";"2013";"None";"";"";""
"CHEMBL3906933";"";"None";"273.73";"0";"2.45";"22";"Cn1c(-c2cccc(Cl)c2)cc2c(N)nc(N)nc21";"IC50";"'>'";"10000.0";"nM";"";"";"";"UO_0000065";"";"";"";"";"0";"CHEMBL3867372";"Inhibition of Toxoplasma gondii TS-DHFR expressed in Escherichia coli BL21 preincubated for 15 mins followed by addition of DHF as substrate and NADPH measured after 60 mins by resazurin/diaphorase coupled assay";"B";"BAO_0000366";"cell-free format";"Toxoplasma gondii";"CHEMBL3559721";"Plasma";"None";"None";"";"";"";"CHEMBL2425";"Dihydrofolate reductase";"Toxoplasma gondii";"SINGLE PROTEIN";"CHEMBL3865850";"1";"Scientific Literature";"ACS Med Chem Lett";"2016";"None";"";"";""
"CHEMBL3935452";"";"None";"279.13";"0";"3.51";"20";"Nc1nc(Cl)c2cc(-c3cccc(Cl)c3)[nH]c2n1";"IC50";"'>'";"10000.0";"nM";"";"";"";"UO_0000065";"";"";"";"";"0";"CHEMBL3867372";"Inhibition of Toxoplasma gondii TS-DHFR expressed in Escherichia coli BL21 preincubated for 15 mins followed by addition of DHF as substrate and NADPH measured after 60 mins by resazurin/diaphorase coupled assay";"B";"BAO_0000366";"cell-free format";"Toxoplasma gondii";"CHEMBL3559721";"Plasma";"None";"None";"";"";"";"CHEMBL2425";"Dihydrofolate reductase";"Toxoplasma gondii";"SINGLE PROTEIN";"CHEMBL3865850";"1";"Scientific Literature";"ACS Med Chem Lett";"2016";"None";"";"";""
"CHEMBL3962899";"";"None";"260.68";"0";"2.15";"19";"Nc1nc2[nH]c(-c3cccc(Cl)c3)cc2c(=O)[nH]1";"IC50";"'>'";"10000.0";"nM";"";"";"";"UO_0000065";"";"";"";"";"0";"CHEMBL3867372";"Inhibition of Toxoplasma gondii TS-DHFR expressed in Escherichia coli BL21 preincubated for 15 mins followed by addition of DHF as substrate and NADPH measured after 60 mins by resazurin/diaphorase coupled assay";"B";"BAO_0000366";"cell-free format";"Toxoplasma gondii";"CHEMBL3559721";"Plasma";"None";"None";"";"";"";"CHEMBL2425";"Dihydrofolate reductase";"Toxoplasma gondii";"SINGLE PROTEIN";"CHEMBL3865850";"1";"Scientific Literature";"ACS Med Chem Lett";"2016";"None";"";"";""
"CHEMBL3980903";"";"None";"279.35";"0";"2.68";"14";"Cn1cc(-c2c(N)nc(N)nc2C2CC2)c2ccccc21";"IC50";"'='";"460.0";"nM";"6.34";"";"";"UO_0000065";"22.69";"0.41";"3.66";"7.66";"0";"CHEMBL3867372";"Inhibition of Toxoplasma gondii TS-DHFR expressed in Escherichia coli BL21 preincubated for 15 mins followed by addition of DHF as substrate and NADPH measured after 60 mins by resazurin/diaphorase coupled assay";"B";"BAO_0000366";"cell-free format";"Toxoplasma gondii";"CHEMBL3559721";"Plasma";"None";"None";"";"";"";"CHEMBL2425";"Dihydrofolate reductase";"Toxoplasma gondii";"SINGLE PROTEIN";"CHEMBL3865850";"1";"Scientific Literature";"ACS Med Chem Lett";"2016";"None";"";"";""
"CHEMBL4459877";"";"None";"360.47";"0";"2.94";"20";"Cc1nc(N)nc(N)c1N1CCN(c2cccc(-c3ccccc3)c2)CC1";"IC50";"'='";"9.19";"nM";"8.04";"";"";"UO_0000065";"22.30";"0.41";"5.10";"9.53";"0";"CHEMBL4423789";"Inhibition of Toxoplasma gondii DHFR-TS expressed in Escherichia coli BL21 competent cells using DHF as substrate preincubated for 15 mins followed by substrate and NADPH addition and measured after 60 mins by resazurin dye based diaphorase-coupled assay";"B";"BAO_0000219";"cell-based format";"Toxoplasma gondii";"None";"None";"None";"None";"";"";"";"CHEMBL2425";"Dihydrofolate reductase";"Toxoplasma gondii";"SINGLE PROTEIN";"CHEMBL4422638";"1";"Scientific Literature";"J Med Chem";"2019";"None";"";"";""
"CHEMBL4535103";"";"None";"338.34";"0";"1.99";"17";"Nc1ncc(N2CCN(c3cccc(C(F)(F)F)c3)CC2)c(N)n1";"IC50";"'='";"62.1";"nM";"7.21";"";"";"UO_0000065";"21.30";"0.41";"5.22";"8.55";"0";"CHEMBL4423789";"Inhibition of Toxoplasma gondii DHFR-TS expressed in Escherichia coli BL21 competent cells using DHF as substrate preincubated for 15 mins followed by substrate and NADPH addition and measured after 60 mins by resazurin dye based diaphorase-coupled assay";"B";"BAO_0000219";"cell-based format";"Toxoplasma gondii";"None";"None";"None";"None";"";"";"";"CHEMBL2425";"Dihydrofolate reductase";"Toxoplasma gondii";"SINGLE PROTEIN";"CHEMBL4422638";"1";"Scientific Literature";"J Med Chem";"2019";"None";"";"";""
"CHEMBL4466302";"";"None";"348.41";"0";"1.42";"27";"Nc1ncc(N2CCN(c3cccc(-c4cnccn4)c3)CC2)c(N)n1";"IC50";"'='";"10.3";"nM";"7.99";"";"";"UO_0000065";"22.92";"0.42";"6.57";"7.26";"0";"CHEMBL4423789";"Inhibition of Toxoplasma gondii DHFR-TS expressed in Escherichia coli BL21 competent cells using DHF as substrate preincubated for 15 mins followed by substrate and NADPH addition and measured after 60 mins by resazurin dye based diaphorase-coupled assay";"B";"BAO_0000219";"cell-based format";"Toxoplasma gondii";"None";"None";"None";"None";"";"";"";"CHEMBL2425";"Dihydrofolate reductase";"Toxoplasma gondii";"SINGLE PROTEIN";"CHEMBL4422638";"1";"Scientific Literature";"J Med Chem";"2019";"None";"";"";""
"CHEMBL4591654";"";"None";"347.43";"0";"2.03";"24";"Nc1ncc(N2CCN(c3cccc(-c4ccncc4)c3)CC2)c(N)n1";"IC50";"'='";"4.34";"nM";"8.36";"";"";"UO_0000065";"24.07";"0.44";"6.33";"8.60";"0";"CHEMBL4423789";"Inhibition of Toxoplasma gondii DHFR-TS expressed in Escherichia coli BL21 competent cells using DHF as substrate preincubated for 15 mins followed by substrate and NADPH addition and measured after 60 mins by resazurin dye based diaphorase-coupled assay";"B";"BAO_0000219";"cell-based format";"Toxoplasma gondii";"None";"None";"None";"None";"";"";"";"CHEMBL2425";"Dihydrofolate reductase";"Toxoplasma gondii";"SINGLE PROTEIN";"CHEMBL4422638";"1";"Scientific Literature";"J Med Chem";"2019";"None";"";"";""
"CHEMBL4525462";"";"None";"284.37";"0";"1.28";"12";"Cc1ccc(N2CCN(c3cnc(N)nc3N)CC2)cc1";"IC50";"'='";"181.0";"nM";"6.74";"";"";"UO_0000065";"23.71";"0.44";"5.46";"8.00";"0";"CHEMBL4423789";"Inhibition of Toxoplasma gondii DHFR-TS expressed in Escherichia coli BL21 competent cells using DHF as substrate preincubated for 15 mins followed by substrate and NADPH addition and measured after 60 mins by resazurin dye based diaphorase-coupled assay";"B";"BAO_0000219";"cell-based format";"Toxoplasma gondii";"None";"None";"None";"None";"";"";"";"CHEMBL2425";"Dihydrofolate reductase";"Toxoplasma gondii";"SINGLE PROTEIN";"CHEMBL4422638";"1";"Scientific Literature";"J Med Chem";"2019";"None";"";"";""
"CHEMBL3099580";"";"None";"308.37";"0";"3.14";"2";"Nc1nc2[nH]c3cccc(Sc4ccccc4)c3c2c(=O)[nH]1";"IC50";"'='";"23.0";"nM";"7.64";"";"";"UO_0000065";"24.77";"0.47";"4.50";"8.72";"0";"CHEMBL3101467";"Inhibition of wild type Toxoplasma gondii TS-DHFR expressed in Escherichia coli BL21 using dUMP and methylene-THF as substrate by kaleidagraph analysis";"B";"BAO_0000366";"cell-free format";"Toxoplasma gondii";"CHEMBL3559721";"Plasma";"None";"None";"";"";"";"CHEMBL2425";"Dihydrofolate reductase";"Toxoplasma gondii";"SINGLE PROTEIN";"CHEMBL3098035";"1";"Scientific Literature";"ACS Med Chem Lett";"2013";"None";"";"";""
"CHEMBL3970251";"";"None";"383.38";"0";"4.33";"4";"Nc1ncc(Cn2ccc3c(-c4ccc(C(F)(F)F)cc4)cccc32)c(N)n1";"IC50";"'='";"2700.0";"nM";"5.57";"";"";"UO_0000065";"14.53";"0.27";"1.24";"6.73";"0";"CHEMBL3867372";"Inhibition of Toxoplasma gondii TS-DHFR expressed in Escherichia coli BL21 preincubated for 15 mins followed by addition of DHF as substrate and NADPH measured after 60 mins by resazurin/diaphorase coupled assay";"B";"BAO_0000366";"cell-free format";"Toxoplasma gondii";"CHEMBL3559721";"Plasma";"None";"None";"";"";"";"CHEMBL2425";"Dihydrofolate reductase";"Toxoplasma gondii";"SINGLE PROTEIN";"CHEMBL3865850";"1";"Scientific Literature";"ACS Med Chem Lett";"2016";"None";"";"";""
"CHEMBL3948504";"";"None";"350.81";"0";"3.36";"1";"Nc1ncc(Cn2cc(-c3cccc(Cl)c3)c3cccnc32)c(N)n1";"IC50";"'>'";"10000.0";"nM";"";"";"";"UO_0000065";"";"";"";"";"0";"CHEMBL3867372";"Inhibition of Toxoplasma gondii TS-DHFR expressed in Escherichia coli BL21 preincubated for 15 mins followed by addition of DHF as substrate and NADPH measured after 60 mins by resazurin/diaphorase coupled assay";"B";"BAO_0000366";"cell-free format";"Toxoplasma gondii";"CHEMBL3559721";"Plasma";"None";"None";"";"";"";"CHEMBL2425";"Dihydrofolate reductase";"Toxoplasma gondii";"SINGLE PROTEIN";"CHEMBL3865850";"1";"Scientific Literature";"ACS Med Chem Lett";"2016";"None";"";"";""
"CHEMBL4456834";"";"None";"304.79";"0";"1.62";"15";"Nc1ncc(N2CCN(c3ccc(Cl)cc3)CC2)c(N)n1";"IC50";"'='";"45.9";"nM";"7.34";"";"";"UO_0000065";"24.08";"0.48";"5.72";"8.70";"0";"CHEMBL4423789";"Inhibition of Toxoplasma gondii DHFR-TS expressed in Escherichia coli BL21 competent cells using DHF as substrate preincubated for 15 mins followed by substrate and NADPH addition and measured after 60 mins by resazurin dye based diaphorase-coupled assay";"B";"BAO_0000219";"cell-based format";"Toxoplasma gondii";"None";"None";"None";"None";"";"";"";"CHEMBL2425";"Dihydrofolate reductase";"Toxoplasma gondii";"SINGLE PROTEIN";"CHEMBL4422638";"1";"Scientific Literature";"J Med Chem";"2019";"None";"";"";""
"CHEMBL3953119";"";"None";"346.44";"0";"2.63";"2; TRC-19";"Nc1ncc(N2CCN(c3cccc(-c4ccccc4)c3)CC2)c(N)n1";"IC50";"'='";"8.76";"nM";"8.06";"";"";"UO_0000065";"23.26";"0.42";"5.43";"9.56";"1";"CHEMBL4423789";"Inhibition of Toxoplasma gondii DHFR-TS expressed in Escherichia coli BL21 competent cells using DHF as substrate preincubated for 15 mins followed by substrate and NADPH addition and measured after 60 mins by resazurin dye based diaphorase-coupled assay";"B";"BAO_0000219";"cell-based format";"Toxoplasma gondii";"None";"None";"None";"None";"";"";"";"CHEMBL2425";"Dihydrofolate reductase";"Toxoplasma gondii";"SINGLE PROTEIN";"CHEMBL4422638";"1";"Scientific Literature";"J Med Chem";"2019";"None";"";"";""
"CHEMBL4552468";"";"None";"346.44";"0";"2.63";"9";"Nc1ncc(N2CCN(c3ccc(-c4ccccc4)cc3)CC2)c(N)n1";"IC50";"'='";"31.5";"nM";"7.50";"";"";"UO_0000065";"21.65";"0.39";"4.87";"8.90";"0";"CHEMBL4423789";"Inhibition of Toxoplasma gondii DHFR-TS expressed in Escherichia coli BL21 competent cells using DHF as substrate preincubated for 15 mins followed by substrate and NADPH addition and measured after 60 mins by resazurin dye based diaphorase-coupled assay";"B";"BAO_0000219";"cell-based format";"Toxoplasma gondii";"None";"None";"None";"None";"";"";"";"CHEMBL2425";"Dihydrofolate reductase";"Toxoplasma gondii";"SINGLE PROTEIN";"CHEMBL4422638";"1";"Scientific Literature";"J Med Chem";"2019";"None";"";"";""
"CHEMBL4461133";"";"None";"347.43";"0";"2.03";"23";"Nc1ncc(N2CCN(c3cccc(-c4cccnc4)c3)CC2)c(N)n1";"IC50";"'='";"2.68";"nM";"8.57";"";"";"UO_0000065";"24.67";"0.45";"6.54";"8.82";"0";"CHEMBL4423789";"Inhibition of Toxoplasma gondii DHFR-TS expressed in Escherichia coli BL21 competent cells using DHF as substrate preincubated for 15 mins followed by substrate and NADPH addition and measured after 60 mins by resazurin dye based diaphorase-coupled assay";"B";"BAO_0000219";"cell-based format";"Toxoplasma gondii";"None";"None";"None";"None";"";"";"";"CHEMBL2425";"Dihydrofolate reductase";"Toxoplasma gondii";"SINGLE PROTEIN";"CHEMBL4422638";"1";"Scientific Literature";"J Med Chem";"2019";"None";"";"";""
